所在文件夹,文件名
\B站视频,剪映BGM工程文件截图
\B站视频\剪映BGM工程文件截图,15.png
\B站视频\剪映BGM工程文件截图,26-6.png
\B站视频\剪映BGM工程文件截图,16.png
\B站视频\剪映BGM工程文件截图,26-5.png
\B站视频\剪映BGM工程文件截图,26-4.png
\B站视频\剪映BGM工程文件截图,26-3.png
\B站视频\剪映BGM工程文件截图,26-1.png
\B站视频\剪映BGM工程文件截图,18.png
\B站视频\剪映BGM工程文件截图,24.png
\B站视频\剪映BGM工程文件截图,26-2.png
\B站视频\剪映BGM工程文件截图,23.png
\B站视频\剪映BGM工程文件截图,7.png
\B站视频\剪映BGM工程文件截图,5.png
\B站视频\剪映BGM工程文件截图,8.png
\B站视频\剪映BGM工程文件截图,6.png
\B站视频\剪映BGM工程文件截图,9.png
\B站视频\剪映BGM工程文件截图,4.png
\B站视频\剪映BGM工程文件截图,14-2.png
\B站视频\剪映BGM工程文件截图,14-1.png
\B站视频\剪映BGM工程文件截图,10.png
\B站视频\剪映BGM工程文件截图,12.png
\B站视频,25_20240514_沉浸观察：不知道一晚上能发几度电的四驱肥瓜子_20260419.mp4
\B站视频,24_20240513~20240514_打呵欠，睡大觉，鼠鼠的日常就是自在_20260419.mp4
\B站视频,26_20240514_沉浸观察：有新粮就不吃旧屎了_20260501.mp4
\B站视频,23_20240512_沉浸观察：比起堂食还是更喜欢打包_20260419.mp4
\B站视频,22_20240513_探索世界未半而中道找地睡觉_20260418.mp4
\B站视频,16_20240510_沉浸观察：鼠牌小马达_20260408.mp4
\B站视频,17_20240511_只用单边颊囊的蓬松小鼠_20260410.mp4
\B站视频,18_20240512_苹果枝调戏小仓鼠_20260416.mp4
\B站视频,19_20240512_仓鼠是用鼻子探索世界的_20260417.mp4
\B站视频,21_20240512_外带杯托可以拿给仓鼠玩_20260417.mp4
\B站视频,20_20240512_仓鼠和纸筒较劲_20260417.mp4
\B站视频,15_20240510_伸懒腰，喝水，钻纸筒，睡跑盘_20260405.mp4
\B站视频,6_20240501_沉浸观察：揉揉脸，动动嘴，原地进食4分钟_20260324.mp4
\B站视频,12_20240509_仓鼠脑子小，所以呆呆的_20260330.mp4
\B站视频,11_20240508_沉浸观察：仓鼠重要日程——藏宝+口水浴_20260327.mp4
\B站视频,8_20240504~20240507_仓鼠的脑袋里也有烦恼吗_20260325.mp4
\B站视频,3_20240429_沉浸观察：吃→自清洁→吃→睡觉预备_20260322.mp4
\B站视频,9_20240508~20240509_鼠生就是吃吃睡睡洗洗动动_20260327.mp4
\B站视频,13_20240509_沉浸观察：仓鼠激情跑步，夜间活动速度超快_20260403.mp4
\B站视频,1_20240425~20240427_因为木有耳朵，所以叫木耳_20260320.mp4
\B站视频,7_20240502~20240503_刚认识没多久，看什么都新鲜，喝水也能看很久_20260325.mp4
\B站视频,视频序号_拍摄日期_视频标题_剪辑日期.txt
\B站视频,10_20240508_沉浸观察：吃饱喝足伸懒腰——从吃到睡需要绕场一周_20260327.mp4
\B站视频,5_20240501_天朗气清好睡觉——仓鼠的花样睡姿_20260324.mp4
\B站视频,2_20240428~20240429_换了收纳箱，买了磨牙棒，用闲置早餐机的烤盘当冰垫_20260322.mp4
\B站视频,4_20240430~20240501_风吹草动先翘脚_20260324.mp4
\B站视频,14_20240509_沉浸观察：仓鼠吃饭——是在玩，还是想把大块食物摔碎，也可能是想把不爱吃的扔掉_20260405.mp4
\收藏馆（核心馆）,默读广播剧
\收藏馆（核心馆）\默读广播剧,默读.第5季.完结番外06·万家灯火.mp3
\收藏馆（核心馆）\默读广播剧,默读.第5季.22 END.mp3
\收藏馆（核心馆）\默读广播剧,默读.第5季.完结番外01·向阳而生.mp3
\收藏馆（核心馆）\默读广播剧,默读.第5季.完结番外03·脚印.mp3
\收藏馆（核心馆）\默读广播剧,默读.第5季.19.mp3
\收藏馆（核心馆）\默读广播剧,默读.第5季.完结番外04·一地猫毛.mp3
\收藏馆（核心馆）\默读广播剧,默读.第5季.13.mp3
\收藏馆（核心馆）\默读广播剧,默读.第5季.完结番外05·小猫猫.mp3
\收藏馆（核心馆）\默读广播剧,默读.第5季.完结番外02·从今以后.mp3
\收藏馆（核心馆）\默读广播剧,默读.第5季.14.mp3
\收藏馆（核心馆）\默读广播剧,默读.第5季.21.mp3
\收藏馆（核心馆）\默读广播剧,默读.第5季.17.mp3
\收藏馆（核心馆）\默读广播剧,默读.第5季.16.mp3
\收藏馆（核心馆）\默读广播剧,默读.第5季.18.mp3
\收藏馆（核心馆）\默读广播剧,默读.第5季.20.mp3
\收藏馆（核心馆）\默读广播剧,默读.第5季.15.mp3
\收藏馆（核心馆）\默读广播剧,默读.第5季.06.mp3
\收藏馆（核心馆）\默读广播剧,默读.第5季.12.mp3
\收藏馆（核心馆）\默读广播剧,默读.第4季.14.mp3
\收藏馆（核心馆）\默读广播剧,默读.第5季.10.mp3
\收藏馆（核心馆）\默读广播剧,默读.第5季.09.mp3
\收藏馆（核心馆）\默读广播剧,默读.第5季.11.mp3
\收藏馆（核心馆）\默读广播剧,默读.第5季.07.mp3
\收藏馆（核心馆）\默读广播剧,默读.第5季.08.mp3
\收藏馆（核心馆）\默读广播剧,默读.第4季.13.mp3
\收藏馆（核心馆）\默读广播剧,默读.第4季.08.mp3
\收藏馆（核心馆）\默读广播剧,默读.第5季.03.mp3
\收藏馆（核心馆）\默读广播剧,默读.第5季.04.mp3
\收藏馆（核心馆）\默读广播剧,默读.第5季.05.mp3
\收藏馆（核心馆）\默读广播剧,默读.第5季.01.mp3
\收藏馆（核心馆）\默读广播剧,默读.第4季.15.mp3
\收藏馆（核心馆）\默读广播剧,默读.第5季.02.mp3
\收藏馆（核心馆）\默读广播剧,默读.第4季.10.mp3
\收藏馆（核心馆）\默读广播剧,默读.第4季.16END.mp3
\收藏馆（核心馆）\默读广播剧,默读.第4季.圣诞小剧场·骆一锅的一天.mp3
\收藏馆（核心馆）\默读广播剧,默读.第4季.中秋小剧场.mp3
\收藏馆（核心馆）\默读广播剧,默读.第4季.12.mp3
\收藏馆（核心馆）\默读广播剧,默读.第4季.09.mp3
\收藏馆（核心馆）\默读广播剧,默读.第4季.04.mp3
\收藏馆（核心馆）\默读广播剧,默读.第4季.11.mp3
\收藏馆（核心馆）\默读广播剧,默读.第4季.03.mp3
\收藏馆（核心馆）\默读广播剧,默读.第4季.01.mp3
\收藏馆（核心馆）\默读广播剧,默读.第4季.02.mp3
\收藏馆（核心馆）\默读广播剧,默读.第4季.07.mp3
\收藏馆（核心馆）\默读广播剧,默读.第4季.05.mp3
\收藏馆（核心馆）\默读广播剧,默读.第4季.06.mp3
\收藏馆（核心馆）\默读广播剧,默读.第3季.第08话.mp3
\收藏馆（核心馆）\默读广播剧,默读.第3季.第13话END.mp3
\收藏馆（核心馆）\默读广播剧,默读.第3季.第10话.mp3
\收藏馆（核心馆）\默读广播剧,默读.第3季.第12话.mp3
\收藏馆（核心馆）\默读广播剧,默读.第3季.第04话.mp3
\收藏馆（核心馆）\默读广播剧,默读.第3季.第11话.mp3
\收藏馆（核心馆）\默读广播剧,默读.第3季.第09话.mp3
\收藏馆（核心馆）\默读广播剧,默读.第3季.第02话.mp3
\收藏馆（核心馆）\默读广播剧,默读.第3季.第09话重制版.mp3
\收藏馆（核心馆）\默读广播剧,默读.第2季.第05话.mp3
\收藏馆（核心馆）\默读广播剧,默读.第3季.第06话.mp3
\收藏馆（核心馆）\默读广播剧,默读.第3季.第07话.mp3
\收藏馆（核心馆）\默读广播剧,默读.第2季.第11话.MP3
\收藏馆（核心馆）\默读广播剧,默读.第3季.第05话.mp3
\收藏馆（核心馆）\默读广播剧,默读.第3季.第01话.mp3
\收藏馆（核心馆）\默读广播剧,默读.第3季.第03话.mp3
\收藏馆（核心馆）\默读广播剧,默读.第2季.第08话.mp3
\收藏馆（核心馆）\默读广播剧,默读.第2季.第09话.mp3
\收藏馆（核心馆）\默读广播剧,默读.第3季.新春特别篇.片儿汤侠.mp3
\收藏馆（核心馆）\默读广播剧,默读.第3季.甜甜生日特别篇.mp3
\收藏馆（核心馆）\默读广播剧,默读.第2季.第10话.MP3
\收藏馆（核心馆）\默读广播剧,默读.第2季.第03话.mp3
\收藏馆（核心馆）\默读广播剧,默读.第2季.第07话.MP3
\收藏馆（核心馆）\默读广播剧,默读.第2季.第06话.MP3
\收藏馆（核心馆）\默读广播剧,默读.第2季.第02话.mp3
\收藏馆（核心馆）\默读广播剧,默读.第2季.第01话.mp3
\收藏馆（核心馆）\默读广播剧,默读.第2季.第04话.mp3
\收藏馆（核心馆）\默读广播剧,默读.第1季.10.mp3
\收藏馆（核心馆）\默读广播剧,默读.第1季.09.mp3
\收藏馆（核心馆）\默读广播剧,默读.第2季.小剧场.圣诞特别篇.mp3
\收藏馆（核心馆）\默读广播剧,默读.第1季.中秋特供小剧场《送月饼》.mp3
\收藏馆（核心馆）\默读广播剧,默读.第1季.08.mp3
\收藏馆（核心馆）\默读广播剧,默读.第1季.07.MP3
\收藏馆（核心馆）\默读广播剧,默读.第1季.06.mp3
\收藏馆（核心馆）\默读广播剧,默读.第1季.04.mp3
\收藏馆（核心馆）\默读广播剧,默读.第1季.05.mp3
\收藏馆（核心馆）\默读广播剧,默读.第1季.03.mp3
\收藏馆（核心馆）\默读广播剧,默读.第1季.02.mp3
\收藏馆（核心馆）\默读广播剧,默读.第1季.01.mp3
\收藏馆（核心馆）,音乐
\收藏馆（核心馆）\音乐,纯音乐
\收藏馆（核心馆）\音乐\纯音乐,鹤形 - 西皮士.flac
\收藏馆（核心馆）\音乐\纯音乐,灵魂君生 - 灵魂摆渡插曲.mp3
\收藏馆（核心馆）\音乐\纯音乐,青石巷 - 魏琮霏.flac
\收藏馆（核心馆）\音乐\纯音乐,混形 - 西皮士.flac
\收藏馆（核心馆）\音乐\纯音乐,路过人间 - 王小卫David.mp3
\收藏馆（核心馆）\音乐\纯音乐,起风了(南箫) - (av44867905).mp3
\收藏馆（核心馆）\音乐\纯音乐,忘川之繁花相送 - 穆清风&韩君.flac
\收藏馆（核心馆）\音乐\纯音乐,江东(伴奏) - 艳子.flac
\收藏馆（核心馆）\音乐\纯音乐,君生吾未生(离别) - 灵魂摆渡插曲.mp3
\收藏馆（核心馆）\音乐\纯音乐,弱水三千(箫) - 箫音如水 .flac
\收藏馆（核心馆）\音乐\纯音乐,志摩一未 - 得田真裕.mp3
\收藏馆（核心馆）\音乐\纯音乐,帰ってこなかったらどうしよう - 得田真裕.mp3
\收藏馆（核心馆）\音乐\纯音乐,缺口(伴奏) - 林凡.mp3
\收藏馆（核心馆）\音乐\纯音乐,耍猴儿(无人声) - (av285503916).mp3
\收藏馆（核心馆）\音乐\纯音乐,缺口(钢琴) - 林凡.mp3
\收藏馆（核心馆）\音乐\纯音乐,双门洞 - 林桦柽.flac
\收藏馆（核心馆）\音乐\纯音乐,君生吾未生(前世) - 灵魂摆渡插曲.mp3
\收藏馆（核心馆）\音乐\纯音乐,君生吾未生(来世) - 灵魂摆渡插曲.mp3
\收藏馆（核心馆）\音乐\纯音乐,君生吾未生(重逢) - 灵魂摆渡插曲.mp3
\收藏馆（核心馆）\音乐\纯音乐,メリー・クリスマス・Mr.ローレンス - 坂本龍一.flac
\收藏馆（核心馆）\音乐\纯音乐,Welcome Back - Brasstracks.flac
\收藏馆（核心馆）\音乐\纯音乐,Travelers (From Outer Wilds) - Kain White.flac
\收藏馆（核心馆）\音乐\纯音乐,Merry Christmas Mr. Lawrence - 坂本龍一.flac
\收藏馆（核心馆）\音乐\纯音乐,大主题 - 孟可.mp3
\收藏馆（核心馆）\音乐\纯音乐,象王行(特别版) - 关大洲.mp3
\收藏馆（核心馆）\音乐\纯音乐,ファーザー・クリスマス - 坂本龍一.flac
\收藏馆（核心馆）\音乐\纯音乐,かたわれ時 - RADWIMPS.flac
\收藏馆（核心馆）\音乐\纯音乐,主题 动态版 - 孟可.flac
\收藏馆（核心馆）\音乐\纯音乐,IKEMEN Boogie - 河野伸.flac
\收藏馆（核心馆）\音乐\纯音乐,IKEMEN BoogieNights - 河野伸.flac
\收藏馆（核心馆）\音乐\纯音乐,Tyndall - Youzee Music.flac
\收藏馆（核心馆）\音乐\纯音乐,Les rues de Paris - Nicolas Godin.flac
\收藏馆（核心馆）\音乐\纯音乐,Mother - 久石譲.flac
\收藏馆（核心馆）\音乐\纯音乐,Echoes of the Eye - Andrew Prahlow.flac
\收藏馆（核心馆）\音乐\纯音乐,green to blue - Aurenth.flac
\收藏馆（核心馆）\音乐\纯音乐,Outer Wilds - Andrew Prahlow.mp3
\收藏馆（核心馆）\音乐\纯音乐,Merry Christmas Mr. Lawrence(钢琴) - 坂本龍一.flac
\收藏馆（核心馆）\音乐\纯音乐,4機捜 - 得田真裕.flac
\收藏馆（核心馆）\音乐\纯音乐,主题 - 孟可.mp3
\收藏馆（核心馆）\音乐\纯音乐,主题2 舒缓版 - 孟可.mp3
\收藏馆（核心馆）\音乐,欧美
\收藏馆（核心馆）\音乐\欧美,Stayin' Alive - Bee Gees.flac
\收藏馆（核心馆）\音乐\欧美,Your Style - J. Williams&Erakah.flac
\收藏馆（核心馆）\音乐\欧美,Tonight(Best You Ever Had) - John Legend&Ludacris.flac
\收藏馆（核心馆）\音乐\欧美,Smooth Criminal - Michael Jackson.flac
\收藏馆（核心馆）\音乐\欧美,Southern Nights - Glen Campbell.flac
\收藏馆（核心馆）\音乐\欧美,Play That Funky Music - Wild Cherry.flac
\收藏馆（核心馆）\音乐\欧美,P.Y.T.(Pretty Young Thing) - Michael Jackson.flac
\收藏馆（核心馆）\音乐\欧美,Morning Sun - Robin Thicke.flac
\收藏馆（核心馆）\音乐\欧美,Not Angry - Chris James.flac
\收藏馆（核心馆）\音乐\欧美,Last Christmas - Wham!.flac
\收藏馆（核心馆）\音乐\欧美,You're My Music - Brian Culbertson&Noel Gourdin.flac
\收藏馆（核心馆）\音乐\欧美,Vinyl is My Bible - Brother Strut.flac
\收藏馆（核心馆）\音乐\欧美,In My Life (Remastered) - The Beatles.flac
\收藏馆（核心馆）\音乐\欧美,I Blame You - Ledisi.flac
\收藏馆（核心馆）\音乐\欧美,Blood on the Dance Floor - Michael Jackson.flac
\收藏馆（核心馆）\音乐\欧美,I'm Callin' - Tennis.flac
\收藏馆（核心馆）\音乐\欧美,Hearts Like a Knife - Far Lands.flac
\收藏馆（核心馆）\音乐\欧美,Funkin' Like My Father - Brian Culbertson.flac
\收藏馆（核心馆）\音乐\欧美,Everyday Joe - Brother Strut.flac
\收藏馆（核心馆）\音乐\欧美,Blind Eye - Brother Strut&Megan Henwood.flac
\收藏馆（核心馆）\音乐,日韩
\收藏馆（核心馆）\音乐\日韩,잘 알지도 못하면서 (明明都不知道) - 金艺林.flac
\收藏馆（核心馆）\音乐\日韩,으르렁 (Growl) - EXO.flac
\收藏馆（核心馆）\音乐\日韩,밤이 깊었네 Oh! What a Shiny Night - Crying Nut.flac
\收藏馆（核心馆）\音乐\日韩,썸 - 多愿&秀斌&雪娥&郑基高.mp3
\收藏馆（核心馆）\音乐\日韩,넌 내게 반했어 (Drama Ver.) - 미도와 파라솔.flac
\收藏馆（核心馆）\音乐\日韩,밤이 깊었네 (Drama Ver.) - 미도와 파라솔.flac
\收藏馆（核心馆）\音乐\日韩,飛行艇 - King Gnu.flac
\收藏馆（核心馆）\音乐\日韩,風見鶏 - 嵐.flac
\收藏馆（核心馆）\音乐\日韩,潮風 - 岡崎体育.flac
\收藏馆（核心馆）\音乐\日韩,恋するフォーチュンクッキー - AKB48.flac
\收藏馆（核心馆）\音乐\日韩,踊り子 - Vaundy.flac
\收藏馆（核心馆）\音乐\日韩,祈りのメロディ - 家入レオ.flac
\收藏馆（核心馆）\音乐\日韩,胸がドキドキ - ↑THE HIGH - LOWS↓.flac
\收藏馆（核心馆）\音乐\日韩,恋 - 星野源.flac
\收藏馆（核心馆）\音乐\日韩,月恋歌 (圈套片尾曲) - 熊谷育美.flac
\收藏馆（核心馆）\音乐\日韩,神のまにまに (神的随波逐流) - 三无Marblue&子弥.mp3
\收藏馆（核心馆）\音乐\日韩,何なんw - 藤井风.flac
\收藏馆（核心馆）\音乐\日韩,喜劇 - 星野源.flac
\收藏馆（核心馆）\音乐\日韩,前前前世 (Movie ver.) - RADWIMPS.flac
\收藏馆（核心馆）\音乐\日韩,夢灯籠 - RADWIMPS.flac
\收藏馆（核心馆）\音乐\日韩,世界に一つだけの花 - 槇原敬之.flac
\收藏馆（核心馆）\音乐\日韩,なんでもないや (Movie ver.) - RADWIMPS.flac
\收藏馆（核心馆）\音乐\日韩,世界が終るまでは…~TV Version~ - WANDS.flac
\收藏馆（核心馆）\音乐\日韩,世界が終るまでは··· - WANDS.flac
\收藏馆（核心馆）\音乐\日韩,ヤキモチ - 高橋優.flac
\收藏馆（核心馆）\音乐\日韩,おどるポンポコリン - B.B.クイーンズ.flac
\收藏馆（核心馆）\音乐\日韩,それが大事 - 大事MANブラザーズバンド.flac
\收藏馆（核心馆）\音乐\日韩,もう恋なんてしない - 槇原敬之.flac
\收藏馆（核心馆）\音乐\日韩,リセット - 向井太一.flac
\收藏馆（核心馆）\音乐\日韩,今晩はお月さん - ハンバート ハンバート.flac
\收藏馆（核心馆）\音乐\日韩,はいよろこんで - こっちのけんと.flac
\收藏馆（核心馆）\音乐\日韩,Groovin' - 黒沢薫.flac
\收藏馆（核心馆）\音乐\日韩,うちで踊ろう (大晦日) - 星野源.flac
\收藏馆（核心馆）\音乐\日韩,Tiny - こっちのけんと.flac
\收藏馆（核心馆）\音乐\日韩,All Day (模范出租车 OST Part.4) - 车智妍.flac
\收藏馆（核心馆）\音乐\日韩,Week End - 星野源.flac
\收藏馆（核心馆）\音乐\日韩,summer - keshi.flac
\收藏馆（核心馆）\音乐\日韩,いろは - こっちのけんと.flac
\收藏馆（核心馆）\音乐\日韩,Angel - 尹美莱&Tiger JK&Bizzy.flac
\收藏馆（核心馆）\音乐\日韩,Oh! What a Shiny Night - Crying Nut.flac
\收藏馆（核心馆）\音乐\日韩,Bloody Mary Girl - She Her Her Hers.flac
\收藏馆（核心馆）\音乐\日韩,Gasshow - illion.flac
\收藏馆（核心馆）\音乐\日韩,月恋歌 - 熊谷育美.mp3
\收藏馆（核心馆）\音乐,中国
\收藏馆（核心馆）\音乐\中国,驾鹤西去 - 裁缝铺.flac
\收藏馆（核心馆）\音乐\中国,飞得更高 - 汪峰.flac
\收藏馆（核心馆）\音乐\中国,黄昏 - 周传雄.flac
\收藏馆（核心馆）\音乐\中国,风雨无阻 - 周华健.flac
\收藏馆（核心馆）\音乐\中国,靠近我，如果你懂 - 蔡琴.flac
\收藏馆（核心馆）\音乐\中国,青花 - 周传雄.flac
\收藏馆（核心馆）\音乐\中国,雨中城市 - 蔡琴.flac
\收藏馆（核心馆）\音乐\中国,迟来的人 - 蔡琴.flac
\收藏馆（核心馆）\音乐\中国,迷途羔羊 - 张震岳&大渊.flac
\收藏馆（核心馆）\音乐\中国,龙拳 - 周杰伦.mp3
\收藏馆（核心馆）\音乐\中国,龙卷风 - 周杰伦.mp3
\收藏馆（核心馆）\音乐\中国,麦芽糖 - 周杰伦.mp3
\收藏馆（核心馆）\音乐\中国,迷宫物语 - 蔡琴.flac
\收藏馆（核心馆）\音乐\中国,那些花儿 - 朴树.flac
\收藏馆（核心馆）\音乐\中国,那盏茶 - 金志文.flac
\收藏馆（核心馆）\音乐\中国,逆光 - 孙燕姿.flac
\收藏馆（核心馆）\音乐\中国,豆浆油条 - 林俊杰.flac
\收藏馆（核心馆）\音乐\中国,青花瓷 - 周杰伦.mp3
\收藏馆（核心馆）\音乐\中国,靠近 - 罗震环.mp3
\收藏馆（核心馆）\音乐\中国,说说 - 棒棒堂.flac
\收藏馆（核心馆）\音乐\中国,霍元甲 - 周杰伦.mp3
\收藏馆（核心馆）\音乐\中国,造飞机 - 义欣.mp3
\收藏馆（核心馆）\音乐\中国,阳光宅男 - 周杰伦.mp3
\收藏馆（核心馆）\音乐\中国,让我欢喜让我忧 - 周华健.flac
\收藏馆（核心馆）\音乐\中国,那个远方 - 陈楚生.mp3
\收藏馆（核心馆）\音乐\中国,让一让 - 菲比Febe.flac
\收藏馆（核心馆）\音乐\中国,见习爱神 - Twins.flac
\收藏馆（核心馆）\音乐\中国,逆相思 - 何晟铭.mp3
\收藏馆（核心馆）\音乐\中国,蓝莲花 - 许巍.flac
\收藏馆（核心馆）\音乐\中国,送你一朵小红花 - 赵英俊.mp3
\收藏馆（核心馆）\音乐\中国,蝴蝶泉边 - 黄雅莉.flac
\收藏馆（核心馆）\音乐\中国,蝴蝶飞呀 - 小虎队.flac
\收藏馆（核心馆）\音乐\中国,这里是神奇的赛尔号 - 张杰.mp3
\收藏馆（核心馆）\音乐\中国,路过人间 - 郁可唯.mp3
\收藏馆（核心馆）\音乐\中国,落空 - 印子月.flac
\收藏馆（核心馆）\音乐\中国,苦茶 - 棒棒堂&黑Girl.flac
\收藏馆（核心馆）\音乐\中国,花心 - 周华健.flac
\收藏馆（核心馆）\音乐\中国,荷塘月色 - 凤凰传奇.flac
\收藏馆（核心馆）\音乐\中国,耍猴儿 - 二手玫瑰&MC HotDog 热狗&Capper Tizzy.flac
\收藏馆（核心馆）\音乐\中国,至少还有你 - 林忆莲.flac
\收藏馆（核心馆）\音乐\中国,花好月圆夜(粤语) - 杨千嬅&任贤齐.flac
\收藏馆（核心馆）\音乐\中国,花好月圆夜(国语) - 杨千嬅&任贤齐.flac
\收藏馆（核心馆）\音乐\中国,虹之间 - 金贵晟.flac
\收藏馆（核心馆）\音乐\中国,红蜻蜓 - 小虎队.flac
\收藏馆（核心馆）\音乐\中国,红日 - 李克勤.flac
\收藏馆（核心馆）\音乐\中国,突然的自我 - 伍佰&China Blue.flac
\收藏馆（核心馆）\音乐\中国,红房间 - Ice Paper.flac
\收藏馆（核心馆）\音乐\中国,男儿当自强 - 成龙.flac
\收藏馆（核心馆）\音乐\中国,童话 - 光良.flac
\收藏馆（核心馆）\音乐\中国,离开 - 张震岳&MC HotDog 热狗.flac
\收藏馆（核心馆）\音乐\中国,稳稳的幸福 - 陈奕迅.flac
\收藏馆（核心馆）\音乐\中国,老子说 - 吴克群.mp3
\收藏馆（核心馆）\音乐\中国,男儿当自強 - 林子祥.flac
\收藏馆（核心馆）\音乐\中国,缺口 - 林凡Freya.mp3
\收藏馆（核心馆）\音乐\中国,给我一首歌的时间 - 周杰伦.mp3
\收藏馆（核心馆）\音乐\中国,看月亮爬上来 - 张杰.flac
\收藏馆（核心馆）\音乐\中国,爱的就是你 - 王力宏.flac
\收藏馆（核心馆）\音乐\中国,王妃 - 萧敬腾.flac
\收藏馆（核心馆）\音乐\中国,爱的主打歌 - 萧亚轩.flac
\收藏馆（核心馆）\音乐\中国,生如夏花 - 朴树.flac
\收藏馆（核心馆）\音乐\中国,稻香 - 周杰伦.mp3
\收藏馆（核心馆）\音乐\中国,猪猪侠 - 陈洁丽.flac
\收藏馆（核心馆）\音乐\中国,爱的初体验 - 张震岳.flac
\收藏馆（核心馆）\音乐\中国,睫毛弯弯 - 王心凌.mp3
\收藏馆（核心馆）\音乐\中国,真心英雄 - 周华健&成龙&李宗盛.flac
\收藏馆（核心馆）\音乐\中国,爱要坦荡荡 - 萧潇.flac
\收藏馆（核心馆）\音乐\中国,男儿当自强(狮王争霸大合唱) -  Albert Lui&Tam Sik Hay&Patrick Lui&Donald Cheung.flac
\收藏馆（核心馆）\音乐\中国,爱爱爱 - 方大同.flac
\收藏馆（核心馆）\音乐\中国,爱就一个字 - 张信哲.flac
\收藏馆（核心馆）\音乐\中国,爱你 - 王心凌.flac
\收藏馆（核心馆）\音乐\中国,漂洋过海来看你 - 娃娃.flac
\收藏馆（核心馆）\音乐\中国,爱 欲 浮世绘 - 张震岳.flac
\收藏馆（核心馆）\音乐\中国,牡丹江 - 南拳妈妈.mp3
\收藏馆（核心馆）\音乐\中国,牛仔很忙 - 周杰伦.mp3
\收藏馆（核心馆）\音乐\中国,流光记 - 银临.flac
\收藏馆（核心馆）\音乐\中国,爱 - 小虎队.flac
\收藏馆（核心馆）\音乐\中国,爱的回归线 - 陈韵若&陈每文.mp3
\收藏馆（核心馆）\音乐\中国,漂洋过海来看你(Live). - 周华健&李宗盛.flac
\收藏馆（核心馆）\音乐\中国,海底 (Live) - 凤凰传奇.flac
\收藏馆（核心馆）\音乐\中国,朋友 - 周华健.flac
\收藏馆（核心馆）\音乐\中国,梦想纪念日 - 郁可唯.flac
\收藏馆（核心馆）\音乐\中国,爱你没错 - 张信哲.mp3
\收藏馆（核心馆）\音乐\中国,有没有一首歌会让你想起我 - 周华健.flac
\收藏馆（核心馆）\音乐\中国,浪花一朵朵 - 任贤齐&阿牛&光良.flac
\收藏馆（核心馆）\音乐\中国,春天里 - 汪峰.flac
\收藏馆（核心馆）\音乐\中国,我记得 - 赵雷.flac
\收藏馆（核心馆）\音乐\中国,日不落 - 蔡依林.flac
\收藏馆（核心馆）\音乐\中国,无名的人 - 毛不易.flac
\收藏馆（核心馆）\音乐\中国,最真的梦 - 周华健.flac
\收藏馆（核心馆）\音乐\中国,春天花会开 - 任贤齐.flac
\收藏馆（核心馆）\音乐\中国,无常 - 吴奇隆.flac
\收藏馆（核心馆）\音乐\中国,本草纲目 - 周杰伦.mp3
\收藏馆（核心馆）\音乐\中国,护花使者 - 李克勤.flac
\收藏馆（核心馆）\音乐\中国,新鸳鸯蝴蝶梦 - 黄安.flac
\收藏馆（核心馆）\音乐\中国,我相信 - 杨培安.flac
\收藏馆（核心馆）\音乐\中国,晴天 - 周杰伦.mp3
\收藏馆（核心馆）\音乐\中国,春暖花开 - 那英.mp3
\收藏馆（核心馆）\音乐\中国,志铭 - 犬儒乐队.flac
\收藏馆（核心馆）\音乐\中国,"明天, 你好 - 牛奶咖啡.mp3"
\收藏馆（核心馆）\音乐\中国,我的未来不是梦 - 张雨生.flac
\收藏馆（核心馆）\音乐\中国,我的未来式 - 郭采洁.flac
\收藏馆（核心馆）\音乐\中国,当你 - 林俊杰.flac
\收藏馆（核心馆）\音乐\中国,我们都一样 - 棉花糖.flac
\收藏馆（核心馆）\音乐\中国,平凡之路 - 朴树.flac
\收藏馆（核心馆）\音乐\中国,改变自己 - 王力宏.mp3
\收藏馆（核心馆）\音乐\中国,心电心 - 王心凌.flac
\收藏馆（核心馆）\音乐\中国,快乐星猫 - 牛奶咖啡.flac
\收藏馆（核心馆）\音乐\中国,张三的歌 - 蔡琴.flac
\收藏馆（核心馆）\音乐\中国,弯弯的月亮 - 蔡琴.flac
\收藏馆（核心馆）\音乐\中国,左手右手 - 杨沛宜.flac
\收藏馆（核心馆）\音乐\中国,就现在 - 吴莫愁.flac
\收藏馆（核心馆）\音乐\中国,戏文说 - 叫宝宝&祥嘞嘞.mp3
\收藏馆（核心馆）\音乐\中国,怒放的生命 - 汪峰.mp3
\收藏馆（核心馆）\音乐\中国,女皇 - 陈伟霆.flac
\收藏馆（核心馆）\音乐\中国,失恋阵线联盟 - 草蜢.flac
\收藏馆（核心馆）\音乐\中国,奔跑 - 黄征&羽·泉.flac
\收藏馆（核心馆）\音乐\中国,心中的日月 - 王力宏.mp3
\收藏馆（核心馆）\音乐\中国,天后 - 陈势安.flac
\收藏馆（核心馆）\音乐\中国,告诉我你爱我 - 周华健.flac
\收藏馆（核心馆）\音乐\中国,大家一起喜羊羊 - 周笔畅.flac
\收藏馆（核心馆）\音乐\中国,奇思妙想喜羊羊 - 喜羊羊童星合唱团.flac
\收藏馆（核心馆）\音乐\中国,千千阕歌 - 陈慧娴.flac
\收藏馆（核心馆）\音乐\中国,大艺术家 - 蔡依林.flac
\收藏馆（核心馆）\音乐\中国,将军令 - 吴克群.mp3
\收藏馆（核心馆）\音乐\中国,卿卿如晤 - 蔡琴.flac
\收藏馆（核心馆）\音乐\中国,君生吾未生 - 于毅.flac
\收藏馆（核心馆）\音乐\中国,剑心 - 张杰.flac
\收藏馆（核心馆）\音乐\中国,勇敢的心 - 汪峰.flac
\收藏馆（核心馆）\音乐\中国,别害怕 - 罗震环.flac
\收藏馆（核心馆）\音乐\中国,其实不想走 - 周华健.flac
\收藏馆（核心馆）\音乐\中国,公路 - 纵贯线.flac
\收藏馆（核心馆）\音乐\中国,大城小爱 - 王力宏.mp3
\收藏馆（核心馆）\音乐\中国,夜空中最亮的星 - 逃跑计划.flac
\收藏馆（核心馆）\音乐\中国,哪吒 - GAI周延&大痒痒.mp3
\收藏馆（核心馆）\音乐\中国,冻结 - 林俊杰.flac
\收藏馆（核心馆）\音乐\中国,光明 - 汪峰.flac
\收藏馆（核心馆）\音乐\中国,发如雪 - 周杰伦.mp3
\收藏馆（核心馆）\音乐\中国,双截棍 - 周杰伦.mp3
\收藏馆（核心馆）\音乐\中国,刀剑如梦 - 周华健.flac
\收藏馆（核心馆）\音乐\中国,别看我只是一只羊 - 古倩敏.flac
\收藏馆（核心馆）\音乐\中国,像梦一样自由 - 汪峰.flac
\收藏馆（核心馆）\音乐\中国,倒带 - 蔡依林.flac
\收藏馆（核心馆）\音乐\中国,你不要那样看着我的眼睛 - 蔡琴.flac
\收藏馆（核心馆）\音乐\中国,别看我只是一只羊 - 古倩敏&杨沛宜.mp3
\收藏馆（核心馆）\音乐\中国,传奇 - 周华健.flac
\收藏馆（核心馆）\音乐\中国,亡命之徒 - 纵贯线.flac
\收藏馆（核心馆）\音乐\中国,不潮不用花钱 - 林俊杰.flac
\收藏馆（核心馆）\音乐\中国,云山 - 凤凰传奇.flac
\收藏馆（核心馆）\音乐\中国,他不懂 - 张杰.flac
\收藏馆（核心馆）\音乐\中国,亲亲我的宝贝 - 周华健.flac
\收藏馆（核心馆）\音乐\中国,Don't cry Don't cry - 魏如萱.flac
\收藏馆（核心馆）\音乐\中国,下一页的我 - 王心凌.flac
\收藏馆（核心馆）\音乐\中国,乘风破浪 - 金志文.flac
\收藏馆（核心馆）\音乐\中国,一年级 - 陈学冬&宋佳&First Girl.flac
\收藏馆（核心馆）\音乐\中国,一生有你 - 水木年华.flac
\收藏馆（核心馆）\音乐\中国,下一站天后 - Twins.flac
\收藏馆（核心馆）\音乐\中国,东风破 - 周杰伦.mp3
\收藏馆（核心馆）\音乐\中国,一个师傅仨徒弟 - 吸引力合唱组.flac
\收藏馆（核心馆）\音乐\中国,一生一阕歌(Live) - 王铮亮.mp3
\收藏馆（核心馆）\音乐\中国,Now You See Me - 周杰伦.mp3
\收藏馆（核心馆）\音乐\中国,再飞行 - 逃跑计划.mp3
\收藏馆（核心馆）\音乐\中国,阿呦阿呦 - 闪闪.mp3
\收藏馆（核心馆）\音乐,Jazz&Funk&Groove
\收藏馆（核心馆）\音乐\Jazz&Funk&Groove,爱の鼓动 - JABBERLOOP.flac
\收藏馆（核心馆）\音乐\Jazz&Funk&Groove,You're The One - Brian Culbertson.flac
\收藏馆（核心馆）\音乐\Jazz&Funk&Groove,ソレソレ - JABBERLOOP.flac
\收藏馆（核心馆）\音乐\Jazz&Funk&Groove,涙の屑 - JABBERLOOP.mp3
\收藏馆（核心馆）\音乐\Jazz&Funk&Groove,エンドレスブルー - JABBERLOOP.flac
\收藏馆（核心馆）\音乐\Jazz&Funk&Groove,母乳 - JABBERLOOP.mp3
\收藏馆（核心馆）\音乐\Jazz&Funk&Groove,ヤングスター - JABBERLOOP.mp3
\收藏馆（核心馆）\音乐\Jazz&Funk&Groove,You're My Music - Brian Culbertson&Noel Gourdin.flac
\收藏馆（核心馆）\音乐\Jazz&Funk&Groove,タマシイ - JABBERLOOP.mp3
\收藏馆（核心馆）\音乐\Jazz&Funk&Groove,You're Magic - Brian Culbertson.flac
\收藏馆（核心馆）\音乐\Jazz&Funk&Groove,Waiting for You - Brian Culbertson.flac
\收藏馆（核心馆）\音乐\Jazz&Funk&Groove,You'll Never Find - Brian Culbertson.flac
\收藏馆（核心馆）\音乐\Jazz&Funk&Groove,Without Your Love - Brian Culbertson.flac
\收藏馆（核心馆）\音乐\Jazz&Funk&Groove,Vinyl is My Bible - Brother Strut.flac
\收藏馆（核心馆）\音乐\Jazz&Funk&Groove,Trolley Dolley - Brother Strut.flac
\收藏馆（核心馆）\音乐\Jazz&Funk&Groove,イナズマ - JABBERLOOP.mp3
\收藏馆（核心馆）\音乐\Jazz&Funk&Groove,You Don't Have to Be a Star - Frank Chacksfield Orchestra.flac
\收藏馆（核心馆）\音乐\Jazz&Funk&Groove,Think Big - Brian Culbertson&Christian Scott&Keb' Mo'&Marcus Miller&Dave Koz.flac
\收藏馆（核心馆）\音乐\Jazz&Funk&Groove,The Way You Feel (Album Version) - Brian Culbertson&Boney James.flac
\收藏馆（核心馆）\音乐\Jazz&Funk&Groove,Sensuality - Brian Culbertson&Adrian Crutchfield.flac
\收藏馆（核心馆）\音乐\Jazz&Funk&Groove,That's Life - Brian Culbertson&Earl Klugh.flac
\收藏馆（核心馆）\音乐\Jazz&Funk&Groove,The Next Hundred Years - Frank Chacksfield Orchestra.flac
\收藏馆（核心馆）\音乐\Jazz&Funk&Groove,spice - JABBERLOOP.flac
\收藏馆（核心馆）\音乐\Jazz&Funk&Groove,Straight To The Heart - Brian Culbertson.flac
\收藏馆（核心馆）\音乐\Jazz&Funk&Groove,So Good (Live At Capitol Records (Studio A)2009) - Brian Culbertson.flac
\收藏馆（核心馆）\音乐\Jazz&Funk&Groove,Private eyes - JABBERLOOP.flac
\收藏馆（核心馆）\音乐\Jazz&Funk&Groove,Sir - JABBERLOOP.flac
\收藏馆（核心馆）\音乐\Jazz&Funk&Groove,So Good - Brian Culbertson.flac
\收藏馆（核心馆）\音乐\Jazz&Funk&Groove,SASURAI - JABBERLOOP.flac
\收藏馆（核心馆）\音乐\Jazz&Funk&Groove,Sensuality (Album Version) - Brian Culbertson.flac
\收藏馆（核心馆）\音乐\Jazz&Funk&Groove,Southern Nights - Frank Chacksfield Orchestra.flac
\收藏馆（核心馆）\音乐\Jazz&Funk&Groove,Orange - JABBERLOOP.flac
\收藏馆（核心馆）\音乐\Jazz&Funk&Groove,One More Day - Brian Culbertson.flac
\收藏馆（核心馆）\音乐\Jazz&Funk&Groove,Midnight (feat. Marcus Miller & Steve Cole) - Brian Culbertson.flac
\收藏馆（核心馆）\音乐\Jazz&Funk&Groove,Metropolis - Brother Strut.flac
\收藏馆（核心馆）\音乐\Jazz&Funk&Groove,MISSING MY BIRD - JABBERLOOP.flac
\收藏馆（核心馆）\音乐\Jazz&Funk&Groove,On My Mind - Brian Culbertson.flac
\收藏馆（核心馆）\音乐\Jazz&Funk&Groove,Get It On (Live At Capitol Records (Studio A)2009) - Brian Culbertson.flac
\收藏馆（核心馆）\音乐\Jazz&Funk&Groove,Let's Stay In Tonight - Brian Culbertson.flac
\收藏馆（核心馆）\音乐\Jazz&Funk&Groove,Let's Get Started (Live At Capitol Records (Studio A)2009) - Brian Culbertson.flac
\收藏馆（核心馆）\音乐\Jazz&Funk&Groove,Like a girl - JABBERLOOP.mp3
\收藏馆（核心馆）\音乐\Jazz&Funk&Groove,Later Tonight - Brian Culbertson.flac
\收藏馆（核心馆）\音乐\Jazz&Funk&Groove,Last Night (feat. Rick Braun) - Brian Culbertson.flac
\收藏馆（核心馆）\音乐\Jazz&Funk&Groove,Let's Get Started (Album Version) - Brian Culbertson.flac
\收藏馆（核心馆）\音乐\Jazz&Funk&Groove,It's Time - Brian Culbertson.flac
\收藏馆（核心馆）\音乐\Jazz&Funk&Groove,It's On Tonight (Album Version) - Brian Culbertson&Will Downing.flac
\收藏馆（核心馆）\音乐\Jazz&Funk&Groove,Go (Live At Capitol Records (Studio A)2009) - Brian Culbertson.flac
\收藏馆（核心馆）\音乐\Jazz&Funk&Groove,City Lights (feat. Lee Ritenour) - Brian Culbertson&Lee Ritenour.flac
\收藏馆（核心馆）\音乐\Jazz&Funk&Groove,Get It On - Brian Culbertson.flac
\收藏馆（核心馆）\音乐\Jazz&Funk&Groove,Funkin' Like My Father - Brian Culbertson.flac
\收藏馆（核心馆）\音乐\Jazz&Funk&Groove,Into the New - Brother Strut.flac
\收藏馆（核心馆）\音乐\Jazz&Funk&Groove,Forbidden Love (Album Version) - Brian Culbertson.flac
\收藏馆（核心馆）\音乐\Jazz&Funk&Groove,I Could Get Used To This - Brian Culbertson.mp3
\收藏馆（核心馆）\音乐\Jazz&Funk&Groove,Everyday Joe - Brother Strut.flac
\收藏馆（核心馆）\音乐\Jazz&Funk&Groove,Do You Really Love Me - Brian Culbertson.flac
\收藏馆（核心馆）\音乐\Jazz&Funk&Groove,Days Gone By - Brian Culbertson.flac
\收藏馆（核心馆）\音乐\Jazz&Funk&Groove,Fly High (feat. Rahsaan Patterson) - Brian Culbertson&Rahsaan Patterson.flac
\收藏馆（核心馆）\音乐\Jazz&Funk&Groove,Come On Up (feat. Norman Brown) - Brian Culbertson.flac
\收藏馆（核心馆）\音乐\Jazz&Funk&Groove,Always Remember (Live At Capitol Records (Studio A)2009) - Brian Culbertson.flac
\收藏馆（核心馆）\音乐\Jazz&Funk&Groove,Blind Eye - Brother Strut&Megan Henwood.flac
\收藏馆（核心馆）\音乐\Jazz&Funk&Groove,Bags of Funk - Brother Strut.flac
\收藏馆（核心馆）\音乐\Jazz&Funk&Groove,Chicago - Brother Strut.flac
\收藏馆（核心馆）\音乐\Jazz&Funk&Groove,Back in the Day - Brian Culbertson.flac
\收藏馆（核心馆）\音乐\Jazz&Funk&Groove,Back In The Day (Live At Capitol Records (Studio A)2009) - Brian Culbertson.flac
\收藏馆（核心馆）\音乐\Jazz&Funk&Groove,Always Remember - Brian Culbertson.flac
\收藏馆（核心馆）,运动
\收藏馆（核心馆）\运动,全身拉伸.mp4
\收藏馆（核心馆）\运动,拉筋柔韧.mp4
\收藏馆（核心馆）,博物馆
\收藏馆（核心馆）\博物馆,福建博物院
\收藏馆（核心馆）\博物馆\福建博物院,故宫·茶世界
\收藏馆（核心馆）\博物馆\福建博物院\故宫·茶世界,IMG_20240222_162915.jpg
\收藏馆（核心馆）\博物馆\福建博物院\故宫·茶世界,IMG_20240222_162903.jpg
\收藏馆（核心馆）\博物馆\福建博物院\故宫·茶世界,IMG_20240103_170603.jpg
\收藏馆（核心馆）\博物馆\福建博物院\故宫·茶世界,IMG_20240103_170441.jpg
\收藏馆（核心馆）\博物馆\福建博物院\故宫·茶世界,IMG_20240103_170557.jpg
\收藏馆（核心馆）\博物馆\福建博物院\故宫·茶世界,IMG_20240103_170437.jpg
\收藏馆（核心馆）\博物馆\福建博物院\故宫·茶世界,IMG_20240103_170352.jpg
\收藏馆（核心馆）\博物馆\福建博物院\故宫·茶世界,IMG_20240103_170426.jpg
\收藏馆（核心馆）\博物馆\福建博物院\故宫·茶世界,IMG_20240103_170355.jpg
\收藏馆（核心馆）\博物馆\福建博物院\故宫·茶世界,IMG_20240103_170417.jpg
\收藏馆（核心馆）\博物馆\福建博物院\故宫·茶世界,IMG_20240103_170339_1.jpg
\收藏馆（核心馆）\博物馆\福建博物院\故宫·茶世界,IMG_20240222_162121.jpg
\收藏馆（核心馆）\博物馆\福建博物院\故宫·茶世界,IMG_20240222_161923.jpg
\收藏馆（核心馆）\博物馆\福建博物院\故宫·茶世界,IMG_20240222_161833.jpg
\收藏馆（核心馆）\博物馆\福建博物院\故宫·茶世界,IMG_20240222_162040.jpg
\收藏馆（核心馆）\博物馆\福建博物院\故宫·茶世界,IMG_20240222_161346.jpg
\收藏馆（核心馆）\博物馆\福建博物院\故宫·茶世界,IMG_20240103_170001.jpg
\收藏馆（核心馆）\博物馆\福建博物院\故宫·茶世界,IMG_20240103_165941.jpg
\收藏馆（核心馆）\博物馆\福建博物院\故宫·茶世界,IMG_20240103_165912.jpg
\收藏馆（核心馆）\博物馆\福建博物院\故宫·茶世界,IMG_20240103_170224.jpg
\收藏馆（核心馆）\博物馆\福建博物院\故宫·茶世界,IMG_20240103_165658.jpg
\收藏馆（核心馆）\博物馆\福建博物院\故宫·茶世界,IMG_20240103_165629.jpg
\收藏馆（核心馆）\博物馆\福建博物院\故宫·茶世界,IMG_20240103_170102.jpg
\收藏馆（核心馆）\博物馆\福建博物院\故宫·茶世界,IMG_20240222_161540.jpg
\收藏馆（核心馆）\博物馆\福建博物院\故宫·茶世界,IMG_20240103_170008.jpg
\收藏馆（核心馆）\博物馆\福建博物院\故宫·茶世界,IMG_20240103_170054.jpg
\收藏馆（核心馆）\博物馆\福建博物院\故宫·茶世界,IMG_20240222_161353.jpg
\收藏馆（核心馆）\博物馆\福建博物院\故宫·茶世界,IMG_20240103_165641.jpg
\收藏馆（核心馆）\博物馆\福建博物院\故宫·茶世界,IMG_20240103_165523.jpg
\收藏馆（核心馆）\博物馆\福建博物院\故宫·茶世界,IMG_20240103_165041.jpg
\收藏馆（核心馆）\博物馆\福建博物院\故宫·茶世界,IMG_20240103_165510.jpg
\收藏馆（核心馆）\博物馆\福建博物院\故宫·茶世界,IMG_20240103_165311.jpg
\收藏馆（核心馆）\博物馆\福建博物院\故宫·茶世界,IMG_20240103_165012.jpg
\收藏馆（核心馆）\博物馆\福建博物院\故宫·茶世界,IMG_20240103_164916.jpg
\收藏馆（核心馆）\博物馆\福建博物院\故宫·茶世界,IMG_20240103_164935.jpg
\收藏馆（核心馆）\博物馆\福建博物院\故宫·茶世界,IMG_20240103_164927.jpg
\收藏馆（核心馆）\博物馆\福建博物院\故宫·茶世界,IMG_20240103_164952.jpg
\收藏馆（核心馆）\博物馆\福建博物院\故宫·茶世界,IMG_20240103_165004.jpg
\收藏馆（核心馆）\博物馆\福建博物院\故宫·茶世界,IMG_20240103_164758.jpg
\收藏馆（核心馆）\博物馆\福建博物院\故宫·茶世界,IMG_20240103_164139.jpg
\收藏馆（核心馆）\博物馆\福建博物院\故宫·茶世界,IMG_20240103_164115.jpg
\收藏馆（核心馆）\博物馆\福建博物院\故宫·茶世界,IMG_20240103_164428.jpg
\收藏馆（核心馆）\博物馆\福建博物院\故宫·茶世界,IMG_20240103_164655.jpg
\收藏馆（核心馆）\博物馆\福建博物院\故宫·茶世界,IMG_20240103_164503.jpg
\收藏馆（核心馆）\博物馆\福建博物院\故宫·茶世界,IMG_20240103_164705.jpg
\收藏馆（核心馆）\博物馆\福建博物院\故宫·茶世界,IMG_20240103_164031.jpg
\收藏馆（核心馆）\博物馆\福建博物院\故宫·茶世界,IMG_20240103_164057.jpg
\收藏馆（核心馆）\博物馆\福建博物院\故宫·茶世界,IMG_20240103_163729.jpg
\收藏馆（核心馆）\博物馆\福建博物院\故宫·茶世界,IMG_20240103_163902.jpg
\收藏馆（核心馆）\博物馆\福建博物院\故宫·茶世界,IMG_20240103_163717.jpg
\收藏馆（核心馆）\博物馆\福建博物院\故宫·茶世界,IMG_20240103_163707.jpg
\收藏馆（核心馆）\博物馆\福建博物院\故宫·茶世界,IMG_20240103_163706.jpg
\收藏馆（核心馆）\博物馆\福建博物院\故宫·茶世界,IMG_20240103_163013.jpg
\收藏馆（核心馆）\博物馆\福建博物院\故宫·茶世界,IMG_20240103_163700.jpg
\收藏馆（核心馆）\博物馆\福建博物院\故宫·茶世界,IMG_20240103_163041.jpg
\收藏馆（核心馆）\博物馆\福建博物院\故宫·茶世界,IMG_20240103_163149.jpg
\收藏馆（核心馆）\博物馆\福建博物院\故宫·茶世界,IMG_20240103_163613.jpg
\收藏馆（核心馆）\博物馆\福建博物院\故宫·茶世界,IMG_20240103_163739.jpg
\收藏馆（核心馆）\博物馆\福建博物院\故宫·茶世界,IMG_20240103_163327.jpg
\收藏馆（核心馆）\博物馆\福建博物院\故宫·茶世界,IMG_20240103_163553.jpg
\收藏馆（核心馆）\博物馆\福建博物院\故宫·茶世界,IMG_20240103_164112.jpg
\收藏馆（核心馆）\博物馆\福建博物院\故宫·茶世界,IMG_20240103_145452.jpg
\收藏馆（核心馆）\博物馆\福建博物院\故宫·茶世界,IMG_20240103_150347.jpg
\收藏馆（核心馆）\博物馆\福建博物院\故宫·茶世界,IMG_20240103_150322.jpg
\收藏馆（核心馆）\博物馆\福建博物院\故宫·茶世界,IMG_20240103_162156.jpg
\收藏馆（核心馆）\博物馆\福建博物院\故宫·茶世界,IMG_20240103_163315.jpg
\收藏馆（核心馆）\博物馆\福建博物院,遇见西夏
\收藏馆（核心馆）\博物馆\福建博物院\遇见西夏,20260226_133152.jpg
\收藏馆（核心馆）\博物馆\福建博物院\遇见西夏,20260226_133459.jpg
\收藏馆（核心馆）\博物馆\福建博物院,宋词里的福建
\收藏馆（核心馆）\博物馆\福建博物院\宋词里的福建,IMG_20240916_172904.jpg
\收藏馆（核心馆）\博物馆\福建博物院\宋词里的福建,IMG_20240916_172843.jpg
\收藏馆（核心馆）\博物馆\福建博物院\宋词里的福建,IMG_20240916_182753.jpg
\收藏馆（核心馆）\博物馆\福建博物院\宋词里的福建,IMG_20240912_164901.jpg
\收藏馆（核心馆）\博物馆\福建博物院,大唐盛世 法门珍宝
\收藏馆（核心馆）\博物馆\福建博物院\大唐盛世 法门珍宝,IMG_20240222_172517.jpg
\收藏馆（核心馆）\博物馆\福建博物院\大唐盛世 法门珍宝,IMG_20240222_171734.jpg
\收藏馆（核心馆）\博物馆\福建博物院\大唐盛世 法门珍宝,IMG_20231205_174339.jpg
\收藏馆（核心馆）\博物馆\福建博物院\大唐盛世 法门珍宝,IMG_20240222_171219.jpg
\收藏馆（核心馆）\博物馆\福建博物院\大唐盛世 法门珍宝,IMG_20231205_174428.jpg
\收藏馆（核心馆）\博物馆\福建博物院\大唐盛世 法门珍宝,IMG_20231205_174526.jpg
\收藏馆（核心馆）\博物馆\福建博物院\大唐盛世 法门珍宝,IMG_20240222_172510.jpg
\收藏馆（核心馆）\博物馆\福建博物院\大唐盛世 法门珍宝,IMG_20240222_172522.jpg
\收藏馆（核心馆）\博物馆\福建博物院\大唐盛世 法门珍宝,IMG_20240222_172424.jpg
\收藏馆（核心馆）\博物馆\福建博物院\大唐盛世 法门珍宝,IMG_20240222_172357.jpg
\收藏馆（核心馆）\博物馆\福建博物院\大唐盛世 法门珍宝,IMG_20231205_172940.jpg
\收藏馆（核心馆）\博物馆\福建博物院\大唐盛世 法门珍宝,IMG_20231205_172005.jpg
\收藏馆（核心馆）\博物馆\福建博物院\大唐盛世 法门珍宝,IMG_20231205_172754.jpg
\收藏馆（核心馆）\博物馆\福建博物院\大唐盛世 法门珍宝,IMG_20231205_173747.jpg
\收藏馆（核心馆）\博物馆\福建博物院\大唐盛世 法门珍宝,IMG_20231205_173710.jpg
\收藏馆（核心馆）\博物馆\福建博物院\大唐盛世 法门珍宝,IMG_20231205_173042.jpg
\收藏馆（核心馆）\博物馆\福建博物院\大唐盛世 法门珍宝,IMG_20231205_173731.jpg
\收藏馆（核心馆）\博物馆\福建博物院\大唐盛世 法门珍宝,IMG_20231205_173727.jpg
\收藏馆（核心馆）\博物馆\福建博物院\大唐盛世 法门珍宝,IMG_20231205_172051.jpg
\收藏馆（核心馆）\博物馆\福建博物院\大唐盛世 法门珍宝,IMG_20231205_173000.jpg
\收藏馆（核心馆）\博物馆\福建博物院\大唐盛世 法门珍宝,IMG_20231205_171112.jpg
\收藏馆（核心馆）\博物馆\福建博物院\大唐盛世 法门珍宝,IMG_20231205_172601.jpg
\收藏馆（核心馆）\博物馆\福建博物院,海上丝绸之路的印记入口.jpg
\收藏馆（核心馆）\博物馆\福建博物院,德化白瓷展入口.jpg
\收藏馆（核心馆）\博物馆,昙石山遗址博物馆
\收藏馆（核心馆）\博物馆\昙石山遗址博物馆,IMG_20231021_122419.jpg
\收藏馆（核心馆）\博物馆\昙石山遗址博物馆,IMG_20231021_121534.jpg
\收藏馆（核心馆）\博物馆\昙石山遗址博物馆,IMG_20231021_121602.jpg
\收藏馆（核心馆）\博物馆\昙石山遗址博物馆,IMG_20231021_125139.jpg
\收藏馆（核心馆）\博物馆\昙石山遗址博物馆,IMG_20231021_121758.jpg
\收藏馆（核心馆）\博物馆\昙石山遗址博物馆,IMG_20231021_122312.jpg
\收藏馆（核心馆）\博物馆\昙石山遗址博物馆,IMG_20231021_122433.jpg
\收藏馆（核心馆）\博物馆\昙石山遗址博物馆,IMG_20231021_115531.jpg
\收藏馆（核心馆）\博物馆\昙石山遗址博物馆,IMG_20231021_115445.jpg
\收藏馆（核心馆）\博物馆\昙石山遗址博物馆,IMG_20231021_121344.jpg
\收藏馆（核心馆）\博物馆,上海博物馆
\收藏馆（核心馆）\博物馆\上海博物馆,融古烁新——宋元明清铜器的复古与创新
\收藏馆（核心馆）\博物馆\上海博物馆\融古烁新——宋元明清铜器的复古与创新,20260222_141331.jpg
\收藏馆（核心馆）\博物馆\上海博物馆\融古烁新——宋元明清铜器的复古与创新,20260222_141444.jpg
\收藏馆（核心馆）\博物馆\上海博物馆\融古烁新——宋元明清铜器的复古与创新,20260222_141358.jpg
\收藏馆（核心馆）\博物馆\上海博物馆\融古烁新——宋元明清铜器的复古与创新,20260222_141453.jpg
\收藏馆（核心馆）\博物馆\上海博物馆\融古烁新——宋元明清铜器的复古与创新,20260222_141102.jpg
\收藏馆（核心馆）\博物馆\上海博物馆\融古烁新——宋元明清铜器的复古与创新,20260222_141038.jpg
\收藏馆（核心馆）\博物馆\上海博物馆\融古烁新——宋元明清铜器的复古与创新,20260222_141238.jpg
\收藏馆（核心馆）\博物馆\上海博物馆\融古烁新——宋元明清铜器的复古与创新,20260222_141148.jpg
\收藏馆（核心馆）\博物馆\上海博物馆\融古烁新——宋元明清铜器的复古与创新,20260222_141155.jpg
\收藏馆（核心馆）\博物馆\上海博物馆\融古烁新——宋元明清铜器的复古与创新,20260222_135852.jpg
\收藏馆（核心馆）\博物馆\上海博物馆\融古烁新——宋元明清铜器的复古与创新,20260222_140316.jpg
\收藏馆（核心馆）\博物馆\上海博物馆\融古烁新——宋元明清铜器的复古与创新,20260222_140339.jpg
\收藏馆（核心馆）\博物馆\上海博物馆\融古烁新——宋元明清铜器的复古与创新,20260222_140452.jpg
\收藏馆（核心馆）\博物馆\上海博物馆\融古烁新——宋元明清铜器的复古与创新,20260222_140713.jpg
\收藏馆（核心馆）\博物馆\上海博物馆\融古烁新——宋元明清铜器的复古与创新,20260222_140553.jpg
\收藏馆（核心馆）\博物馆\上海博物馆\融古烁新——宋元明清铜器的复古与创新,20260222_141023.jpg
\收藏馆（核心馆）\博物馆\上海博物馆\融古烁新——宋元明清铜器的复古与创新,20260222_140544.jpg
\收藏馆（核心馆）\博物馆\上海博物馆\融古烁新——宋元明清铜器的复古与创新,20260222_140931.jpg
\收藏馆（核心馆）\博物馆\上海博物馆\融古烁新——宋元明清铜器的复古与创新,20260222_135746.jpg
\收藏馆（核心馆）\博物馆\上海博物馆\融古烁新——宋元明清铜器的复古与创新,20260222_140247.jpg
\收藏馆（核心馆）\博物馆\上海博物馆\融古烁新——宋元明清铜器的复古与创新,20260222_135527.jpg
\收藏馆（核心馆）\博物馆\上海博物馆\融古烁新——宋元明清铜器的复古与创新,20260222_140233.jpg
\收藏馆（核心馆）\博物馆\上海博物馆\融古烁新——宋元明清铜器的复古与创新,20260222_135812.jpg
\收藏馆（核心馆）\博物馆\上海博物馆\融古烁新——宋元明清铜器的复古与创新,20260222_140258.jpg
\收藏馆（核心馆）\博物馆\上海博物馆\融古烁新——宋元明清铜器的复古与创新,20260222_134439.jpg
\收藏馆（核心馆）\博物馆\上海博物馆\融古烁新——宋元明清铜器的复古与创新,20260222_140830.jpg
\收藏馆（核心馆）\博物馆\上海博物馆\融古烁新——宋元明清铜器的复古与创新,20260222_140828.jpg
\收藏馆（核心馆）\博物馆\上海博物馆\融古烁新——宋元明清铜器的复古与创新,20260222_140759.jpg
\收藏馆（核心馆）\博物馆\上海博物馆\融古烁新——宋元明清铜器的复古与创新,20260222_140753.jpg
\收藏馆（核心馆）\博物馆\上海博物馆\融古烁新——宋元明清铜器的复古与创新,20260222_134641.jpg
\收藏馆（核心馆）\博物馆\上海博物馆\融古烁新——宋元明清铜器的复古与创新,20260222_140750.jpg
\收藏馆（核心馆）\博物馆\上海博物馆\融古烁新——宋元明清铜器的复古与创新,20260222_134246.jpg
\收藏馆（核心馆）\博物馆\上海博物馆\融古烁新——宋元明清铜器的复古与创新,20260222_135408.jpg
\收藏馆（核心馆）\博物馆\上海博物馆,中国古代青铜器
\收藏馆（核心馆）\博物馆\上海博物馆\中国古代青铜器,20260223_142940.jpg
\收藏馆（核心馆）\博物馆\上海博物馆\中国古代青铜器,20260223_142907.jpg
\收藏馆（核心馆）\博物馆\上海博物馆\中国古代青铜器,20260223_142912.jpg
\收藏馆（核心馆）\博物馆\上海博物馆\中国古代青铜器,20260223_142750.jpg
\收藏馆（核心馆）\博物馆\上海博物馆\中国古代青铜器,20260223_142900.jpg
\收藏馆（核心馆）\博物馆\上海博物馆\中国古代青铜器,20260223_143310.jpg
\收藏馆（核心馆）\博物馆\上海博物馆\中国古代青铜器,20260223_143014.jpg
\收藏馆（核心馆）\博物馆\上海博物馆\中国古代青铜器,20260223_143231.jpg
\收藏馆（核心馆）\博物馆\上海博物馆\中国古代青铜器,20260223_143323.jpg
\收藏馆（核心馆）\博物馆\上海博物馆\中国古代青铜器,20260223_143040.jpg
\收藏馆（核心馆）\博物馆\上海博物馆\中国古代青铜器,20260223_143254.jpg
\收藏馆（核心馆）\博物馆\上海博物馆\中国古代青铜器,20260223_142609.jpg
\收藏馆（核心馆）\博物馆\上海博物馆\中国古代青铜器,20260223_142724.jpg
\收藏馆（核心馆）\博物馆\上海博物馆\中国古代青铜器,20260223_142628.jpg
\收藏馆（核心馆）\博物馆\上海博物馆\中国古代青铜器,20260223_142445.jpg
\收藏馆（核心馆）\博物馆\上海博物馆\中国古代青铜器,20260223_142604.jpg
\收藏馆（核心馆）\博物馆\上海博物馆\中国古代青铜器,20260223_142158.jpg
\收藏馆（核心馆）\博物馆\上海博物馆\中国古代青铜器,20260223_142301.jpg
\收藏馆（核心馆）\博物馆\上海博物馆\中国古代青铜器,20260223_142218.jpg
\收藏馆（核心馆）\博物馆\上海博物馆\中国古代青铜器,20260223_142412.jpg
\收藏馆（核心馆）\博物馆\上海博物馆\中国古代青铜器,20260223_141703.jpg
\收藏馆（核心馆）\博物馆\上海博物馆\中国古代青铜器,20260223_141921.jpg
\收藏馆（核心馆）\博物馆\上海博物馆\中国古代青铜器,20260223_141609.jpg
\收藏馆（核心馆）\博物馆\上海博物馆\中国古代青铜器,20260223_142033.jpg
\收藏馆（核心馆）\博物馆\上海博物馆\中国古代青铜器,20260223_141852.jpg
\收藏馆（核心馆）\博物馆\上海博物馆\中国古代青铜器,20260223_142124.jpg
\收藏馆（核心馆）\博物馆\上海博物馆\中国古代青铜器,20260223_140803.jpg
\收藏馆（核心馆）\博物馆\上海博物馆\中国古代青铜器,20260223_141551.jpg
\收藏馆（核心馆）\博物馆\上海博物馆\中国古代青铜器,20260223_141433.jpg
\收藏馆（核心馆）\博物馆\上海博物馆\中国古代青铜器,20260223_140833.jpg
\收藏馆（核心馆）\博物馆\上海博物馆\中国古代青铜器,20260223_141322.jpg
\收藏馆（核心馆）\博物馆\上海博物馆\中国古代青铜器,20260223_141329.jpg
\收藏馆（核心馆）\博物馆\上海博物馆\中国古代青铜器,20260223_141245.jpg
\收藏馆（核心馆）\博物馆\上海博物馆\中国古代青铜器,20260223_141140.jpg
\收藏馆（核心馆）\博物馆\上海博物馆\中国古代青铜器,20260223_141403.jpg
\收藏馆（核心馆）\博物馆\上海博物馆\中国古代青铜器,20260223_141316.jpg
\收藏馆（核心馆）\博物馆\上海博物馆\中国古代青铜器,20260223_140517.jpg
\收藏馆（核心馆）\博物馆\上海博物馆\中国古代青铜器,20260223_140352.jpg
\收藏馆（核心馆）\博物馆\上海博物馆\中国古代青铜器,20260223_140430.jpg
\档案馆,木耳 20240425-20251129
\档案馆\木耳 20240425-20251129,VID_20240925_011907.mp4
\档案馆\木耳 20240425-20251129,VID_20240918_234213.mp4
\档案馆\木耳 20240425-20251129,VID_20240925_011150.mp4
\档案馆\木耳 20240425-20251129,VID_20240918_233825.mp4
\档案馆\木耳 20240425-20251129,VID_20240918_234108.mp4
\档案馆\木耳 20240425-20251129,wx_camera_1739121580713.mp4
\档案馆\木耳 20240425-20251129,VID_20240919_210839.mp4
\档案馆\木耳 20240425-20251129,VID_20240917_135322.mp4
\档案馆\木耳 20240425-20251129,VID_20240919_211139.mp4
\档案馆\木耳 20240425-20251129,VID_20240916_203354.mp4
\档案馆\木耳 20240425-20251129,VID_20240910_223523.mp4
\档案馆\木耳 20240425-20251129,VID_20240826_011507.mp4
\档案馆\木耳 20240425-20251129,VID_20240824_161516.mp4
\档案馆\木耳 20240425-20251129,VID_20240915_085115.mp4
\档案馆\木耳 20240425-20251129,VID_20240910_223259.mp4
\档案馆\木耳 20240425-20251129,VID_20240902_032047.mp4
\档案馆\木耳 20240425-20251129,VID_20240826_053100.mp4
\档案馆\木耳 20240425-20251129,VID_20240902_031751.mp4
\档案馆\木耳 20240425-20251129,VID_20240902_031650.mp4
\档案馆\木耳 20240425-20251129,VID_20240901_062144.mp4
\档案馆\木耳 20240425-20251129,VID_20240902_031528.mp4
\档案馆\木耳 20240425-20251129,VID_20240902_031608.mp4
\档案馆\木耳 20240425-20251129,VID_20240902_031101.mp4
\档案馆\木耳 20240425-20251129,VID_20240901_062007.mp4
\档案馆\木耳 20240425-20251129,VID_20240824_031606.mp4
\档案馆\木耳 20240425-20251129,VID_20240830_213813.mp4
\档案馆\木耳 20240425-20251129,VID_20240824_032510.mp4
\档案馆\木耳 20240425-20251129,VID_20240826_010625.mp4
\档案馆\木耳 20240425-20251129,VID_20240901_002519.mp4
\档案馆\木耳 20240425-20251129,VID_20240830_213941.mp4
\档案馆\木耳 20240425-20251129,VID_20240824_032156.mp4
\档案馆\木耳 20240425-20251129,VID_20240819_200359.mp4
\档案馆\木耳 20240425-20251129,VID_20240824_161110.mp4
\档案馆\木耳 20240425-20251129,VID_20240824_161046.mp4
\档案馆\木耳 20240425-20251129,VID_20240814_005518.mp4
\档案馆\木耳 20240425-20251129,VID_20240822_233251032.mp4
\档案馆\木耳 20240425-20251129,VID_20240807_222539.mp4
\档案馆\木耳 20240425-20251129,VID_20240818_203602.mp4
\档案馆\木耳 20240425-20251129,VID_20240816_033641.mp4
\档案馆\木耳 20240425-20251129,VID_20240817_214232.mp4
\档案馆\木耳 20240425-20251129,VID_20240817_214410.mp4
\档案馆\木耳 20240425-20251129,VID_20240816_033525.mp4
\档案馆\木耳 20240425-20251129,VID_20240805_033207.mp4
\档案馆\木耳 20240425-20251129,VID_20240816_033610.mp4
\档案馆\木耳 20240425-20251129,VID_20240805_033851.mp4
\档案馆\木耳 20240425-20251129,VID_20240805_032930.mp4
\档案馆\木耳 20240425-20251129,VID_20240814_010055.mp4
\档案馆\木耳 20240425-20251129,VID_20240805_160645.mp4
\档案馆\木耳 20240425-20251129,VID_20240805_033707.mp4
\档案馆\木耳 20240425-20251129,VID_20240808_033634.mp4
\档案馆\木耳 20240425-20251129,VID_20240731_010939.mp4
\档案馆\木耳 20240425-20251129,VID_20240804_210427.mp4
\档案馆\木耳 20240425-20251129,VID_20240804_210212.mp4
\档案馆\木耳 20240425-20251129,VID_20240805_030603.mp4
\档案馆\木耳 20240425-20251129,VID_20240804_161116.mp4
\档案馆\木耳 20240425-20251129,VID_20240804_205940.mp4
\档案馆\木耳 20240425-20251129,VID_20240804_210117.mp4
\档案馆\木耳 20240425-20251129,VID_20240804_161044.mp4
\档案馆\木耳 20240425-20251129,VID_20240803_113817.mp4
\档案馆\木耳 20240425-20251129,VID_20240804_160915.mp4
\档案馆\木耳 20240425-20251129,VID_20240803_000256.mp4
\档案馆\木耳 20240425-20251129,VID_20240803_021725.mp4
\档案馆\木耳 20240425-20251129,VID_20240803_021541.mp4
\档案馆\木耳 20240425-20251129,VID_20240803_021441.mp4
\档案馆\木耳 20240425-20251129,VID_20240729_224725.mp4
\档案馆\木耳 20240425-20251129,VID_20240729_224159.mp4
\档案馆\木耳 20240425-20251129,VID_20240726_002329.mp4
\档案馆\木耳 20240425-20251129,VID_20240729_224606.mp4
\档案馆\木耳 20240425-20251129,VID_20240726_002039.mp4
\档案馆\木耳 20240425-20251129,VID_20240729_224645.mp4
\档案馆\木耳 20240425-20251129,VID_20240725_224357.mp4
\档案馆\木耳 20240425-20251129,VID_20240724_003931.mp4
\档案馆\木耳 20240425-20251129,VID_20240724_195001.mp4
\档案馆\木耳 20240425-20251129,VID_20240725_224228.mp4
\档案馆\木耳 20240425-20251129,VID_20240724_195127.mp4
\档案馆\木耳 20240425-20251129,VID_20240725_224204.mp4
\档案馆\木耳 20240425-20251129,VID_20240720_231735.mp4
\档案馆\木耳 20240425-20251129,VID_20240721_003852.mp4
\档案馆\木耳 20240425-20251129,VID_20240721_003934.mp4
\档案馆\木耳 20240425-20251129,VID_20240720_231402.mp4
\档案馆\木耳 20240425-20251129,VID_20240706_151804.mp4
\档案馆\木耳 20240425-20251129,VID_20240710_003106.mp4
\档案馆\木耳 20240425-20251129,VID_20240705_000258.mp4
\档案馆\木耳 20240425-20251129,VID_20240708_214813.mp4
\档案馆\木耳 20240425-20251129,VID_20240721_003824.mp4
\档案馆\木耳 20240425-20251129,VID_20240708_214525.mp4
\档案馆\木耳 20240425-20251129,VID_20240626_193434.mp4
\档案馆\木耳 20240425-20251129,VID_20240717_205956.mp4
\档案馆\木耳 20240425-20251129,VID_20240704_005351.mp4
\档案馆\木耳 20240425-20251129,VID_20240710_003017.mp4
\档案馆\木耳 20240425-20251129,VID_20240704_004730.mp4
\档案馆\木耳 20240425-20251129,VID_20240704_005522.mp4
\档案馆\木耳 20240425-20251129,VID_20240708_004746.mp4
\档案馆\木耳 20240425-20251129,VID_20240708_004833.mp4
\档案馆\木耳 20240425-20251129,VID_20240706_152247.mp4
\档案馆\木耳 20240425-20251129,VID_20240704_004856.mp4
\档案馆\木耳 20240425-20251129,VID_20240626_192332.mp4
\档案馆\木耳 20240425-20251129,VID_20240701_001317.mp4
\档案馆\木耳 20240425-20251129,VID_20240701_001111.mp4
\档案馆\木耳 20240425-20251129,VID_20240625_232909.mp4
\档案馆\木耳 20240425-20251129,VID_20240701_001557.mp4
\档案馆\木耳 20240425-20251129,VID_20240703_222514.mp4
\档案馆\木耳 20240425-20251129,VID_20240625_233409.mp4
\档案馆\木耳 20240425-20251129,VID_20240622_001438.mp4
\档案馆\木耳 20240425-20251129,VID_20240701_001459.mp4
\档案馆\木耳 20240425-20251129,VID_20240619_020409.mp4
\档案馆\木耳 20240425-20251129,VID_20240628_192053.mp4
\档案馆\木耳 20240425-20251129,VID_20240626_223917.mp4
\档案馆\木耳 20240425-20251129,VID_20240625_002904.mp4
\档案馆\木耳 20240425-20251129,VID_20240619_202556.mp4
\档案馆\木耳 20240425-20251129,VID_20240622_203315.mp4
\档案馆\木耳 20240425-20251129,VID_20240625_003107.mp4
\档案馆\木耳 20240425-20251129,VID_20240625_003244.mp4
\档案馆\木耳 20240425-20251129,VID_20240625_233338.mp4
\档案馆\木耳 20240425-20251129,VID_20240622_214852.mp4
\档案馆\木耳 20240425-20251129,VID_20240619_202333.mp4
\档案馆\木耳 20240425-20251129,VID_20240622_000741.mp4
\档案馆\木耳 20240425-20251129,VID_20240622_000644.mp4
\档案馆\木耳 20240425-20251129,VID_20240619_202903.mp4
\档案馆\木耳 20240425-20251129,VID_20240620_010221.mp4
\档案馆\木耳 20240425-20251129,VID_20240616_191212.mp4
\档案馆\木耳 20240425-20251129,VID_20240616_190542.mp4
\档案馆\木耳 20240425-20251129,VID_20240619_202515.mp4
\档案馆\木耳 20240425-20251129,VID_20240615_234435.mp4
\档案馆\木耳 20240425-20251129,VID_20240619_020138.mp4
\档案馆\木耳 20240425-20251129,VID_20240619_020223.mp4
\档案馆\木耳 20240425-20251129,VID_20240617_215826.mp4
\档案馆\木耳 20240425-20251129,VID_20240615_234154.mp4
\档案馆\木耳 20240425-20251129,VID_20240615_234328.mp4
\档案馆\木耳 20240425-20251129,VID_20240615_233929.mp4
\档案馆\木耳 20240425-20251129,VID_20240615_233822.mp4
\档案馆\木耳 20240425-20251129,VID_20240615_201135.mp4
\档案馆\木耳 20240425-20251129,VID_20240615_201443.mp4
\档案馆\木耳 20240425-20251129,VID_20240615_184844.mp4
\档案馆\木耳 20240425-20251129,VID_20240615_152749.mp4
\档案馆\木耳 20240425-20251129,VID_20240615_200654.mp4
\档案馆\木耳 20240425-20251129,VID_20240615_200827.mp4
\档案馆\木耳 20240425-20251129,VID_20240613_231239.mp4
\档案馆\木耳 20240425-20251129,VID_20240615_084431.mp4
\档案馆\木耳 20240425-20251129,VID_20240614_124318.mp4
\档案馆\木耳 20240425-20251129,VID_20240615_152122.mp4
\档案馆\木耳 20240425-20251129,VID_20240614_211400.mp4
\档案馆\木耳 20240425-20251129,VID_20240613_225257.mp4
\档案馆\木耳 20240425-20251129,VID_20240615_084311.mp4
\档案馆\木耳 20240425-20251129,VID_20240613_230750.mp4
\档案馆\木耳 20240425-20251129,VID_20240614_073444.mp4
\档案馆\木耳 20240425-20251129,VID_20240613_231150.mp4
\档案馆\木耳 20240425-20251129,VID_20240613_230604.mp4
\档案馆\木耳 20240425-20251129,VID_20240613_225926.mp4
\档案馆\木耳 20240425-20251129,VID_20240613_223148.mp4
\档案馆\木耳 20240425-20251129,VID_20240613_230349.mp4
\档案馆\木耳 20240425-20251129,VID_20240613_125945.mp4
\档案馆\木耳 20240425-20251129,VID_20240613_130137.mp4
\档案馆\木耳 20240425-20251129,VID_20240611_133646.mp4
\档案馆\木耳 20240425-20251129,VID_20240613_223058.mp4
\档案馆\木耳 20240425-20251129,VID_20240612_134356.mp4
\档案馆\木耳 20240425-20251129,VID_20240612_131606.mp4
\档案馆\木耳 20240425-20251129,VID_20240610_172506.mp4
\档案馆\木耳 20240425-20251129,VID_20240611_133846.mp4
\档案馆\木耳 20240425-20251129,VID_20240611_052033.mp4
\档案馆\木耳 20240425-20251129,VID_20240610_154250.mp4
\档案馆\木耳 20240425-20251129,VID_20240611_082322.mp4
\档案馆\木耳 20240425-20251129,VID_20240611_052218.mp4
\档案馆\木耳 20240425-20251129,VID_20240611_124035.mp4
\档案馆\木耳 20240425-20251129,VID_20240611_233558.mp4
\档案馆\木耳 20240425-20251129,VID_20240610_153046.mp4
\档案馆\木耳 20240425-20251129,VID_20240610_152805.mp4
\档案馆\木耳 20240425-20251129,VID_20240609_203013.mp4
\档案馆\木耳 20240425-20251129,VID_20240609_203134.mp4
\档案馆\木耳 20240425-20251129,VID_20240609_183023.mp4
\档案馆\木耳 20240425-20251129,VID_20240609_182844.mp4
\档案馆\木耳 20240425-20251129,VID_20240609_202914.mp4
\档案馆\木耳 20240425-20251129,VID_20240609_202734.mp4
\档案馆\木耳 20240425-20251129,VID_20240609_182718.mp4
\档案馆\木耳 20240425-20251129,VID_20240608_155512.mp4
\档案馆\木耳 20240425-20251129,VID_20240609_104917.mp4
\档案馆\木耳 20240425-20251129,VID_20240608_203227.mp4
\档案馆\木耳 20240425-20251129,VID_20240609_174643.mp4
\档案馆\木耳 20240425-20251129,VID_20240608_190432.mp4
\档案馆\木耳 20240425-20251129,VID_20240608_160201.mp4
\档案馆\木耳 20240425-20251129,VID_20240608_160607.mp4
\档案馆\木耳 20240425-20251129,VID_20240606_203640.mp4
\档案馆\木耳 20240425-20251129,VID_20240608_160137.mp4
\档案馆\木耳 20240425-20251129,VID_20240609_182551.mp4
\档案馆\木耳 20240425-20251129,VID_20240528_194755.mp4
\档案馆\木耳 20240425-20251129,VID_20240608_131803.mp4
\档案馆\木耳 20240425-20251129,VID_20240606_202810.mp4
\档案馆\木耳 20240425-20251129,VID_20240608_160022.mp4
\档案馆\木耳 20240425-20251129,VID_20240608_160755.mp4
\档案馆\木耳 20240425-20251129,VID_20240606_203746.mp4
\档案馆\木耳 20240425-20251129,VID_20240603_230556.mp4
\档案馆\木耳 20240425-20251129,VID_20240606_202720.mp4
\档案馆\木耳 20240425-20251129,VID_20240603_230125.mp4
\档案馆\木耳 20240425-20251129,VID_20240604_080456.mp4
\档案馆\木耳 20240425-20251129,VID_20240604_195723.mp4
\档案馆\木耳 20240425-20251129,VID_20240604_080026.mp4
\档案馆\木耳 20240425-20251129,VID_20240602_204348.mp4
\档案馆\木耳 20240425-20251129,VID_20240602_204027.mp4
\档案馆\木耳 20240425-20251129,VID_20240603_230333.mp4
\档案馆\木耳 20240425-20251129,VID_20240604_080358.mp4
\档案馆\木耳 20240425-20251129,VID_20240604_080123.mp4
\档案馆\木耳 20240425-20251129,VID_20240602_203814.mp4
\档案馆\木耳 20240425-20251129,VID_20240524_234646.mp4
\档案馆\木耳 20240425-20251129,VID_20240602_204309.mp4
\档案馆\木耳 20240425-20251129,VID_20240603_230511.mp4
\档案馆\木耳 20240425-20251129,VID_20240522_124958.mp4
\档案馆\木耳 20240425-20251129,VID_20240602_203719.mp4
\档案馆\木耳 20240425-20251129,VID_20240522_021524.mp4
\档案馆\木耳 20240425-20251129,VID_20240531_211719.mp4
\档案馆\木耳 20240425-20251129,VID_20240528_195524.mp4
\档案馆\木耳 20240425-20251129,VID_20240527_082855.mp4
\档案馆\木耳 20240425-20251129,VID_20240528_195436.mp4
\档案馆\木耳 20240425-20251129,VID_20240526_111012.mp4
\档案馆\木耳 20240425-20251129,VID_20240526_111139.mp4
\档案馆\木耳 20240425-20251129,VID_20240527_082947.mp4
\档案馆\木耳 20240425-20251129,VID_20240527_213317.mp4
\档案馆\木耳 20240425-20251129,VID_20240526_181934.mp4
\档案馆\木耳 20240425-20251129,VID_20240523_225029.mp4
\档案馆\木耳 20240425-20251129,VID_20240522_125527.mp4
\档案馆\木耳 20240425-20251129,VID_20240523_224833.mp4
\档案馆\木耳 20240425-20251129,VID_20240524_234554.mp4
\档案馆\木耳 20240425-20251129,VID_20240523_001435.mp4
\档案馆\木耳 20240425-20251129,VID_20240523_224951.mp4
\档案馆\木耳 20240425-20251129,VID_20240523_224806.mp4
\档案馆\木耳 20240425-20251129,VID_20240522_125954.mp4
\档案馆\木耳 20240425-20251129,VID_20240518_195112.mp4
\档案馆\木耳 20240425-20251129,VID_20240520_144519.mp4
\档案馆\木耳 20240425-20251129,VID_20240518_194114.mp4
\档案馆\木耳 20240425-20251129,VID_20240520_203834.mp4
\档案馆\木耳 20240425-20251129,VID_20240518_205026.mp4
\档案馆\木耳 20240425-20251129,VID_20240522_124557.mp4
\档案馆\木耳 20240425-20251129,VID_20240520_202913.mp4
\档案馆\木耳 20240425-20251129,VID_20240520_203456.mp4
\档案馆\木耳 20240425-20251129,VID_20240520_220847.mp4
\档案馆\木耳 20240425-20251129,VID_20240520_144754.mp4
\档案馆\木耳 20240425-20251129,VID_20240518_193842.mp4
\档案馆\木耳 20240425-20251129,VID_20240518_204836.mp4
\档案馆\木耳 20240425-20251129,VID_20240519_085028.mp4
\档案馆\木耳 20240425-20251129,VID_20240518_193235.mp4
\档案馆\木耳 20240425-20251129,VID_20240518_193453.mp4
\档案馆\木耳 20240425-20251129,VID_20240518_192729.mp4
\档案馆\木耳 20240425-20251129,VID_20240518_182941.mp4
\档案馆\木耳 20240425-20251129,VID_20240518_192543.mp4
\档案馆\木耳 20240425-20251129,VID_20240518_190754.mp4
\档案馆\木耳 20240425-20251129,VID_20240518_192405.mp4
\档案馆\木耳 20240425-20251129,VID_20240518_191843.mp4
\档案馆\木耳 20240425-20251129,VID_20240518_191721.mp4
\档案馆\木耳 20240425-20251129,VID_20240518_191123.mp4
\档案馆\木耳 20240425-20251129,VID_20240518_183352.mp4
\档案馆\木耳 20240425-20251129,VID_20240518_184104.mp4
\档案馆\木耳 20240425-20251129,VID_20240518_183252.mp4
\档案馆\木耳 20240425-20251129,VID_20240517_224734.mp4
\档案馆\木耳 20240425-20251129,VID_20240518_181739.mp4
\档案馆\木耳 20240425-20251129,VID_20240518_182058.mp4
\档案馆\木耳 20240425-20251129,VID_20240517_182805.mp4
\档案馆\木耳 20240425-20251129,VID_20240517_224104.mp4
\档案馆\木耳 20240425-20251129,VID_20240518_182304.mp4
\档案馆\木耳 20240425-20251129,VID_20240518_181715.mp4
\档案馆\木耳 20240425-20251129,VID_20240518_181636.mp4
\档案馆\木耳 20240425-20251129,VID_20240517_230618.mp4
\档案馆\木耳 20240425-20251129,VID_20240516_102900.mp4
\档案馆\木耳 20240425-20251129,VID_20240517_225825.mp4
\档案馆\木耳 20240425-20251129,VID_20240518_154616.mp4
\档案馆\木耳 20240425-20251129,VID_20240517_225358.mp4
\档案馆\木耳 20240425-20251129,VID_20240517_225254.mp4
\档案馆\木耳 20240425-20251129,VID_20240516_103636.mp4
\档案馆\木耳 20240425-20251129,VID_20240517_225732.mp4
\档案馆\木耳 20240425-20251129,VID_20240516_175113.mp4
\档案馆\木耳 20240425-20251129,VID_20240517_202819.mp4
\档案馆\木耳 20240425-20251129,VID_20240516_104049.mp4
\档案馆\木耳 20240425-20251129,VID_20240517_202929.mp4
\档案馆\木耳 20240425-20251129,VID_20240517_182641.mp4
\档案馆\木耳 20240425-20251129,VID_20240516_175329.mp4
\档案馆\木耳 20240425-20251129,VID_20240517_175635.mp4
\档案馆\木耳 20240425-20251129,VID_20240517_095253.mp4
\档案馆\木耳 20240425-20251129,VID_20240517_095114.mp4
\档案馆\木耳 20240425-20251129,VID_20240516_183112.mp4
\档案馆\木耳 20240425-20251129,VID_20240515_182556.mp4
\档案馆\木耳 20240425-20251129,VID_20240515_192838.mp4
\档案馆\木耳 20240425-20251129,VID_20240516_102732.mp4
\档案馆\木耳 20240425-20251129,VID_20240515_192609.mp4
\档案馆\木耳 20240425-20251129,VID_20240515_181804.mp4
\档案馆\木耳 20240425-20251129,VID_20240515_185417.mp4
\档案馆\木耳 20240425-20251129,VID_20240515_180314.mp4
\档案馆\木耳 20240425-20251129,VID_20240515_185131.mp4
\档案馆\木耳 20240425-20251129,VID_20240515_181517.mp4
\档案馆\木耳 20240425-20251129,VID_20240515_192712.mp4
\档案馆\木耳 20240425-20251129,VID_20240515_175757.mp4
\档案馆\木耳 20240425-20251129,VID_20240515_185711.mp4
\档案馆\木耳 20240425-20251129,VID_20240515_181047.mp4
\档案馆\木耳 20240425-20251129,VID_20240515_174122.mp4
\档案馆\木耳 20240425-20251129,VID_20240515_175615.mp4
\档案馆\木耳 20240425-20251129,VID_20240514_180308.mp4
\档案馆\木耳 20240425-20251129,VID_20240515_175727.mp4
\档案馆\木耳 20240425-20251129,VID_20240515_173508.mp4
\档案馆\木耳 20240425-20251129,VID_20240514_133951.mp4
\档案馆\木耳 20240425-20251129,VID_20240514_180930.mp4
\档案馆\木耳 20240425-20251129,VID_20240515_175601.mp4
\档案馆\木耳 20240425-20251129,VID_20240515_090349.mp4
\档案馆\木耳 20240425-20251129,VID_20240514_161915.mp4
\档案馆\木耳 20240425-20251129,VID_20240515_090510.mp4
\档案馆\木耳 20240425-20251129,VID_20240515_090130.mp4
\档案馆\木耳 20240425-20251129,VID_20240515_083052.mp4
\档案馆\木耳 20240425-20251129,VID_20240515_082953.mp4
\档案馆\木耳 20240425-20251129,VID_20240514_180741.mp4
\档案馆\木耳 20240425-20251129,VID_20240514_182332.mp4
\档案馆\木耳 20240425-20251129,VID_20240514_162239.mp4
\档案馆\木耳 20240425-20251129,VID_20240514_094045.mp4
\档案馆\木耳 20240425-20251129,VID_20240514_095018.mp4
\档案馆\木耳 20240425-20251129,VID_20240514_093736.mp4
\档案馆\木耳 20240425-20251129,VID_20240514_094921.mp4
\档案馆\木耳 20240425-20251129,VID_20240514_134154.mp4
\档案馆\木耳 20240425-20251129,VID_20240514_095204.mp4
\档案馆\木耳 20240425-20251129,VID_20240514_095144.mp4
\档案馆\木耳 20240425-20251129,VID_20240514_061819.mp4
\档案馆\木耳 20240425-20251129,VID_20240513_190201.mp4
\档案馆\木耳 20240425-20251129,VID_20240513_121829.mp4
\档案馆\木耳 20240425-20251129,VID_20240514_093341.mp4
\档案馆\木耳 20240425-20251129,VID_20240512_181208.mp4
\档案馆\木耳 20240425-20251129,VID_20240513_190540.mp4
\档案馆\木耳 20240425-20251129,VID_20240514_093619.mp4
\档案馆\木耳 20240425-20251129,VID_20240513_211008.mp4
\档案馆\木耳 20240425-20251129,VID_20240512_174815.mp4
\档案馆\木耳 20240425-20251129,VID_20240512_180851.mp4
\档案馆\木耳 20240425-20251129,VID_20240514_062317.mp4
\档案馆\木耳 20240425-20251129,VID_20240512_174441.mp4
\档案馆\木耳 20240425-20251129,VID_20240512_090822.mp4
\档案馆\木耳 20240425-20251129,VID_20240512_174304.mp4
\档案馆\木耳 20240425-20251129,VID_20240509_172409.mp4
\档案馆\木耳 20240425-20251129,VID_20240513_183838.mp4
\档案馆\木耳 20240425-20251129,VID_20240512_090648.mp4
\档案馆\木耳 20240425-20251129,VID_20240512_164032.mp4
\档案馆\木耳 20240425-20251129,VID_20240510_172220.mp4
\档案馆\木耳 20240425-20251129,VID_20240512_100253.mp4
\档案馆\木耳 20240425-20251129,VID_20240512_133048.mp4
\档案馆\木耳 20240425-20251129,VID_20240512_091726.mp4
\档案馆\木耳 20240425-20251129,VID_20240512_090437.mp4
\档案馆\木耳 20240425-20251129,VID_20240511_210126.mp4
\档案馆\木耳 20240425-20251129,VID_20240512_133154.mp4
\档案馆\木耳 20240425-20251129,VID_20240512_071544.mp4
\档案馆\木耳 20240425-20251129,VID_20240511_205919.mp4
\档案馆\木耳 20240425-20251129,VID_20240512_090607.mp4
\档案馆\木耳 20240425-20251129,VID_20240511_175702.mp4
\档案馆\木耳 20240425-20251129,VID_20240511_173437.mp4
\档案馆\木耳 20240425-20251129,VID_20240512_090306.mp4
\档案馆\木耳 20240425-20251129,VID_20240511_191816.mp4
\档案馆\木耳 20240425-20251129,VID_20240509_120110.mp4
\档案馆\木耳 20240425-20251129,VID_20240509_191106.mp4
\档案馆\木耳 20240425-20251129,VID_20240510_171948.mp4
\档案馆\木耳 20240425-20251129,VID_20240511_175841.mp4
\档案馆\木耳 20240425-20251129,VID_20240511_201829.mp4
\档案馆\木耳 20240425-20251129,VID_20240509_115501.mp4
\档案馆\木耳 20240425-20251129,VID_20240510_171807.mp4
\档案馆\木耳 20240425-20251129,VID_20240511_153846.mp4
\档案馆\木耳 20240425-20251129,VID_20240511_153324.mp4
\档案馆\木耳 20240425-20251129,VID_20240511_153644.mp4
\档案馆\木耳 20240425-20251129,VID_20240511_153439.mp4
\档案馆\木耳 20240425-20251129,VID_20240510_171640.mp4
\档案馆\木耳 20240425-20251129,VID_20240508_180626.mp4
\档案馆\木耳 20240425-20251129,VID_20240509_082710.mp4
\档案馆\木耳 20240425-20251129,VID_20240509_015950.mp4
\档案馆\木耳 20240425-20251129,VID_20240510_171410.mp4
\档案馆\木耳 20240425-20251129,VID_20240508_175638.mp4
\档案馆\木耳 20240425-20251129,VID_20240510_021806.mp4
\档案馆\木耳 20240425-20251129,VID_20240429_212626.mp4
\档案馆\木耳 20240425-20251129,VID_20240509_120940.mp4
\档案馆\木耳 20240425-20251129,VID_20240509_104340.mp4
\档案馆\木耳 20240425-20251129,VID_20240509_091113.mp4
\档案馆\木耳 20240425-20251129,VID_20240501_090931.mp4
\档案馆\木耳 20240425-20251129,VID_20240509_115206.mp4
\档案馆\木耳 20240425-20251129,VID_20240509_021059.mp4
\档案馆\木耳 20240425-20251129,VID_20240508_180240.mp4
\档案馆\木耳 20240425-20251129,VID_20240509_015851.mp4
\档案馆\木耳 20240425-20251129,VID_20240508_073034.mp4
\档案馆\木耳 20240425-20251129,VID_20240508_072959.mp4
\档案馆\木耳 20240425-20251129,VID_20240508_073704.mp4
\档案馆\木耳 20240425-20251129,VID_20240507_192427.mp4
\档案馆\木耳 20240425-20251129,VID_20240501_061825.mp4
\档案馆\木耳 20240425-20251129,VID_20240429_021738.mp4
\档案馆\木耳 20240425-20251129,VID_20240429_020612.mp4
\档案馆\木耳 20240425-20251129,VID_20240502_061504.mp4
\档案馆\木耳 20240425-20251129,VID_20240503_054401.mp4
\档案馆\木耳 20240425-20251129,VID_20240505_082726.mp4
\档案馆\木耳 20240425-20251129,VID_20240429_164311.mp4
\档案馆\木耳 20240425-20251129,VID_20240502_060226.mp4
\档案馆\木耳 20240425-20251129,VID_20240427_225043.mp4
\档案馆\木耳 20240425-20251129,VID_20240502_061359.mp4
\档案馆\木耳 20240425-20251129,VID_20240429_043050.mp4
\档案馆\木耳 20240425-20251129,VID_20240427_224649.mp4
\档案馆\木耳 20240425-20251129,VIDEO_20251129_092410977.mp4
\档案馆\木耳 20240425-20251129,VIDEO_20251129_091713574.mp4
\档案馆\木耳 20240425-20251129,VIDEO_20251129_092626555.mp4
\档案馆\木耳 20240425-20251129,VIDEO_20251129_091839541.mp4
\档案馆\木耳 20240425-20251129,VIDEO_20251129_092114637.mp4
\档案馆\木耳 20240425-20251129,wx_camera_1757776029107.jpg
\档案馆\木耳 20240425-20251129,VIDEO_20251129_091934687.mp4
\档案馆\木耳 20240425-20251129,VIDEO_20250910_103104362.mp4
\档案馆\木耳 20240425-20251129,VIDEO_20251129_011759227.mp4
\档案馆\木耳 20240425-20251129,VIDEO_20251129_092455619.mp4
\档案馆\木耳 20240425-20251129,VIDEO_20251129_092502489.mp4
\档案馆\木耳 20240425-20251129,VIDEO_20251129_092450882.mp4
\档案馆\木耳 20240425-20251129,wx_camera_1757511878102.jpg
\档案馆\木耳 20240425-20251129,VIDEO_20251129_092524226.mp4
\档案馆\木耳 20240425-20251129,VIDEO_20251129_011410690.mp4
\档案馆\木耳 20240425-20251129,VIDEO_20251129_011910339.mp4
\档案馆\木耳 20240425-20251129,VIDEO_20251129_091944725.mp4
\档案馆\木耳 20240425-20251129,VIDEO_20251129_010051116.mp4
\档案馆\木耳 20240425-20251129,VIDEO_20251129_010444084.mp4
\档案馆\木耳 20240425-20251129,VIDEO_20251129_091747245.mp4
\档案馆\木耳 20240425-20251129,VIDEO_20251129_010032083.mp4
\档案馆\木耳 20240425-20251129,VIDEO_20251129_005355518.mp4
\档案馆\木耳 20240425-20251129,VIDEO_20251129_005818542.mp4
\档案馆\木耳 20240425-20251129,VIDEO_20251129_091856920.mp4
\档案馆\木耳 20240425-20251129,VIDEO_20251129_091725862.mp4
\档案馆\木耳 20240425-20251129,VIDEO_20251129_011429100.mp4
\档案馆\木耳 20240425-20251129,VIDEO_20251129_011224271.mp4
\档案馆\木耳 20240425-20251129,VIDEO_20251129_011625518.mp4
\档案馆\木耳 20240425-20251129,VIDEO_20251129_011819629.mp4
\档案馆\木耳 20240425-20251129,VIDEO_20251129_005616705.mp4
\档案馆\木耳 20240425-20251129,VIDEO_20250910_100710927.mp4
\档案馆\木耳 20240425-20251129,VIDEO_20251129_010950100.mp4
\档案馆\木耳 20240425-20251129,VIDEO_20251129_011512080.mp4
\档案馆\木耳 20240425-20251129,VIDEO_20251129_011005357.mp4
\档案馆\木耳 20240425-20251129,VIDEO_20251129_010840991.mp4
\档案馆\木耳 20240425-20251129,VIDEO_20251129_092442396.mp4
\档案馆\木耳 20240425-20251129,VIDEO_20251129_011655290.mp4
\档案馆\木耳 20240425-20251129,VIDEO_20251129_011809609.mp4
\档案馆\木耳 20240425-20251129,VIDEO_20251129_010558960.mp4
\档案馆\木耳 20240425-20251129,VIDEO_20251129_092432650.mp4
\档案馆\木耳 20240425-20251129,VIDEO_20251129_092439207.mp4
\档案馆\木耳 20240425-20251129,VIDEO_20251129_010849317.mp4
\档案馆\木耳 20240425-20251129,VIDEO_20251129_091800627.mp4
\档案馆\木耳 20240425-20251129,VIDEO_20251129_010902677.mp4
\档案馆\木耳 20240425-20251129,VIDEO_20251129_092435913.mp4
\档案馆\木耳 20240425-20251129,VIDEO_20251129_092429850.mp4
\档案馆\木耳 20240425-20251129,VIDEO_20251129_010415069.mp4
\档案馆\木耳 20240425-20251129,VIDEO_20251129_010647698.mp4
\档案馆\木耳 20240425-20251129,VIDEO_20251129_005737904.mp4
\档案馆\木耳 20240425-20251129,VIDEO_20240822_233251032.mp4
\档案馆\木耳 20240425-20251129,VIDEO_20251129_010218623.mp4
\档案馆\木耳 20240425-20251129,mmexport1765105211697.mp4
\档案馆\木耳 20240425-20251129,VIDEO_20251129_005839919.mp4
\档案馆\木耳 20240425-20251129,VIDEO_20251129_005434418.mp4
\档案馆\木耳 20240425-20251129,VIDEO_20251129_005403435.mp4
\档案馆\木耳 20240425-20251129,VIDEO_20251129_005826077.mp4
\档案馆\木耳 20240425-20251129,VIDEO_20251129_005958278.mp4
\档案馆\木耳 20240425-20251129,VIDEO_20251129_010017721.mp4
\档案馆\木耳 20240425-20251129,VIDEO_20251129_005750207.mp4
\档案馆\木耳 20240425-20251129,VIDEO_20241201_181807606.mp4
\档案馆\木耳 20240425-20251129,VIDEO_20251129_005343091.mp4
\档案馆\木耳 20240425-20251129,VIDEO_20251125_075541149.mp4
\档案馆\木耳 20240425-20251129,VIDEO_20251125_075417811.mp4
\档案馆\木耳 20240425-20251129,VIDEO_20240704_200159577.mp4
\档案馆\木耳 20240425-20251129,VIDEO_20250910_095726861.mp4
\档案馆\木耳 20240425-20251129,VIDEO_20250905_020142903.mp4
\档案馆\木耳 20240425-20251129,VIDEO_20250910_100009546.mp4
\档案馆\木耳 20240425-20251129,VIDEO_20250902_232705380.mp4
\档案馆\木耳 20240425-20251129,VIDEO_20250910_095920524.mp4
\档案馆\木耳 20240425-20251129,VIDEO_20250905_015751938.mp4
\档案馆\木耳 20240425-20251129,VIDEO_20250905_015837644.mp4
\档案馆\木耳 20240425-20251129,VIDEO_20250905_015646203.mp4
\档案馆\木耳 20240425-20251129,VIDEO_20250905_015807004.mp4
\档案馆\木耳 20240425-20251129,VIDEO_20250905_015550151.mp4
\档案馆\木耳 20240425-20251129,VIDEO_20250902_232434915.mp4
\档案馆\木耳 20240425-20251129,VIDEO_20251125_075511009.mp4
\档案馆\木耳 20240425-20251129,VIDEO_20251125_075445900.mp4
\档案馆\木耳 20240425-20251129,VIDEO_20250905_020149638.mp4
\档案馆\木耳 20240425-20251129,VIDEO_20250910_095802027.mp4
\档案馆\木耳 20240425-20251129,VIDEO_20251124_120627901.mp4
\档案馆\木耳 20240425-20251129,VIDEO_20250905_015716107.mp4
\档案馆\木耳 20240425-20251129,VIDEO_20251124_120600623.mp4
\档案馆\木耳 20240425-20251129,VIDEO_20250905_020213516.mp4
\档案馆\木耳 20240425-20251129,VIDEO_20250905_020057918.mp4
\档案馆\木耳 20240425-20251129,VIDEO_20250910_095932873.mp4
\档案馆\木耳 20240425-20251129,VIDEO_20250902_232210620.mp4
\档案馆\木耳 20240425-20251129,VIDEO_20250902_232458747.mp4
\档案馆\木耳 20240425-20251129,VIDEO_20250902_232600677.mp4
\档案馆\木耳 20240425-20251129,VIDEO_20250902_232319684.mp4
\档案馆\木耳 20240425-20251129,VIDEO_20250902_232536929.mp4
\档案馆\木耳 20240425-20251129,VIDEO_20250905_015707847.mp4
\档案馆\木耳 20240425-20251129,VIDEO_20250902_232528787.mp4
\档案馆\木耳 20240425-20251129,VIDEO_20250902_231914959.mp4
\档案馆\木耳 20240425-20251129,VIDEO_20250818_161114221.mp4
\档案馆\木耳 20240425-20251129,VIDEO_20240729_163629049.mp4
\档案馆\木耳 20240425-20251129,VIDEO_20250902_232244537.mp4
\档案馆\木耳 20240425-20251129,VIDEO_20250902_232128338.mp4
\档案馆\木耳 20240425-20251129,VIDEO_20250902_232124975.mp4
\档案馆\木耳 20240425-20251129,VIDEO_20250902_232233588.mp4
\档案馆\木耳 20240425-20251129,VIDEO_20250902_232512695.mp4
\档案馆\木耳 20240425-20251129,VIDEO_20250905_015505666.mp4
\档案馆\木耳 20240425-20251129,VIDEO_20250902_232049557.mp4
\档案馆\木耳 20240425-20251129,VIDEO_20250902_231804873.mp4
\档案馆\木耳 20240425-20251129,VIDEO_20250902_231840045.mp4
\档案馆\木耳 20240425-20251129,VIDEO_20250902_231511274.mp4
\档案馆\木耳 20240425-20251129,VIDEO_20250902_231717126.mp4
\档案馆\木耳 20240425-20251129,20251126_160737.mp4
\档案馆\木耳 20240425-20251129,VIDEO_20250902_231608280.mp4
\档案馆\木耳 20240425-20251129,VIDEO_20250902_231218550.mp4
\档案馆\木耳 20240425-20251129,VIDEO_20250902_231313702.mp4
\档案馆\木耳 20240425-20251129,VIDEO_20250902_231729603.mp4
\档案馆\木耳 20240425-20251129,VIDEO_20250902_232103000.mp4
\档案馆\木耳 20240425-20251129,VIDEO_20250902_232117191.mp4
\档案馆\木耳 20240425-20251129,VIDEO_20250902_232107163.mp4
\档案馆\木耳 20240425-20251129,VIDEO_20250902_231936128.mp4
\档案馆\木耳 20240425-20251129,VIDEO_20250902_231242445.mp4
\档案馆\木耳 20240425-20251129,VIDEO_20250902_231342005.mp4
\档案馆\木耳 20240425-20251129,VIDEO_20250902_231942297.mp4
\档案馆\木耳 20240425-20251129,VIDEO_20250902_232113451.mp4
\档案馆\木耳 20240425-20251129,VIDEO_20250902_231955351.mp4
\档案馆\木耳 20240425-20251129,VIDEO_20250902_231114013.mp4
\档案馆\木耳 20240425-20251129,VIDEO_20250902_231048340.mp4
\档案馆\木耳 20240425-20251129,VIDEO_20250818_161423438.mp4
\档案馆\木耳 20240425-20251129,VIDEO_20250818_161509368.mp4
\档案馆\木耳 20240425-20251129,VIDEO_20250818_161156341.mp4
\档案馆\木耳 20240425-20251129,VIDEO_20250818_160857249.mp4
\档案馆\木耳 20240425-20251129,VIDEO_20250818_160925631.mp4
\档案馆\木耳 20240425-20251129,VIDEO_20250818_160342918.mp4
\档案馆\木耳 20240425-20251129,VIDEO_20250818_160618408.mp4
\档案馆\木耳 20240425-20251129,VIDEO_20250818_160635485.mp4
\档案馆\木耳 20240425-20251129,VIDEO_20250818_160454579.mp4
\档案馆\木耳 20240425-20251129,VIDEO_20250818_160642860.mp4
\档案馆\木耳 20240425-20251129,VIDEO_20250818_160650621.mp4
\档案馆\木耳 20240425-20251129,VIDEO_20250818_161224899.mp4
\档案馆\木耳 20240425-20251129,VIDEO_20250902_231033321.mp4
\档案馆\木耳 20240425-20251129,VIDEO_20250818_160738675.mp4
\档案馆\木耳 20240425-20251129,VIDEO_20250818_160728558.mp4
\档案馆\木耳 20240425-20251129,VIDEO_20250818_160733716.mp4
\档案馆\木耳 20240425-20251129,VIDEO_20250818_160758081.mp4
\档案馆\木耳 20240425-20251129,VIDEO_20250818_161119650.mp4
\档案馆\木耳 20240425-20251129,VIDEO_20250818_160808000.mp4
\档案馆\木耳 20240425-20251129,VIDEO_20250818_161213119.mp4
\档案馆\木耳 20240425-20251129,VIDEO_20250818_160724547.mp4
\档案馆\木耳 20240425-20251129,VIDEO_20240705_191755104.mp4
\档案馆\木耳 20240425-20251129,VIDEO_20250818_160436878.mp4
\档案馆\木耳 20240425-20251129,VIDEO_20250818_160516423.mp4
\档案馆\木耳 20240425-20251129,VIDEO_20250818_160428160.mp4
\档案馆\木耳 20240425-20251129,VIDEO_20250818_160407755.mp4
\档案馆\木耳 20240425-20251129,VIDEO_20250818_160626460.mp4
\档案馆\木耳 20240425-20251129,VIDEO_20250816_041146888.mp4
\档案馆\木耳 20240425-20251129,VIDEO_20241012_151742433.mp4
\档案馆\木耳 20240425-20251129,VIDEO_20240930_202334223.mp4
\档案馆\木耳 20240425-20251129,VIDEO_20240709_163938994.mp4
\档案馆\木耳 20240425-20251129,VIDEO_20240702_202230901.mp4
\档案馆\木耳 20240425-20251129,VIDEO_20240727_215910521.mp4
\档案馆\木耳 20240425-20251129,VIDEO_20240704_124019138.mp4
\档案馆\木耳 20240425-20251129,VIDEO_20240702_165118901.mp4
\档案馆\木耳 20240425-20251129,VIDEO_20240712_211346102.mp4
\档案馆\木耳 20240425-20251129,VIDEO_20240626_193223093.mp4
\档案馆\木耳 20240425-20251129,VIDEO_20240705_150952319.mp4
\档案馆\木耳 20240425-20251129,VIDEO_20240702_140558218.mp4
\档案馆\木耳 20240425-20251129,mmexport1765105208095.mp4
\档案馆\木耳 20240425-20251129,VIDEO_20240626_192932199.mp4
\档案馆\木耳 20240425-20251129,VIDEO_20240621_194211313.mp4
\档案馆\木耳 20240425-20251129,VIDEO_20240628_083225117.mp4
\档案馆\木耳 20240425-20251129,VIDEO_20240627_140157345.mp4
\档案馆\木耳 20240425-20251129,20251129_090318.mp4
\档案馆\木耳 20240425-20251129,20251129_083941.mp4
\档案馆\木耳 20240425-20251129,VIDEO_20240621_193705809.mp4
\档案馆\木耳 20240425-20251129,PIC_20240729_162814793.jpg
\档案馆\木耳 20240425-20251129,PIC_20240727_233359037.jpg
\档案馆\木耳 20240425-20251129,PIC_20240723_110457189.jpg
\档案馆\木耳 20240425-20251129,VIDEO_20250818_160402494.mp4
\档案馆\木耳 20240425-20251129,VIDEO_20250816_041155458.mp4
\档案馆\木耳 20240425-20251129,PIC_20240807_103507252.jpg
\档案馆\木耳 20240425-20251129,PIC_20240715_163237400.jpg
\档案馆\木耳 20240425-20251129,PIC_20240726_173616348.jpg
\档案馆\木耳 20240425-20251129,PIC_20240808_174002946.jpg
\档案馆\木耳 20240425-20251129,PIC_20240703_193239127.jpg
\档案馆\木耳 20240425-20251129,PIC_20240705_191758325.jpg
\档案馆\木耳 20240425-20251129,PIC_20240816_180046976.jpg
\档案馆\木耳 20240425-20251129,PIC_20241201_181256891.jpg
\档案馆\木耳 20240425-20251129,PIC_20241012_104257628.jpg
\档案馆\木耳 20240425-20251129,PIC_20240910_221148906.jpg
\档案馆\木耳 20240425-20251129,mmexport1764467292535.mp4
\档案馆\木耳 20240425-20251129,PIC_20241011_120504952.jpg
\档案馆\木耳 20240425-20251129,Screenshot_2024-08-07-22-24-56-173_com.xiaomi.smarthome.jpg
\档案馆\木耳 20240425-20251129,PIC_20240813_174609858.jpg
\档案馆\木耳 20240425-20251129,PIC_20240809_190033836.jpg
\档案馆\木耳 20240425-20251129,mmexport1761546570805.mp4
\档案馆\木耳 20240425-20251129,mmexport1764844745213.jpg
\档案馆\木耳 20240425-20251129,mmexport1764467282154.mp4
\档案馆\木耳 20240425-20251129,IMG_20241003_003838.jpg
\档案馆\木耳 20240425-20251129,PIC_20240627_135936320.jpg
\档案馆\木耳 20240425-20251129,mmexport1764844723698.jpg
\档案馆\木耳 20240425-20251129,mmexport1716566522226.jpg
\档案馆\木耳 20240425-20251129,mmexport1715324635444.jpg
\档案馆\木耳 20240425-20251129,mmexport1715165897980.jpg
\档案馆\木耳 20240425-20251129,PIC_20240628_192201048.jpg
\档案馆\木耳 20240425-20251129,PIC_20240701_215911075.jpg
\档案馆\木耳 20240425-20251129,PIC_20240709_163727899.jpg
\档案馆\木耳 20240425-20251129,PIC_20240701_220046857.jpg
\档案馆\木耳 20240425-20251129,PIC_20240723_092829830.jpg
\档案馆\木耳 20240425-20251129,PIC_20240703_171857030.jpg
\档案馆\木耳 20240425-20251129,PIC_20240701_180830092.jpg
\档案馆\木耳 20240425-20251129,PIC_20240729_162821301.jpg
\档案馆\木耳 20240425-20251129,PIC_20240807_222456173.jpg
\档案馆\木耳 20240425-20251129,PIC_20240712_122335637.jpg
\档案馆\木耳 20240425-20251129,PIC_20240703_172343353.jpg
\档案馆\木耳 20240425-20251129,IMG_20240919_210807.jpg
\档案馆\木耳 20240425-20251129,IMG_20240919_212717.jpg
\档案馆\木耳 20240425-20251129,IMG_20240919_210825.jpg
\档案馆\木耳 20240425-20251129,IMG_20240919_211004.jpg
\档案馆\木耳 20240425-20251129,IMG_20240917_185438.jpg
\档案馆\木耳 20240425-20251129,IMG_20240919_210817.jpg
\档案馆\木耳 20240425-20251129,IMG_20240816_033519.jpg
\档案馆\木耳 20240425-20251129,IMG_20241001_004302.jpg
\档案馆\木耳 20240425-20251129,IMG_20241001_004711.jpg
\档案馆\木耳 20240425-20251129,IMG_20240807_223104.jpg
\档案馆\木耳 20240425-20251129,IMG_20241001_004510.jpg
\档案馆\木耳 20240425-20251129,IMG_20241001_004025.jpg
\档案馆\木耳 20240425-20251129,IMG_20241003_003757.jpg
\档案馆\木耳 20240425-20251129,IMG_20241001_004335.jpg
\档案馆\木耳 20240425-20251129,IMG_20241001_004009.jpg
\档案馆\木耳 20240425-20251129,IMG_20240805_222010.jpg
\档案馆\木耳 20240425-20251129,IMG_20241003_003813.jpg
\档案馆\木耳 20240425-20251129,IMG_20241001_004712.jpg
\档案馆\木耳 20240425-20251129,IMG_20240810_194400.jpg
\档案馆\木耳 20240425-20251129,IMG_20240805_033802.jpg
\档案馆\木耳 20240425-20251129,IMG_20240805_160632.jpg
\档案馆\木耳 20240425-20251129,IMG_20241001_004708.jpg
\档案馆\木耳 20240425-20251129,PIC_20240621_194406279.jpg
\档案馆\木耳 20240425-20251129,IMG_20240912_185127.jpg
\档案馆\木耳 20240425-20251129,IMG_20240917_135239.jpg
\档案馆\木耳 20240425-20251129,IMG_20240915_160854.jpg
\档案馆\木耳 20240425-20251129,IMG_20240917_134954.jpg
\档案馆\木耳 20240425-20251129,IMG_20240912_185018.jpg
\档案馆\木耳 20240425-20251129,IMG_20240925_231449.jpg
\档案馆\木耳 20240425-20251129,IMG_20240917_135241.jpg
\档案馆\木耳 20240425-20251129,IMG_20240929_235312.jpg
\档案馆\木耳 20240425-20251129,IMG_20240917_185430.jpg
\档案馆\木耳 20240425-20251129,IMG_20240925_231452.jpg
\档案馆\木耳 20240425-20251129,IMG_20240902_031513.jpg
\档案馆\木耳 20240425-20251129,IMG_20240619_202948.jpg
\档案馆\木耳 20240425-20251129,IMG_20240619_202836.jpg
\档案馆\木耳 20240425-20251129,IMG_20240619_202856.jpg
\档案馆\木耳 20240425-20251129,IMG_20240619_202300.jpg
\档案馆\木耳 20240425-20251129,IMG_20240619_020329.jpg
\档案馆\木耳 20240425-20251129,IMG_20240619_202222.jpg
\档案馆\木耳 20240425-20251129,IMG_20240909_194520.jpg
\档案馆\木耳 20240425-20251129,IMG_20240917_134953.jpg
\档案馆\木耳 20240425-20251129,IMG_20240915_085110.jpg
\档案馆\木耳 20240425-20251129,IMG_20240917_134827.jpg
\档案馆\木耳 20240425-20251129,IMG_20240910_220851.jpg
\档案馆\木耳 20240425-20251129,IMG_20240907_180406.jpg
\档案馆\木耳 20240425-20251129,IMG_20240910_220841.jpg
\档案馆\木耳 20240425-20251129,IMG_20240909_193443.jpg
\档案馆\木耳 20240425-20251129,IMG_20240915_085311.jpg
\档案馆\木耳 20240425-20251129,IMG_20240909_194001.jpg
\档案馆\木耳 20240425-20251129,IMG_20240908_214048.jpg
\档案馆\木耳 20240425-20251129,IMG_20240915_085328.jpg
\档案馆\木耳 20240425-20251129,IMG_20240915_210442.jpg
\档案馆\木耳 20240425-20251129,IMG_20240909_193521.jpg
\档案馆\木耳 20240425-20251129,IMG_20240908_214015.jpg
\档案馆\木耳 20240425-20251129,IMG_20240830_213935.jpg
\档案馆\木耳 20240425-20251129,IMG_20240826_010535.jpg
\档案馆\木耳 20240425-20251129,IMG_20240829_185515.jpg
\档案馆\木耳 20240425-20251129,IMG_20240907_180346.jpg
\档案馆\木耳 20240425-20251129,IMG_20240901_002514.jpg
\档案馆\木耳 20240425-20251129,IMG_20240826_010727.jpg
\档案馆\木耳 20240425-20251129,IMG_20240826_010735.jpg
\档案馆\木耳 20240425-20251129,IMG_20240901_062135.jpg
\档案馆\木耳 20240425-20251129,IMG_20240826_010544.jpg
\档案馆\木耳 20240425-20251129,IMG_20240824_033512.jpg
\档案馆\木耳 20240425-20251129,IMG_20240824_033051.jpg
\档案馆\木耳 20240425-20251129,IMG_20240824_033516.jpg
\档案馆\木耳 20240425-20251129,IMG_20240818_203740.jpg
\档案馆\木耳 20240425-20251129,IMG_20240824_033517.jpg
\档案馆\木耳 20240425-20251129,IMG_20240824_033446.jpg
\档案馆\木耳 20240425-20251129,IMG_20240818_203557.jpg
\档案馆\木耳 20240425-20251129,IMG_20240824_033311.jpg
\档案馆\木耳 20240425-20251129,IMG_20240824_033518.jpg
\档案馆\木耳 20240425-20251129,IMG_20240824_033111.jpg
\档案馆\木耳 20240425-20251129,IMG_20240807_222529.jpg
\档案馆\木耳 20240425-20251129,IMG_20240824_161031.jpg
\档案馆\木耳 20240425-20251129,IMG_20240824_032940.jpg
\档案馆\木耳 20240425-20251129,IMG_20240824_033213.jpg
\档案馆\木耳 20240425-20251129,IMG_20240804_205929.jpg
\档案馆\木耳 20240425-20251129,IMG_20240803_000221.jpg
\档案馆\木耳 20240425-20251129,IMG_20240803_120634.jpg
\档案馆\木耳 20240425-20251129,IMG_20240804_205848.jpg
\档案馆\木耳 20240425-20251129,IMG_20240804_161022.jpg
\档案馆\木耳 20240425-20251129,IMG_20240804_161320.jpg
\档案馆\木耳 20240425-20251129,IMG_20240803_000149.jpg
\档案馆\木耳 20240425-20251129,IMG_20240731_151211.jpg
\档案馆\木耳 20240425-20251129,IMG_20240803_000410.jpg
\档案馆\木耳 20240425-20251129,IMG_20240804_161017.jpg
\档案馆\木耳 20240425-20251129,IMG_20240803_000211.jpg
\档案馆\木耳 20240425-20251129,IMG_20240721_003814.jpg
\档案馆\木耳 20240425-20251129,IMG_20240724_004126.jpg
\档案馆\木耳 20240425-20251129,IMG_20240720_231452.jpg
\档案馆\木耳 20240425-20251129,IMG_20240724_195041.jpg
\档案馆\木耳 20240425-20251129,IMG_20240724_004139.jpg
\档案馆\木耳 20240425-20251129,IMG_20240724_003829.jpg
\档案馆\木耳 20240425-20251129,IMG_20240720_231941.jpg
\档案馆\木耳 20240425-20251129,IMG_20240726_002612.jpg
\档案馆\木耳 20240425-20251129,IMG_20240727_013727.jpg
\档案馆\木耳 20240425-20251129,IMG_20240724_003839.jpg
\档案馆\木耳 20240425-20251129,IMG_20240729_221450.jpg
\档案馆\木耳 20240425-20251129,IMG_20240722_001907.jpg
\档案馆\木耳 20240425-20251129,IMG_20240729_224312.jpg
\档案馆\木耳 20240425-20251129,IMG_20240724_195120.jpg
\档案馆\木耳 20240425-20251129,IMG_20240708_222923.jpg
\档案馆\木耳 20240425-20251129,IMG_20240708_214740.jpg
\档案馆\木耳 20240425-20251129,IMG_20240710_002053.jpg
\档案馆\木耳 20240425-20251129,IMG_20240720_231506.jpg
\档案馆\木耳 20240425-20251129,IMG_20240721_004134.jpg
\档案馆\木耳 20240425-20251129,IMG_20240701_001635.jpg
\档案馆\木耳 20240425-20251129,IMG_20240626_223632.jpg
\档案馆\木耳 20240425-20251129,IMG_20240720_231458.jpg
\档案馆\木耳 20240425-20251129,IMG_20240701_000511.jpg
\档案馆\木耳 20240425-20251129,IMG_20240706_130512.jpg
\档案馆\木耳 20240425-20251129,IMG_20240706_130302.jpg
\档案馆\木耳 20240425-20251129,IMG_20240602_203338.jpg
\档案馆\木耳 20240425-20251129,IMG_20240603_230744.jpg
\档案馆\木耳 20240425-20251129,IMG_20240707_202807.jpg
\档案馆\木耳 20240425-20251129,IMG_20240707_202841.jpg
\档案馆\木耳 20240425-20251129,IMG_20240707_202745.jpg
\档案馆\木耳 20240425-20251129,IMG_20240708_214641.jpg
\档案馆\木耳 20240425-20251129,IMG_20240708_214308.jpg
\档案馆\木耳 20240425-20251129,IMG_20240708_002657.jpg
\档案馆\木耳 20240425-20251129,IMG_20240708_002723.jpg
\档案馆\木耳 20240425-20251129,IMG_20240708_004728.jpg
\档案馆\木耳 20240425-20251129,IMG_20240706_152509.jpg
\档案馆\木耳 20240425-20251129,IMG_20240708_214727.jpg
\档案馆\木耳 20240425-20251129,IMG_20240706_130239.jpg
\档案馆\木耳 20240425-20251129,IMG_20240701_220122.jpg
\档案馆\木耳 20240425-20251129,IMG_20240624_221300.jpg
\档案馆\木耳 20240425-20251129,IMG_20240701_001300.jpg
\档案馆\木耳 20240425-20251129,IMG_20240706_151641.jpg
\档案馆\木耳 20240425-20251129,IMG_20240702_223131.jpg
\档案馆\木耳 20240425-20251129,IMG_20240706_151638.jpg
\档案馆\木耳 20240425-20251129,IMG_20240629_194333.jpg
\档案馆\木耳 20240425-20251129,IMG_20240622_000958.jpg
\档案馆\木耳 20240425-20251129,IMG_20240625_003225.jpg
\档案馆\木耳 20240425-20251129,IMG_20240706_151759.jpg
\档案馆\木耳 20240425-20251129,IMG_20240704_004659.jpg
\档案馆\木耳 20240425-20251129,IMG_20240704_004705.jpg
\档案馆\木耳 20240425-20251129,IMG_20240626_192940.jpg
\档案馆\木耳 20240425-20251129,IMG_20240622_001431.jpg
\档案馆\木耳 20240425-20251129,IMG_20240626_081919.jpg
\档案馆\木耳 20240425-20251129,IMG_20240705_000450.jpg
\档案馆\木耳 20240425-20251129,IMG_20240706_134229.jpg
\档案馆\木耳 20240425-20251129,IMG_20240706_151618.jpg
\档案馆\木耳 20240425-20251129,IMG_20240628_192255.jpg
\档案馆\木耳 20240425-20251129,IMG_20240626_084017.jpg
\档案馆\木耳 20240425-20251129,IMG_20240629_210338.jpg
\档案馆\木耳 20240425-20251129,IMG_20240628_192036.jpg
\档案馆\木耳 20240425-20251129,IMG_20240626_223404.jpg
\档案馆\木耳 20240425-20251129,IMG_20240706_152156.jpg
\档案馆\木耳 20240425-20251129,IMG_20240706_130307.jpg
\档案馆\木耳 20240425-20251129,IMG_20240706_130508.jpg
\档案馆\木耳 20240425-20251129,IMG_20240625_002825.jpg
\档案馆\木耳 20240425-20251129,IMG_20240622_215443.jpg
\档案馆\木耳 20240425-20251129,IMG_20240630_213846.jpg
\档案馆\木耳 20240425-20251129,IMG_20240704_221423.jpg
\档案馆\木耳 20240425-20251129,IMG_20240704_005622.jpg
\档案馆\木耳 20240425-20251129,IMG_20240622_215320.jpg
\档案馆\木耳 20240425-20251129,IMG_20240621_194503.jpg
\档案馆\木耳 20240425-20251129,IMG_20240625_233247.jpg
\档案馆\木耳 20240425-20251129,IMG_20240626_194133.jpg
\档案馆\木耳 20240425-20251129,IMG_20240627_084124.jpg
\档案馆\木耳 20240425-20251129,IMG_20240624_221225.jpg
\档案馆\木耳 20240425-20251129,IMG_20240622_001631.jpg
\档案馆\木耳 20240425-20251129,IMG_20240622_000915.jpg
\档案馆\木耳 20240425-20251129,IMG_20240630_213855.jpg
\档案馆\木耳 20240425-20251129,IMG_20240626_081826.jpg
\档案馆\木耳 20240425-20251129,IMG_20240624_221303.jpg
\档案馆\木耳 20240425-20251129,IMG_20240620_011007.jpg
\档案馆\木耳 20240425-20251129,IMG_20240701_001239.jpg
\档案馆\木耳 20240425-20251129,IMG_20240618_205104.jpg
\档案馆\木耳 20240425-20251129,IMG_20240619_020319.jpg
\档案馆\木耳 20240425-20251129,IMG_20240620_010748.jpg
\档案馆\木耳 20240425-20251129,IMG_20240619_020131.jpg
\档案馆\木耳 20240425-20251129,IMG_20240617_215813.jpg
\档案馆\木耳 20240425-20251129,IMG_20240613_130233.jpg
\档案馆\木耳 20240425-20251129,IMG_20240611_232538.jpg
\档案馆\木耳 20240425-20251129,IMG_20240616_190919.jpg
\档案馆\木耳 20240425-20251129,IMG_20240615_200931.jpg
\档案馆\木耳 20240425-20251129,IMG_20240612_134343.jpg
\档案馆\木耳 20240425-20251129,IMG_20240612_134350.jpg
\档案馆\木耳 20240425-20251129,IMG_20240617_215941.jpg
\档案馆\木耳 20240425-20251129,IMG_20240615_201241.jpg
\档案馆\木耳 20240425-20251129,IMG_20240615_200940.jpg
\档案馆\木耳 20240425-20251129,IMG_20240615_234320.jpg
\档案馆\木耳 20240425-20251129,IMG_20240611_222153.jpg
\档案馆\木耳 20240425-20251129,IMG_20240616_191204.jpg
\档案馆\木耳 20240425-20251129,IMG_20240616_190536.jpg
\档案馆\木耳 20240425-20251129,IMG_20240613_125912.jpg
\档案馆\木耳 20240425-20251129,IMG_20240618_002458.jpg
\档案馆\木耳 20240425-20251129,IMG_20240611_234103.jpg
\档案馆\木耳 20240425-20251129,IMG_20240612_134334.jpg
\档案馆\木耳 20240425-20251129,IMG_20240612_131552.jpg
\档案馆\木耳 20240425-20251129,IMG_20240614_073143.jpg
\档案馆\木耳 20240425-20251129,IMG_20240615_152742.jpg
\档案馆\木耳 20240425-20251129,IMG_20240614_073157.jpg
\档案馆\木耳 20240425-20251129,IMG_20240613_230735.jpg
\档案馆\木耳 20240425-20251129,IMG_20240615_084303.jpg
\档案馆\木耳 20240425-20251129,IMG_20240611_133612.jpg
\档案馆\木耳 20240425-20251129,IMG_20240615_152111.jpg
\档案馆\木耳 20240425-20251129,IMG_20240612_131509.jpg
\档案馆\木耳 20240425-20251129,IMG_20240614_124224.jpg
\档案馆\木耳 20240425-20251129,IMG_20240611_085627.jpg
\档案馆\木耳 20240425-20251129,IMG_20240611_133414.jpg
\档案馆\木耳 20240425-20251129,IMG_20240611_085715.jpg
\档案馆\木耳 20240425-20251129,IMG_20240614_073206.jpg
\档案馆\木耳 20240425-20251129,IMG_20240611_124134.jpg
\档案馆\木耳 20240425-20251129,IMG_20240611_222132.jpg
\档案馆\木耳 20240425-20251129,IMG_20240611_085632.jpg
\档案馆\木耳 20240425-20251129,IMG_20240615_184808.jpg
\档案馆\木耳 20240425-20251129,IMG_20240613_230743.jpg
\档案馆\木耳 20240425-20251129,IMG_20240611_133614.jpg
\档案馆\木耳 20240425-20251129,IMG_20240611_124157.jpg
\档案馆\木耳 20240425-20251129,IMG_20240611_133513.jpg
\档案馆\木耳 20240425-20251129,IMG_20240608_190222.jpg
\档案馆\木耳 20240425-20251129,IMG_20240610_172457.jpg
\档案馆\木耳 20240425-20251129,IMG_20240609_174424.jpg
\档案馆\木耳 20240425-20251129,IMG_20240608_160126.jpg
\档案馆\木耳 20240425-20251129,IMG_20240610_152746.jpg
\档案馆\木耳 20240425-20251129,IMG_20240608_160751.jpg
\档案馆\木耳 20240425-20251129,IMG_20240609_182526.jpg
\档案馆\木耳 20240425-20251129,IMG_20240610_153928.jpg
\档案馆\木耳 20240425-20251129,IMG_20240609_104901.jpg
\档案馆\木耳 20240425-20251129,IMG_20240610_154354.jpg
\档案馆\木耳 20240425-20251129,IMG_20240609_182519.jpg
\档案馆\木耳 20240425-20251129,IMG_20240608_160739.jpg
\档案馆\木耳 20240425-20251129,IMG_20240611_082520.jpg
\档案馆\木耳 20240425-20251129,IMG_20240611_082424.jpg
\档案馆\木耳 20240425-20251129,IMG_20240610_124152.jpg
\档案馆\木耳 20240425-20251129,IMG_20240610_152727.jpg
\档案馆\木耳 20240425-20251129,IMG_20240608_160322.jpg
\档案馆\木耳 20240425-20251129,IMG_20240608_131757.jpg
\档案馆\木耳 20240425-20251129,IMG_20240611_082444.jpg
\档案馆\木耳 20240425-20251129,IMG_20240608_100604.jpg
\档案馆\木耳 20240425-20251129,IMG_20240522_125518.jpg
\档案馆\木耳 20240425-20251129,IMG_20240526_111129.jpg
\档案馆\木耳 20240425-20251129,IMG_20240528_194618.jpg
\档案馆\木耳 20240425-20251129,IMG_20240521_110556.jpg
\档案馆\木耳 20240425-20251129,IMG_20240526_111522.jpg
\档案馆\木耳 20240425-20251129,IMG_20240519_200757.jpg
\档案馆\木耳 20240425-20251129,IMG_20240531_132424.jpg
\档案馆\木耳 20240425-20251129,IMG_20240527_065810.jpg
\档案馆\木耳 20240425-20251129,IMG_20240608_100524.jpg
\档案馆\木耳 20240425-20251129,IMG_20240526_110931.jpg
\档案馆\木耳 20240425-20251129,IMG_20240521_110602.jpg
\档案馆\木耳 20240425-20251129,IMG_20240521_110607.jpg
\档案馆\木耳 20240425-20251129,IMG_20240520_112934.jpg
\档案馆\木耳 20240425-20251129,IMG_20240528_194647.jpg
\档案馆\木耳 20240425-20251129,IMG_20240520_220837.jpg
\档案馆\木耳 20240425-20251129,IMG_20240522_125949.jpg
\档案馆\木耳 20240425-20251129,IMG_20240522_153357.jpg
\档案馆\木耳 20240425-20251129,IMG_20240526_181844.jpg
\档案馆\木耳 20240425-20251129,IMG_20240608_100507.jpg
\档案馆\木耳 20240425-20251129,IMG_20240604_195954.jpg
\档案馆\木耳 20240425-20251129,IMG_20240522_125444.jpg
\档案馆\木耳 20240425-20251129,IMG_20240527_065911.jpg
\档案馆\木耳 20240425-20251129,IMG_20240522_124409.jpg
\档案馆\木耳 20240425-20251129,IMG_20240520_204845.jpg
\档案馆\木耳 20240425-20251129,IMG_20240528_195343.jpg
\档案馆\木耳 20240425-20251129,IMG_20240528_195329.jpg
\档案馆\木耳 20240425-20251129,IMG_20240520_112825.jpg
\档案馆\木耳 20240425-20251129,IMG_20240520_113014.jpg
\档案馆\木耳 20240425-20251129,IMG_20240519_200840.jpg
\档案馆\木耳 20240425-20251129,IMG_20240528_195317.jpg
\档案馆\木耳 20240425-20251129,IMG_20240522_125508.jpg
\档案馆\木耳 20240425-20251129,IMG_20240520_212414.jpg
\档案馆\木耳 20240425-20251129,IMG_20240519_200512.jpg
\档案馆\木耳 20240425-20251129,IMG_20240527_065850.jpg
\档案馆\木耳 20240425-20251129,IMG_20240527_070338.jpg
\档案馆\木耳 20240425-20251129,IMG_20240520_212418.jpg
\档案馆\木耳 20240425-20251129,IMG_20240520_204849.jpg
\档案馆\木耳 20240425-20251129,IMG_20240522_125452.jpg
\档案馆\木耳 20240425-20251129,IMG_20240518_182917.jpg
\档案馆\木耳 20240425-20251129,IMG_20240518_182024.jpg
\档案馆\木耳 20240425-20251129,IMG_20240518_182052.jpg
\档案馆\木耳 20240425-20251129,IMG_20240518_181959.jpg
\档案馆\木耳 20240425-20251129,IMG_20240518_183345.jpg
\档案馆\木耳 20240425-20251129,IMG_20240518_154810.jpg
\档案馆\木耳 20240425-20251129,IMG_20240518_182929.jpg
\档案馆\木耳 20240425-20251129,IMG_20240518_182920.jpg
\档案馆\木耳 20240425-20251129,IMG_20240518_155431.jpg
\档案馆\木耳 20240425-20251129,IMG_20240518_182045.jpg
\档案馆\木耳 20240425-20251129,IMG_20240518_194014.jpg
\档案馆\木耳 20240425-20251129,IMG_20240518_184051.jpg
\档案馆\木耳 20240425-20251129,IMG_20240518_191519.jpg
\档案馆\木耳 20240425-20251129,IMG_20240518_193757.jpg
\档案馆\木耳 20240425-20251129,IMG_20240519_155236.jpg
\档案馆\木耳 20240425-20251129,IMG_20240518_205210.jpg
\档案馆\木耳 20240425-20251129,IMG_20240519_155248.jpg
\档案馆\木耳 20240425-20251129,IMG_20240518_192254.jpg
\档案馆\木耳 20240425-20251129,IMG_20240518_183500.jpg
\档案馆\木耳 20240425-20251129,IMG_20240518_190728.jpg
\档案馆\木耳 20240425-20251129,IMG_20240517_132204.jpg
\档案馆\木耳 20240425-20251129,IMG_20240517_230603.jpg
\档案馆\木耳 20240425-20251129,IMG_20240518_154744.jpg
\档案馆\木耳 20240425-20251129,IMG_20240518_154508.jpg
\档案馆\木耳 20240425-20251129,IMG_20240517_230503.jpg
\档案馆\木耳 20240425-20251129,IMG_20240517_225725.jpg
\档案馆\木耳 20240425-20251129,IMG_20240509_171746.jpg
\档案馆\木耳 20240425-20251129,IMG_20240518_154533.jpg
\档案馆\木耳 20240425-20251129,IMG_20240517_225353.jpg
\档案馆\木耳 20240425-20251129,IMG_20240517_225600.jpg
\档案馆\木耳 20240425-20251129,IMG_20240518_154745.jpg
\档案馆\木耳 20240425-20251129,IMG_20240517_182632.jpg
\档案馆\木耳 20240425-20251129,IMG_20240518_154742.jpg
\档案馆\木耳 20240425-20251129,IMG_20240509_190014.jpg
\档案馆\木耳 20240425-20251129,IMG_20240517_224357.jpg
\档案馆\木耳 20240425-20251129,IMG_20240517_182620.jpg
\档案馆\木耳 20240425-20251129,IMG_20240517_175630.jpg
\档案馆\木耳 20240425-20251129,IMG_20240517_224410.jpg
\档案馆\木耳 20240425-20251129,IMG_20240517_225713.jpg
\档案馆\木耳 20240425-20251129,IMG_20240518_154634.jpg
\档案馆\木耳 20240425-20251129,IMG_20240509_090953.jpg
\档案馆\木耳 20240425-20251129,IMG_20240509_191032.jpg
\档案馆\木耳 20240425-20251129,IMG_20240517_230510.jpg
\档案馆\木耳 20240425-20251129,IMG_20240509_083128.jpg
\档案馆\木耳 20240425-20251129,IMG_20240517_225550.jpg
\档案馆\木耳 20240425-20251129,IMG_20240509_185949.jpg
\档案馆\木耳 20240425-20251129,IMG_20240509_191354.jpg
\档案馆\木耳 20240425-20251129,IMG_20240517_225610.jpg
\档案馆\木耳 20240425-20251129,IMG_20240517_225250.jpg
\档案馆\木耳 20240425-20251129,IMG_20240517_225614.jpg
\档案馆\木耳 20240425-20251129,IMG_20240517_132205.jpg
\档案馆\木耳 20240425-20251129,IMG_20240509_090948.jpg
\档案馆\木耳 20240425-20251129,IMG_20240517_224433.jpg
\档案馆\木耳 20240425-20251129,IMG_20240517_180232.jpg
\档案馆\木耳 20240425-20251129,IMG_20240517_132201.jpg
\档案馆\木耳 20240425-20251129,IMG_20240509_100015.jpg
\档案馆\木耳 20240425-20251129,IMG_20240518_154632.jpg
\档案馆\木耳 20240425-20251129,IMG_20240509_082318.jpg
\档案馆\木耳 20240425-20251129,IMG_20240517_230547.jpg
\档案馆\木耳 20240425-20251129,IMG_20240517_172755.jpg
\档案馆\木耳 20240425-20251129,IMG_20240516_175108.jpg
\档案馆\木耳 20240425-20251129,IMG_20240515_192656.jpg
\档案馆\木耳 20240425-20251129,IMG_20240515_182229.jpg
\档案馆\木耳 20240425-20251129,IMG_20240517_095327.jpg
\档案馆\木耳 20240425-20251129,IMG_20240515_185337.jpg
\档案馆\木耳 20240425-20251129,IMG_20240517_095345.jpg
\档案馆\木耳 20240425-20251129,IMG_20240515_185525.jpg
\档案馆\木耳 20240425-20251129,IMG_20240517_095101.jpg
\档案馆\木耳 20240425-20251129,IMG_20240517_095107.jpg
\档案馆\木耳 20240425-20251129,IMG_20240515_185332.jpg
\档案馆\木耳 20240425-20251129,IMG_20240515_185348.jpg
\档案馆\木耳 20240425-20251129,IMG_20240515_090306.jpg
\档案馆\木耳 20240425-20251129,IMG_20240515_173929.jpg
\档案馆\木耳 20240425-20251129,IMG_20240515_173922.jpg
\档案馆\木耳 20240425-20251129,IMG_20240516_102643.jpg
\档案馆\木耳 20240425-20251129,IMG_20240515_193103.jpg
\档案馆\木耳 20240425-20251129,IMG_20240515_185707.jpg
\档案馆\木耳 20240425-20251129,IMG_20240517_095325.jpg
\档案馆\木耳 20240425-20251129,IMG_20240516_104310.jpg
\档案馆\木耳 20240425-20251129,IMG_20240517_131739.jpg
\档案馆\木耳 20240425-20251129,IMG_20240513_210900.jpg
\档案馆\木耳 20240425-20251129,IMG_20240514_162059.jpg
\档案馆\木耳 20240425-20251129,IMG_20240512_133130.jpg
\档案馆\木耳 20240425-20251129,IMG_20240512_182605.jpg
\档案馆\木耳 20240425-20251129,IMG_20240512_164022.jpg
\档案馆\木耳 20240425-20251129,IMG_20240513_210911.jpg
\档案馆\木耳 20240425-20251129,IMG_20240512_181821.jpg
\档案馆\木耳 20240425-20251129,IMG_20240514_182329.jpg
\档案馆\木耳 20240425-20251129,IMG_20240512_181955.jpg
\档案馆\木耳 20240425-20251129,IMG_20240512_180842.jpg
\档案馆\木耳 20240425-20251129,IMG_20240512_181037.jpg
\档案馆\木耳 20240425-20251129,IMG_20240512_181109.jpg
\档案馆\木耳 20240425-20251129,IMG_20240514_134150.jpg
\档案馆\木耳 20240425-20251129,IMG_20240513_184003.jpg
\档案馆\木耳 20240425-20251129,IMG_20240514_094915.jpg
\档案馆\木耳 20240425-20251129,IMG_20240513_210930.jpg
\档案馆\木耳 20240425-20251129,IMG_20240514_093244.jpg
\档案馆\木耳 20240425-20251129,IMG_20240514_093726.jpg
\档案馆\木耳 20240425-20251129,IMG_20240513_072418.jpg
\档案馆\木耳 20240425-20251129,IMG_20240513_184009.jpg
\档案馆\木耳 20240425-20251129,IMG_20240512_071253.jpg
\档案馆\木耳 20240425-20251129,IMG_20240511_192556.jpg
\档案馆\木耳 20240425-20251129,IMG_20240512_133125.jpg
\档案馆\木耳 20240425-20251129,IMG_20240512_090301.jpg
\档案馆\木耳 20240425-20251129,IMG_20240512_100233.jpg
\档案馆\木耳 20240425-20251129,IMG_20240512_092047.jpg
\档案馆\木耳 20240425-20251129,IMG_20240511_191758.jpg
\档案馆\木耳 20240425-20251129,IMG_20240512_090237.jpg
\档案馆\木耳 20240425-20251129,IMG_20240512_092057.jpg
\档案馆\木耳 20240425-20251129,IMG_20240512_100243.jpg
\档案馆\木耳 20240425-20251129,IMG_20240511_191805.jpg
\档案馆\木耳 20240425-20251129,IMG_20240512_090249.jpg
\档案馆\木耳 20240425-20251129,IMG_20240512_100235.jpg
\档案馆\木耳 20240425-20251129,IMG_20240511_191810.jpg
\档案馆\木耳 20240425-20251129,IMG_20240511_201812.jpg
\档案馆\木耳 20240425-20251129,IMG_20240512_071327.jpg
\档案馆\木耳 20240425-20251129,IMG_20240511_193749.jpg
\档案馆\木耳 20240425-20251129,IMG_20240511_191753.jpg
\档案馆\木耳 20240425-20251129,IMG_20240512_090253.jpg
\档案馆\木耳 20240425-20251129,IMG_20240512_101419.jpg
\档案馆\木耳 20240425-20251129,IMG_20240511_153421.jpg
\档案馆\木耳 20240425-20251129,IMG_20240511_060954.jpg
\档案馆\木耳 20240425-20251129,IMG_20240511_173313.jpg
\档案馆\木耳 20240425-20251129,IMG_20240511_153158.jpg
\档案馆\木耳 20240425-20251129,IMG_20240511_153428.jpg
\档案馆\木耳 20240425-20251129,IMG_20240510_171325.jpg
\档案馆\木耳 20240425-20251129,IMG_20240511_153314.jpg
\档案馆\木耳 20240425-20251129,IMG_20240511_072120.jpg
\档案馆\木耳 20240425-20251129,IMG_20240511_191649.jpg
\档案馆\木耳 20240425-20251129,IMG_20240511_072028.jpg
\档案馆\木耳 20240425-20251129,IMG_20240511_180646.jpg
\档案馆\木耳 20240425-20251129,IMG_20240511_072043.jpg
\档案馆\木耳 20240425-20251129,IMG_20240511_061121.jpg
\档案馆\木耳 20240425-20251129,IMG_20240511_153833.jpg
\档案馆\木耳 20240425-20251129,IMG_20240511_113705.jpg
\档案馆\木耳 20240425-20251129,IMG_20240511_060624.jpg
\档案馆\木耳 20240425-20251129,IMG_20240510_194954.jpg
\档案馆\木耳 20240425-20251129,IMG_20240511_060808.jpg
\档案馆\木耳 20240425-20251129,IMG_20240510_152542.jpg
\档案馆\木耳 20240425-20251129,IMG_20240511_180758.jpg
\档案馆\木耳 20240425-20251129,20251129_051216.mp4
\档案馆\木耳 20240425-20251129,IMG_20240501_005442.jpg
\档案馆\木耳 20240425-20251129,IMG_20240501_024740.jpg
\档案馆\木耳 20240425-20251129,IMG_20240501_061743.jpg
\档案馆\木耳 20240425-20251129,IMG_20240501_061956.jpg
\档案馆\木耳 20240425-20251129,IMG_20240501_023912.jpg
\档案馆\木耳 20240425-20251129,IMG_20240509_120519.jpg
\档案馆\木耳 20240425-20251129,IMG_20240509_120523.jpg
\档案馆\木耳 20240425-20251129,IMG_20240509_100021.jpg
\档案馆\木耳 20240425-20251129,IMG_20240509_104644.jpg
\档案馆\木耳 20240425-20251129,IMG_20240509_120928.jpg
\档案馆\木耳 20240425-20251129,IMG_20240509_082314.jpg
\档案馆\木耳 20240425-20251129,IMG_20240509_082158.jpg
\档案馆\木耳 20240425-20251129,IMG_20240509_082303.jpg
\档案馆\木耳 20240425-20251129,IMG_20240509_020804_1.jpg
\档案馆\木耳 20240425-20251129,IMG_20240509_082240.jpg
\档案馆\木耳 20240425-20251129,IMG_20240509_191646.jpg
\档案馆\木耳 20240425-20251129,IMG_20240509_215150.jpg
\档案馆\木耳 20240425-20251129,IMG_20240508_180621.jpg
\档案馆\木耳 20240425-20251129,IMG_20240508_073837.jpg
\档案馆\木耳 20240425-20251129,IMG_20240507_212715.jpg
\档案馆\木耳 20240425-20251129,IMG_20240508_183333.jpg
\档案馆\木耳 20240425-20251129,IMG_20240508_181407.jpg
\档案馆\木耳 20240425-20251129,IMG_20240510_132640.jpg
\档案馆\木耳 20240425-20251129,IMG_20240510_152514.jpg
\档案馆\木耳 20240425-20251129,IMG_20240510_132706.jpg
\档案馆\木耳 20240425-20251129,IMG_20240510_132417.jpg
\档案馆\木耳 20240425-20251129,IMG_20240510_132311.jpg
\档案馆\木耳 20240425-20251129,IMG_20240510_132631.jpg
\档案馆\木耳 20240425-20251129,IMG_20240510_132700.jpg
\档案馆\木耳 20240425-20251129,IMG_20240510_132727.jpg
\档案馆\木耳 20240425-20251129,20251129_104410.mp4
\档案馆\木耳 20240425-20251129,IMG_20240507_212650.jpg
\档案馆\木耳 20240425-20251129,IMG_20240507_215556.jpg
\档案馆\木耳 20240425-20251129,IMG_20240506_061643.jpg
\档案馆\木耳 20240425-20251129,IMG_20240507_192331.jpg
\档案馆\木耳 20240425-20251129,IMG_20240508_072929.jpg
\档案馆\木耳 20240425-20251129,IMG_20240505_100047.jpg
\档案馆\木耳 20240425-20251129,IMG_20240505_100032.jpg
\档案馆\木耳 20240425-20251129,IMG_20240505_095934.jpg
\档案馆\木耳 20240425-20251129,IMG_20240505_100441.jpg
\档案馆\木耳 20240425-20251129,IMG_20240504_080907.jpg
\档案馆\木耳 20240425-20251129,IMG_20240504_080355.jpg
\档案馆\木耳 20240425-20251129,IMG_20240504_080425.jpg
\档案馆\木耳 20240425-20251129,IMG_20240504_080551.jpg
\档案馆\木耳 20240425-20251129,IMG_20240504_074224.jpg
\档案馆\木耳 20240425-20251129,IMG_20240504_080135.jpg
\档案馆\木耳 20240425-20251129,IMG_20240504_084109.jpg
\档案馆\木耳 20240425-20251129,IMG_20240505_095924.jpg
\档案馆\木耳 20240425-20251129,IMG_20240505_095912.jpg
\档案馆\木耳 20240425-20251129,IMG_20240505_100025.jpg
\档案馆\木耳 20240425-20251129,IMG_20240505_081705.jpg
\档案馆\木耳 20240425-20251129,IMG_20240504_073504.jpg
\档案馆\木耳 20240425-20251129,IMG_20240504_072714.jpg
\档案馆\木耳 20240425-20251129,IMG_20240504_071724.jpg
\档案馆\木耳 20240425-20251129,IMG_20240504_072011.jpg
\档案馆\木耳 20240425-20251129,IMG_20240504_075636.jpg
\档案馆\木耳 20240425-20251129,20251129_102249.mp4
\档案馆\木耳 20240425-20251129,IMG_20240501_103721.jpg
\档案馆\木耳 20240425-20251129,IMG_20240502_072531.jpg
\档案馆\木耳 20240425-20251129,IMG_20240501_225424.jpg
\档案馆\木耳 20240425-20251129,IMG_20240502_061310.jpg
\档案馆\木耳 20240425-20251129,IMG_20240502_072522.jpg
\档案馆\木耳 20240425-20251129,IMG_20240501_091733.jpg
\档案馆\木耳 20240425-20251129,IMG_20240501_090527.jpg
\档案馆\木耳 20240425-20251129,IMG_20240501_090505.jpg
\档案馆\木耳 20240425-20251129,IMG_20240501_230217.jpg
\档案馆\木耳 20240425-20251129,IMG_20240501_225148.jpg
\档案馆\木耳 20240425-20251129,IMG_20240501_024516.jpg
\档案馆\木耳 20240425-20251129,IMG_20240501_024258.jpg
\档案馆\木耳 20240425-20251129,IMG_20240501_023841.jpg
\档案馆\木耳 20240425-20251129,IMG_20240501_013015.jpg
\档案馆\木耳 20240425-20251129,IMG_20240501_024440.jpg
\档案馆\木耳 20240425-20251129,IMG_20240501_002755.jpg
\档案馆\木耳 20240425-20251129,IMG_20240501_002501.jpg
\档案馆\木耳 20240425-20251129,IMG_20240501_002639.jpg
\档案馆\木耳 20240425-20251129,IMG_20240501_002742.jpg
\档案馆\木耳 20240425-20251129,IMG_20240501_003846.jpg
\档案馆\木耳 20240425-20251129,IMG_20240501_005058.jpg
\档案馆\木耳 20240425-20251129,IMG_20240501_004357.jpg
\档案馆\木耳 20240425-20251129,IMG_20240501_004504.jpg
\档案馆\木耳 20240425-20251129,IMG_20240501_004456.jpg
\档案馆\木耳 20240425-20251129,IMG_20240430_185407.jpg
\档案馆\木耳 20240425-20251129,IMG_20240430_185454.jpg
\档案馆\木耳 20240425-20251129,IMG_20240430_235556.jpg
\档案馆\木耳 20240425-20251129,IMG_20240430_235704.jpg
\档案馆\木耳 20240425-20251129,IMG_20240430_235657.jpg
\档案馆\木耳 20240425-20251129,IMG_20240501_001151.jpg
\档案馆\木耳 20240425-20251129,IMG_20240501_002120.jpg
\档案馆\木耳 20240425-20251129,IMG_20240501_001625.jpg
\档案馆\木耳 20240425-20251129,IMG_20240501_002224.jpg
\档案馆\木耳 20240425-20251129,IMG_20240501_001831.jpg
\档案馆\木耳 20240425-20251129,IMG_20240501_002254.jpg
\档案馆\木耳 20240425-20251129,IMG_20240501_004343.jpg
\档案馆\木耳 20240425-20251129,IMG_20240501_003601.jpg
\档案馆\木耳 20240425-20251129,IMG_20240501_003103.jpg
\档案馆\木耳 20240425-20251129,IMG_20240501_003620.jpg
\档案馆\木耳 20240425-20251129,IMG_20240501_003134.jpg
\档案馆\木耳 20240425-20251129,IMG_20240430_082236.jpg
\档案馆\木耳 20240425-20251129,IMG_20240430_090743.jpg
\档案馆\木耳 20240425-20251129,IMG_20240501_000756.jpg
\档案馆\木耳 20240425-20251129,IMG_20240430_010716.jpg
\档案馆\木耳 20240425-20251129,IMG_20240430_174739.jpg
\档案馆\木耳 20240425-20251129,IMG_20240429_005625.jpg
\档案馆\木耳 20240425-20251129,IMG_20240429_005741.jpg
\档案馆\木耳 20240425-20251129,IMG_20240429_042909.jpg
\档案馆\木耳 20240425-20251129,IMG_20240429_232023.jpg
\档案馆\木耳 20240425-20251129,IMG_20240429_043114.jpg
\档案馆\木耳 20240425-20251129,IMG_20240427_144352.jpg
\档案馆\木耳 20240425-20251129,IMG_20240427_204218.jpg
\档案馆\木耳 20240425-20251129,IMG_20240427_144418.jpg
\档案馆\木耳 20240425-20251129,IMG_20240427_202338.jpg
\档案馆\木耳 20240425-20251129,IMG_20240428_201551.jpg
\档案馆\木耳 20240425-20251129,IMG_20240429_005500.jpg
\档案馆\木耳 20240425-20251129,IMG_20240429_005600.jpg
\档案馆\木耳 20240425-20251129,IMG_20240429_005524.jpg
\档案馆\木耳 20240425-20251129,IMG_20240427_224723.jpg
\档案馆\木耳 20240425-20251129,20251129_101836.mp4
\档案馆\木耳 20240425-20251129,20251129_101438.mp4
\档案馆\木耳 20240425-20251129,IMG_20240427_144343.jpg
\档案馆\木耳 20240425-20251129,20251129_115127.jpg
\档案馆\木耳 20240425-20251129,20251129_115022.jpg
\档案馆\木耳 20240425-20251129,20251129_114814.jpg
\档案馆\木耳 20240425-20251129,IMG_20240425_213142.jpg
\档案馆\木耳 20240425-20251129,20251129_115133.jpg
\档案馆\木耳 20240425-20251129,20251129_101312.mp4
\档案馆\木耳 20240425-20251129,20251129_083558.mp4
\档案馆\木耳 20240425-20251129,20251129_101235.mp4
\档案馆\木耳 20240425-20251129,20251129_084615.mp4
\档案馆\木耳 20240425-20251129,20251129_052228.mp4
\档案馆\木耳 20240425-20251129,20251127_003134.mp4
\档案馆\木耳 20240425-20251129,20251129_084414.mp4
\档案馆\木耳 20240425-20251129,20251121_121621.mp4
\档案馆\木耳 20240425-20251129,20251129_085042.mp4
\档案馆\木耳 20240425-20251129,20251104_144052.mp4
\档案馆\木耳 20240425-20251129,20251128_235211.mp4
\档案馆\木耳 20240425-20251129,20251128_233900.mp4
\档案馆\木耳 20240425-20251129,20251129_114726.jpg
\档案馆\木耳 20240425-20251129,20251129_100629.jpg
\档案馆\木耳 20240425-20251129,20251129_104248.jpg
\档案馆\木耳 20240425-20251129,20251129_104501.jpg
\档案馆\木耳 20240425-20251129,20251129_073023.jpg
\档案馆\木耳 20240425-20251129,20251129_085038.jpg
\档案馆\木耳 20240425-20251129,20251129_073145.jpg
\档案馆\木耳 20240425-20251129,20251129_083538.jpg
\档案馆\木耳 20240425-20251129,20251129_093050.jpg
\档案馆\木耳 20240425-20251129,20251129_100612.jpg
\档案馆\木耳 20240425-20251129,20251128_233248.mp4
\档案馆\木耳 20240425-20251129,20251104_143724.mp4
\档案馆\木耳 20240425-20251129,20251128_232555.mp4
\档案馆\木耳 20240425-20251129,20251102_123256.mp4
\档案馆\木耳 20240425-20251129,20251120_014509.mp4
\档案馆\木耳 20240425-20251129,20251128_232443.mp4
\档案馆\木耳 20240425-20251129,20251028_094653.mp4
\档案馆\木耳 20240425-20251129,20251102_230953.mp4
\档案馆\木耳 20240425-20251129,20251112_151119.mp4
\档案馆\木耳 20240425-20251129,20251027_110224.mp4
\档案馆\木耳 20240425-20251129,20251129_072940.jpg
\档案馆\木耳 20240425-20251129,20251129_053650.jpg
\档案馆\木耳 20240425-20251129,20251129_052220.jpg
\档案馆\木耳 20240425-20251129,20251129_053704.jpg
\档案馆\木耳 20240425-20251129,20251129_073003.jpg
\档案馆\木耳 20240425-20251129,20251129_051949.jpg
\档案馆\木耳 20240425-20251129,20251129_053610.jpg
\档案馆\木耳 20240425-20251129,20251128_235209.jpg
\档案馆\木耳 20240425-20251129,20251126_160623.jpg
\档案馆\木耳 20240425-20251129,20251128_232410.jpg
\档案馆\木耳 20240425-20251129,20251102_124722.mp4
\档案馆\木耳 20240425-20251129,20251025_115634.mp4
\档案馆\木耳 20240425-20251129,20251117_172204.jpg
\档案馆\木耳 20240425-20251129,20251117_172031.jpg
\档案馆\木耳 20240425-20251129,20251120_014500.jpg
\档案馆\木耳 20240425-20251129,20251121_121616.jpg
\档案馆\木耳 20240425-20251129,20251113_005650.jpg
\档案馆\木耳 20240425-20251129,20251112_150748.jpg
\档案馆\木耳 20240425-20251129,20251120_014148.jpg
\档案馆\木耳 20240425-20251129,20251112_151033.jpg
\档案馆\木耳 20240425-20251129,20251121_121608.jpg
\档案馆\木耳 20240425-20251129,20251113_005620.jpg
\档案馆\木耳 20240425-20251129,20251012_230718.mp4
\档案馆\木耳 20240425-20251129,20251027_113526.mp4
\档案馆\木耳 20240425-20251129,20251002_233431.mp4
\档案馆\木耳 20240425-20251129,20251112_122555.jpg
\档案馆\木耳 20240425-20251129,20251110_225303.jpg
\档案馆\木耳 20240425-20251129,20251105_184850.jpg
\档案馆\木耳 20240425-20251129,20251110_225445.jpg
\档案馆\木耳 20240425-20251129,20251110_225449.jpg
\档案馆\木耳 20240425-20251129,20251001_232709.mp4
\档案馆\木耳 20240425-20251129,20250915_020459.mp4
\档案馆\木耳 20240425-20251129,20251102_123251.jpg
\档案馆\木耳 20240425-20251129,20251104_144025.jpg
\档案馆\木耳 20240425-20251129,20251104_144048.jpg
\档案馆\木耳 20240425-20251129,20251110_225541.jpg
\档案馆\木耳 20240425-20251129,20251102_124719.jpg
\档案馆\木耳 20240425-20251129,20250913_234459.mp4
\档案馆\木耳 20240425-20251129,20251010_115159.mp4
\档案馆\木耳 20240425-20251129,20250910_080610.mp4
\档案馆\木耳 20240425-20251129,20250917_123159.mp4
\档案馆\木耳 20240425-20251129,20250912_233700.mp4
\档案馆\木耳 20240425-20251129,20251029_175455.jpg
\档案馆\木耳 20240425-20251129,20251029_175544.jpg
\档案馆\木耳 20240425-20251129,20251029_175508.jpg
\档案馆\木耳 20240425-20251129,20251029_175450.jpg
\档案馆\木耳 20240425-20251129,20251027_113423.jpg
\档案馆\木耳 20240425-20251129,20251025_115611.jpg
\档案馆\木耳 20240425-20251129,20251029_175233.jpg
\档案馆\木耳 20240425-20251129,20251029_175300.jpg
\档案馆\木耳 20240425-20251129,20251025_115608.jpg
\档案馆\木耳 20240425-20251129,20251027_110215.jpg
\档案馆\木耳 20240425-20251129,20250918_121622.mp4
\档案馆\木耳 20240425-20251129,20251025_115355.jpg
\档案馆\木耳 20240425-20251129,20251025_115606.jpg
\档案馆\木耳 20240425-20251129,20251025_115502.jpg
\档案馆\木耳 20240425-20251129,20251025_115511.jpg
\档案馆\木耳 20240425-20251129,20251025_115349.jpg
\档案馆\木耳 20240425-20251129,20251002_233502.jpg
\档案馆\木耳 20240425-20251129,20251009_011155.jpg
\档案馆\木耳 20240425-20251129,20251010_115046.jpg
\档案馆\木耳 20240425-20251129,20251014_230251.jpg
\档案馆\木耳 20240425-20251129,20251014_230258.jpg
\档案馆\木耳 20240425-20251129,20251002_130230.jpg
\档案馆\木耳 20240425-20251129,20251001_232700.jpg
\档案馆\木耳 20240425-20251129,20251002_230624.jpg
\档案馆\木耳 20240425-20251129,20251002_230732.jpg
\档案馆\木耳 20240425-20251129,20251002_130226.jpg
\档案馆\木耳 20240425-20251129,20250726_003512.mp4
\档案馆\木耳 20240425-20251129,20251001_041419.jpg
\档案馆\木耳 20240425-20251129,20251001_041416.jpg
\档案馆\木耳 20240425-20251129,20251001_041409.jpg
\档案馆\木耳 20240425-20251129,20251001_041418.jpg
\档案馆\木耳 20240425-20251129,20251001_041424.jpg
\档案馆\木耳 20240425-20251129,20250910_102421.mp4
\档案馆\木耳 20240425-20251129,20250805_092233.mp4
\档案馆\木耳 20240425-20251129,20250717_141348.mp4
\档案馆\木耳 20240425-20251129,20250910_102446.mp4
\档案馆\木耳 20240425-20251129,20250801_090413.mp4
\档案馆\木耳 20240425-20251129,20250918_121616.jpg
\档案馆\木耳 20240425-20251129,20250913_105354.jpg
\档案馆\木耳 20240425-20251129,20250926_044331.jpg
\档案馆\木耳 20240425-20251129,20250913_105359.jpg
\档案馆\木耳 20240425-20251129,20251001_041406.jpg
\档案馆\木耳 20240425-20251129,20250913_235036.jpg
\档案馆\木耳 20240425-20251129,20250913_234621.jpg
\档案馆\木耳 20240425-20251129,20250913_234616.jpg
\档案馆\木耳 20240425-20251129,20250926_044433.jpg
\档案馆\木耳 20240425-20251129,20250918_121536.jpg
\档案馆\木耳 20240425-20251129,20250910_235438.jpg
\档案馆\木耳 20240425-20251129,20250912_233633.jpg
\档案馆\木耳 20240425-20251129,20250910_102414.jpg
\档案馆\木耳 20240425-20251129,20250913_093356.jpg
\档案馆\木耳 20240425-20251129,20250913_105135.jpg
\档案馆\木耳 20240425-20251129,20250609_231744.mp4
\档案馆\木耳 20240425-20251129,20250911_135252.jpg
\档案馆\木耳 20240425-20251129,20250911_173329.jpg
\档案馆\木耳 20240425-20251129,20250910_123828.jpg
\档案馆\木耳 20240425-20251129,20250910_102454.jpg
\档案馆\木耳 20240425-20251129,20250911_161628.jpg
\档案馆\木耳 20240425-20251129,20250606_000224.mp4
\档案馆\木耳 20240425-20251129,20250910_080906.jpg
\档案馆\木耳 20240425-20251129,20250903_081932.jpg
\档案馆\木耳 20240425-20251129,20250609_231322.mp4
\档案馆\木耳 20240425-20251129,20250903_081919.jpg
\档案馆\木耳 20240425-20251129,20250902_164633.jpg
\档案馆\木耳 20240425-20251129,20250907_155816.jpg
\档案馆\木耳 20240425-20251129,20250812_121310.jpg
\档案馆\木耳 20240425-20251129,20250812_121123.jpg
\档案馆\木耳 20240425-20251129,20250812_165958.jpg
\档案馆\木耳 20240425-20251129,20250812_165935.jpg
\档案馆\木耳 20240425-20251129,20250811_144849.jpg
\档案馆\木耳 20240425-20251129,20250604_002519.mp4
\档案馆\木耳 20240425-20251129,20250907_170855.jpg
\档案馆\木耳 20240425-20251129,20250902_164611.jpg
\档案馆\木耳 20240425-20251129,20250910_101809.jpg
\档案馆\木耳 20240425-20251129,20250910_080911.jpg
\档案馆\木耳 20240425-20251129,20250821_003955.jpg
\档案馆\木耳 20240425-20251129,20250531_200702.mp4
\档案馆\木耳 20240425-20251129,20250805_092256.jpg
\档案馆\木耳 20240425-20251129,20250803_120807.jpg
\档案馆\木耳 20240425-20251129,20250805_092327.jpg
\档案馆\木耳 20240425-20251129,20250526_002457.mp4
\档案馆\木耳 20240425-20251129,20250807_001926.jpg
\档案馆\木耳 20240425-20251129,20250807_001932.jpg
\档案馆\木耳 20240425-20251129,20250530_160514.mp4
\档案馆\木耳 20240425-20251129,20250726_003613.jpg
\档案馆\木耳 20240425-20251129,20250727_111708.jpg
\档案馆\木耳 20240425-20251129,20250803_120803.jpg
\档案馆\木耳 20240425-20251129,20250726_003612.jpg
\档案馆\木耳 20240425-20251129,20250726_003807.jpg
\档案馆\木耳 20240425-20251129,20250726_003642.jpg
\档案馆\木耳 20240425-20251129,20250726_003614.jpg
\档案馆\木耳 20240425-20251129,20250803_120741.jpg
\档案馆\木耳 20240425-20251129,20250726_003812.jpg
\档案馆\木耳 20240425-20251129,20250803_120717.jpg
\档案馆\木耳 20240425-20251129,20250524_133859.mp4
\档案馆\木耳 20240425-20251129,20250724_072730.jpg
\档案馆\木耳 20240425-20251129,20250725_123741.jpg
\档案馆\木耳 20240425-20251129,20250725_124001.jpg
\档案馆\木耳 20240425-20251129,20250725_123702.jpg
\档案馆\木耳 20240425-20251129,20250725_124008.jpg
\档案馆\木耳 20240425-20251129,20250725_123903.jpg
\档案馆\木耳 20240425-20251129,20250725_123826.jpg
\档案馆\木耳 20240425-20251129,20250724_072824.jpg
\档案馆\木耳 20240425-20251129,20250725_123813.jpg
\档案馆\木耳 20240425-20251129,20250725_123855.jpg
\档案馆\木耳 20240425-20251129,20250525_155805.mp4
\档案馆\木耳 20240425-20251129,20250717_162346.jpg
\档案馆\木耳 20240425-20251129,20250628_190205.jpg
\档案馆\木耳 20240425-20251129,20250724_072511.jpg
\档案馆\木耳 20240425-20251129,20250713_034549.jpg
\档案馆\木耳 20240425-20251129,20250713_034617.jpg
\档案馆\木耳 20240425-20251129,20250713_034630.jpg
\档案馆\木耳 20240425-20251129,20250724_072703.jpg
\档案馆\木耳 20240425-20251129,20250628_190132.jpg
\档案馆\木耳 20240425-20251129,20250713_034624.jpg
\档案馆\木耳 20240425-20251129,20250717_164853.jpg
\档案馆\木耳 20240425-20251129,20250524_145442.mp4
\档案馆\木耳 20240425-20251129,20250519_150439.mp4
\档案馆\木耳 20240425-20251129,20250517_124354.mp4
\档案馆\木耳 20240425-20251129,20250514_021620.mp4
\档案馆\木耳 20240425-20251129,20250511_032025.mp4
\档案馆\木耳 20240425-20251129,20250510_101234.mp4
\档案馆\木耳 20240425-20251129,20250609_132854.jpg
\档案馆\木耳 20240425-20251129,20250527_145246.jpg
\档案馆\木耳 20240425-20251129,20250527_145206.jpg
\档案馆\木耳 20240425-20251129,20250628_190106.jpg
\档案馆\木耳 20240425-20251129,20250619_132453.jpg
\档案馆\木耳 20240425-20251129,20250609_231539.jpg
\档案馆\木耳 20240425-20251129,20250604_002512.jpg
\档案馆\木耳 20240425-20251129,20250526_002555.jpg
\档案馆\木耳 20240425-20251129,20250531_070557.jpg
\档案馆\木耳 20240425-20251129,20250531_070639.jpg
\档案馆\木耳 20240425-20251129,20250426_143245.mp4
\档案馆\木耳 20240425-20251129,20250517_004754.mp4
\档案馆\木耳 20240425-20251129,20250518_233604.mp4
\档案馆\木耳 20240425-20251129,20250510_100858.mp4
\档案馆\木耳 20240425-20251129,20250525_004811.jpg
\档案馆\木耳 20240425-20251129,20250525_155747.jpg
\档案馆\木耳 20240425-20251129,20250525_072232.jpg
\档案馆\木耳 20240425-20251129,20250524_134001.jpg
\档案馆\木耳 20240425-20251129,20250524_145217.jpg
\档案馆\木耳 20240425-20251129,20250525_155736.jpg
\档案馆\木耳 20240425-20251129,20250525_072248.jpg
\档案馆\木耳 20240425-20251129,20250525_155656.jpg
\档案馆\木耳 20240425-20251129,20250522_054101.jpg
\档案馆\木耳 20240425-20251129,20250524_133836.jpg
\档案馆\木耳 20240425-20251129,20250426_001307.mp4
\档案馆\木耳 20240425-20251129,20250507_082018.mp4
\档案馆\木耳 20240425-20251129,20250517_003410.mp4
\档案馆\木耳 20240425-20251129,20250502_105205.mp4
\档案馆\木耳 20240425-20251129,20250501_073658.mp4
\档案馆\木耳 20240425-20251129,20250520_000403.jpg
\档案馆\木耳 20240425-20251129,20250521_000543.jpg
\档案馆\木耳 20240425-20251129,20250520_000318.jpg
\档案馆\木耳 20240425-20251129,20250520_000417.jpg
\档案馆\木耳 20240425-20251129,20250520_154509.jpg
\档案馆\木耳 20240425-20251129,20250519_150423.jpg
\档案馆\木耳 20240425-20251129,20250520_000423.jpg
\档案馆\木耳 20240425-20251129,20250515_045450.jpg
\档案馆\木耳 20240425-20251129,20250520_163035.jpg
\档案馆\木耳 20240425-20251129,20250522_053246.jpg
\档案馆\木耳 20240425-20251129,20250501_094543.mp4
\档案馆\木耳 20240425-20251129,20250514_102107.jpg
\档案馆\木耳 20240425-20251129,20250515_042235.jpg
\档案馆\木耳 20240425-20251129,20250513_170517.jpg
\档案馆\木耳 20240425-20251129,20250515_012035.jpg
\档案馆\木耳 20240425-20251129,20250513_150936.jpg
\档案馆\木耳 20240425-20251129,20250515_042209.jpg
\档案馆\木耳 20240425-20251129,20250515_045448.jpg
\档案馆\木耳 20240425-20251129,20250515_015546.jpg
\档案馆\木耳 20240425-20251129,20250513_150812.jpg
\档案馆\木耳 20240425-20251129,20250515_045322.jpg
\档案馆\木耳 20240425-20251129,20250501_120232.mp4
\档案馆\木耳 20240425-20251129,20250510_205532.jpg
\档案馆\木耳 20240425-20251129,20250512_231245.jpg
\档案馆\木耳 20240425-20251129,20250511_193830.jpg
\档案馆\木耳 20240425-20251129,20250511_162418.jpg
\档案馆\木耳 20240425-20251129,20250511_111644.jpg
\档案馆\木耳 20240425-20251129,20250510_203315.jpg
\档案馆\木耳 20240425-20251129,20250510_205558.jpg
\档案馆\木耳 20240425-20251129,20250513_013445.jpg
\档案馆\木耳 20240425-20251129,20250511_111526.jpg
\档案馆\木耳 20240425-20251129,20250512_133529.jpg
\档案馆\木耳 20240425-20251129,20250424_221717.mp4
\档案馆\木耳 20240425-20251129,20250426_002117.mp4
\档案馆\木耳 20240425-20251129,20250506_105317.jpg
\档案馆\木耳 20240425-20251129,20250510_192315.jpg
\档案馆\木耳 20240425-20251129,20250509_141858.jpg
\档案馆\木耳 20240425-20251129,20250503_192715.jpg
\档案馆\木耳 20240425-20251129,20250510_155427.jpg
\档案馆\木耳 20240425-20251129,20250510_104306.jpg
\档案馆\木耳 20240425-20251129,20250510_192156.jpg
\档案馆\木耳 20240425-20251129,20250510_103549.jpg
\档案馆\木耳 20240425-20251129,20250510_125645.jpg
\档案馆\木耳 20240425-20251129,20250510_190633.jpg
\档案馆\木耳 20240425-20251129,20250424_222652.mp4
\档案馆\木耳 20240425-20251129,20250426_002519.mp4
\档案馆\木耳 20240425-20251129,20250501_074106.mp4
\档案馆\木耳 20240425-20251129,20250501_074122.mp4
\档案馆\木耳 20240425-20251129,20250423_164634.mp4
\档案馆\木耳 20240425-20251129,20250423_080642.mp4
\档案馆\木耳 20240425-20251129,20250501_074054.jpg
\档案馆\木耳 20240425-20251129,20250503_192645.jpg
\档案馆\木耳 20240425-20251129,20250501_073856.jpg
\档案馆\木耳 20240425-20251129,20250501_073919.jpg
\档案馆\木耳 20240425-20251129,20250502_052904.jpg
\档案馆\木耳 20240425-20251129,20250501_120255.jpg
\档案馆\木耳 20240425-20251129,20250502_105156.jpg
\档案馆\木耳 20240425-20251129,20250501_094534.jpg
\档案馆\木耳 20240425-20251129,20250501_115952.jpg
\档案馆\木耳 20240425-20251129,20250501_074000.jpg
\档案馆\木耳 20240425-20251129,20250423_065130.mp4
\档案馆\木耳 20240425-20251129,20250501_073852.jpg
\档案馆\木耳 20240425-20251129,20250501_073637.jpg
\档案馆\木耳 20240425-20251129,20250430_054924.jpg
\档案馆\木耳 20240425-20251129,20250430_060824.jpg
\档案馆\木耳 20240425-20251129,20250430_060826.jpg
\档案馆\木耳 20240425-20251129,20250429_061431.jpg
\档案馆\木耳 20240425-20251129,20250430_060819.jpg
\档案馆\木耳 20240425-20251129,20250501_073644.jpg
\档案馆\木耳 20240425-20251129,20250430_060817.jpg
\档案馆\木耳 20240425-20251129,20250501_073639.jpg
\档案馆\木耳 20240425-20251129,20250422_170246.mp4
\档案馆\木耳 20240425-20251129,20250423_065039_1.mp4
\档案馆\木耳 20240425-20251129,20250416_065557.mp4
\档案馆\木耳 20240425-20251129,20250416_065454.mp4
\档案馆\木耳 20240425-20251129,20250426_065907.jpg
\档案馆\木耳 20240425-20251129,20250426_001119.jpg
\档案馆\木耳 20240425-20251129,20250425_043116.jpg
\档案馆\木耳 20240425-20251129,20250426_001952.jpg
\档案馆\木耳 20240425-20251129,20250425_043102.jpg
\档案馆\木耳 20240425-20251129,20250426_002001.jpg
\档案馆\木耳 20240425-20251129,20250426_001954.jpg
\档案馆\木耳 20240425-20251129,20250426_001958.jpg
\档案馆\木耳 20240425-20251129,20250426_065904.jpg
\档案馆\木耳 20240425-20251129,20250429_061408.jpg
\档案馆\木耳 20240425-20251129,20250308_130118.mp4
\档案馆\木耳 20240425-20251129,20250308_130334.mp4
\档案馆\木耳 20240425-20251129,20250320_101533.mp4
\档案馆\木耳 20240425-20251129,20250226_104359.mp4
\档案馆\木耳 20240425-20251129,20250310_212306.mp4
\档案馆\木耳 20240425-20251129,20250421_011456.mp4
\档案馆\木耳 20240425-20251129,20250424_222148.jpg
\档案馆\木耳 20240425-20251129,20250422_164041.jpg
\档案馆\木耳 20240425-20251129,20250303_061349.mp4
\档案馆\木耳 20240425-20251129,20250423_164725.jpg
\档案馆\木耳 20240425-20251129,20250424_220951.jpg
\档案馆\木耳 20240425-20251129,20250424_222103.jpg
\档案馆\木耳 20240425-20251129,20250424_221217.jpg
\档案馆\木耳 20240425-20251129,20250422_170241.jpg
\档案馆\木耳 20240425-20251129,20250425_042154.jpg
\档案馆\木耳 20240425-20251129,20250424_030721.jpg
\档案馆\木耳 20240425-20251129,20250423_080631.jpg
\档案馆\木耳 20240425-20251129,20250421_081414.mp4
\档案馆\木耳 20240425-20251129,20250421_011604.jpg
\档案馆\木耳 20240425-20251129,20250421_081201.jpg
\档案馆\木耳 20240425-20251129,20250421_155559.jpg
\档案馆\木耳 20240425-20251129,20250421_155602.jpg
\档案馆\木耳 20240425-20251129,20250421_080615.jpg
\档案馆\木耳 20240425-20251129,20250421_090013.jpg
\档案馆\木耳 20240425-20251129,20250421_155553.jpg
\档案馆\木耳 20240425-20251129,20250421_080451.jpg
\档案馆\木耳 20240425-20251129,20250421_155548.jpg
\档案馆\木耳 20240425-20251129,20250421_155618.jpg
\档案馆\木耳 20240425-20251129,20250218_021611.mp4
\档案馆\木耳 20240425-20251129,20250420_112543.jpg
\档案馆\木耳 20240425-20251129,20250420_112542.jpg
\档案馆\木耳 20240425-20251129,20250420_112539.jpg
\档案馆\木耳 20240425-20251129,20250420_081242.jpg
\档案馆\木耳 20240425-20251129,20250420_112547.jpg
\档案馆\木耳 20240425-20251129,20250420_112237.jpg
\档案馆\木耳 20240425-20251129,20250420_112259.jpg
\档案馆\木耳 20240425-20251129,20250421_011601.jpg
\档案馆\木耳 20240425-20251129,20250420_112534.jpg
\档案馆\木耳 20240425-20251129,20250421_003246.jpg
\档案馆\木耳 20240425-20251129,20250320_101518.mp4
\档案馆\木耳 20240425-20251129,20250323_140843.mp4
\档案馆\木耳 20240425-20251129,20250416_070017.jpg
\档案馆\木耳 20240425-20251129,20250409_090301.jpg
\档案馆\木耳 20240425-20251129,20250409_090306.jpg
\档案馆\木耳 20240425-20251129,20250411_155403.jpg
\档案馆\木耳 20240425-20251129,20250416_065834.jpg
\档案馆\木耳 20240425-20251129,20250407_123218.jpg
\档案馆\木耳 20240425-20251129,20250327_110900.jpg
\档案馆\木耳 20240425-20251129,20250407_123200.jpg
\档案馆\木耳 20240425-20251129,20250407_123215.jpg
\档案馆\木耳 20240425-20251129,20250420_074743.jpg
\档案馆\木耳 20240425-20251129,20250318_190810.mp4
\档案馆\木耳 20240425-20251129,20250218_021305_1.mp4
\档案馆\木耳 20240425-20251129,20250218_021726_1.mp4
\档案馆\木耳 20240425-20251129,20250218_021540.mp4
\档案馆\木耳 20240425-20251129,20250218_021305.mp4
\档案馆\木耳 20240425-20251129,20250303_061133.mp4
\档案馆\木耳 20240425-20251129,20250218_021726_2.mp4
\档案馆\木耳 20240425-20251129,20250304_151121.jpg
\档案馆\木耳 20240425-20251129,20250313_034239.jpg
\档案馆\木耳 20240425-20251129,20250313_034248.jpg
\档案馆\木耳 20240425-20251129,20250304_151118.jpg
\档案馆\木耳 20240425-20251129,20250310_212417.jpg
\档案馆\木耳 20240425-20251129,20250326_082813.jpg
\档案馆\木耳 20240425-20251129,20250313_034251.jpg
\档案馆\木耳 20240425-20251129,20250310_212302.jpg
\档案馆\木耳 20240425-20251129,20250304_151034(0).jpg
\档案馆\木耳 20240425-20251129,20250304_150714.jpg
\档案馆\木耳 20240425-20251129,20250304_075323.mp4
\档案馆\木耳 20240425-20251129,20250212_232732.mp4
\档案馆\木耳 20240425-20251129,20250210_012112.mp4
\档案馆\木耳 20240425-20251129,20250212_233157.mp4
\档案馆\木耳 20240425-20251129,20250207_114009.mp4
\档案馆\木耳 20240425-20251129,20250211_003100.mp4
\档案馆\木耳 20240425-20251129,20250218_021212_1.mp4
\档案馆\木耳 20240425-20251129,20250207_113844.mp4
\档案馆\木耳 20240425-20251129,20250218_021212.mp4
\档案馆\木耳 20240425-20251129,20250206_212844_2.mp4
\档案馆\木耳 20240425-20251129,20250206_203028.mp4
\档案馆\木耳 20240425-20251129,20250206_213017.mp4
\档案馆\木耳 20240425-20251129,20250212_232847.mp4
\档案馆\木耳 20240425-20251129,20250206_212844_3.mp4
\档案馆\木耳 20240425-20251129,20250123_023932.mp4
\档案馆\木耳 20240425-20251129,20250127_215328.mp4
\档案馆\木耳 20240425-20251129,20250127_215228.mp4
\档案馆\木耳 20240425-20251129,20250206_212844_1.mp4
\档案馆\木耳 20240425-20251129,20250123_023442.mp4
\档案馆\木耳 20240425-20251129,20250206_140143.mp4
\档案馆\木耳 20240425-20251129,20250123_023712.mp4
\档案馆\木耳 20240425-20251129,20250104_010116.mp4
\档案馆\木耳 20240425-20251129,20250206_212730.mp4
\档案馆\木耳 20240425-20251129,20250104_005922.mp4
\档案馆\木耳 20240425-20251129,20250102_083215.mp4
\档案馆\木耳 20240425-20251129,20250127_215611.mp4
\档案馆\木耳 20240425-20251129,20250206_142459.jpg
\档案馆\木耳 20240425-20251129,20250206_202912.jpg
\档案馆\木耳 20240425-20251129,20250212_232723.jpg
\档案馆\木耳 20240425-20251129,20250212_232725.jpg
\档案馆\木耳 20240425-20251129,20250207_113839.jpg
\档案馆\木耳 20240425-20251129,20250207_113934.jpg
\档案馆\木耳 20240425-20251129,20250228_075016.jpg
\档案馆\木耳 20240425-20251129,20250304_075359.jpg
\档案馆\木耳 20240425-20251129,20250228_075019.jpg
\档案馆\木耳 20240425-20251129,20250205_135730.jpg
\档案馆\木耳 20240425-20251129,20250103_071927.mp4
\档案馆\木耳 20240425-20251129,20250103_071750.mp4
\档案馆\木耳 20240425-20251129,20250126_235823.jpg
\档案馆\木耳 20240425-20251129,20241210_003823.mp4
\档案馆\木耳 20240425-20251129,20241207_165939.mp4
\档案馆\木耳 20240425-20251129,20241201_181007.mp4
\档案馆\木耳 20240425-20251129,20250123_023758.jpg
\档案馆\木耳 20240425-20251129,20250111_013102.jpg
\档案馆\木耳 20240425-20251129,20250126_235808.jpg
\档案馆\木耳 20240425-20251129,20250123_023534.jpg
\档案馆\木耳 20240425-20251129,20250127_085509.jpg
\档案馆\木耳 20240425-20251129,20241127_011743.mp4
\档案馆\木耳 20240425-20251129,20250126_235739.jpg
\档案馆\木耳 20240425-20251129,20250111_012955.jpg
\档案馆\木耳 20240425-20251129,20250123_023921.jpg
\档案馆\木耳 20240425-20251129,20250111_013035.jpg
\档案馆\木耳 20240425-20251129,20250205_135649.jpg
\档案馆\木耳 20240425-20251129,20241217_014229.mp4
\档案馆\木耳 20240425-20251129,20241130_014721.mp4
\档案馆\木耳 20240425-20251129,20241102_004222.mp4
\档案馆\木耳 20240425-20251129,20241217_014200.mp4
\档案馆\木耳 20240425-20251129,20241207_170051.mp4
\档案馆\木耳 20240425-20251129,20241102_002028.mp4
\档案馆\木耳 20240425-20251129,20241108_011854.mp4
\档案馆\木耳 20240425-20251129,20241122_232810.mp4
\档案馆\木耳 20240425-20251129,20241207_011822.jpg
\档案馆\木耳 20240425-20251129,20241120_194635.mp4
\档案馆\木耳 20240425-20251129,20241217_014130.jpg
\档案馆\木耳 20240425-20251129,20241207_012002.jpg
\档案馆\木耳 20240425-20251129,20241217_014137.jpg
\档案馆\木耳 20240425-20251129,20241213_013810.jpg
\档案馆\木耳 20240425-20251129,20241207_012003.jpg
\档案馆\木耳 20240425-20251129,20250111_012618.jpg
\档案馆\木耳 20240425-20251129,20241218_005055.jpg
\档案馆\木耳 20240425-20251129,20250103_071553.jpg
\档案馆\木耳 20240425-20251129,20241207_012004.jpg
\档案馆\木耳 20240425-20251129,20241207_165849.jpg
\档案馆\木耳 20240425-20251129,20241127_010541.mp4
\档案馆\木耳 20240425-20251129,20241114_185615.mp4
\档案馆\木耳 20240425-20251129,20241030_203201.mp4
\档案馆\木耳 20240425-20251129,20241029_190906.mp4
\档案馆\木耳 20240425-20251129,20241120_194829.jpg
\档案馆\木耳 20240425-20251129,20241108_011746.mp4
\档案馆\木耳 20240425-20251129,20241120_194828.jpg
\档案馆\木耳 20240425-20251129,20241029_190817.mp4
\档案馆\木耳 20240425-20251129,20241108_011724.mp4
\档案馆\木耳 20240425-20251129,20241102_004502.mp4
\档案馆\木耳 20240425-20251129,20241113_084237.jpg
\档案馆\木耳 20240425-20251129,20241207_011831.jpg
\档案馆\木耳 20240425-20251129,20241120_194842.jpg
\档案馆\木耳 20240425-20251129,20241204_022341.jpg
\档案馆\木耳 20240425-20251129,20241113_084247.jpg
\档案馆\木耳 20240425-20251129,20241202_121923.jpg
\档案馆\木耳 20240425-20251129,20241202_121925.jpg
\档案馆\木耳 20240425-20251129,20241124_011922.jpg
\档案馆\木耳 20240425-20251129,20241121_022539.jpg
\档案馆\木耳 20240425-20251129,20241207_011917.jpg
\档案馆\木耳 20240425-20251129,20241111_221044.jpg
\档案馆\木耳 20240425-20251129,20241027_011810.mp4
\档案馆\木耳 20240425-20251129,20241027_011600.mp4
\档案馆\木耳 20240425-20251129,20241026_013708.mp4
\档案馆\木耳 20240425-20251129,20241024_235157.mp4
\档案馆\木耳 20240425-20251129,20241101_201529.jpg
\档案馆\木耳 20240425-20251129,20241027_011904.mp4
\档案馆\木耳 20240425-20251129,20241027_011748.mp4
\档案馆\木耳 20240425-20251129,20241026_211721.mp4
\档案馆\木耳 20240425-20251129,20241109_212641.jpg
\档案馆\木耳 20240425-20251129,20241104_082245.jpg
\档案馆\木耳 20240425-20251129,20241101_201537.jpg
\档案馆\木耳 20240425-20251129,20241111_220943.jpg
\档案馆\木耳 20240425-20251129,20241106_221818.jpg
\档案馆\木耳 20240425-20251129,20241111_221014.jpg
\档案馆\木耳 20240425-20251129,20241105_042636.jpg
\档案馆\木耳 20240425-20251129,20241030_012207.jpg
\档案馆\木耳 20240425-20251129,20241110_122253.jpg
\档案馆\木耳 20240425-20251129,20241104_082217.jpg
\档案馆\木耳 20240425-20251129,20241026_014000.mp4
\档案馆\木耳 20240425-20251129,20241025_021250.mp4
\档案馆\木耳 20240425-20251129,20241027_011854.jpg
\档案馆\木耳 20240425-20251129,20241026_211905.mp4
\档案馆\木耳 20240425-20251129,20241024_234911.mp4
\档案馆\木耳 20240425-20251129,20241027_011546.jpg
\档案馆\木耳 20240425-20251129,20241027_011529.jpg
\档案馆\木耳 20240425-20251129,20241026_211824.jpg
\档案馆\木耳 20240425-20251129,20241026_211744.jpg
\档案馆\木耳 20240425-20251129,20241007_045340.mp4
\档案馆\木耳 20240425-20251129,20241014_192727.mp4
\档案馆\木耳 20240425-20251129,20241011_210155.mp4
\档案馆\木耳 20240425-20251129,20241007_045107.mp4
\档案馆\木耳 20240425-20251129,20241014_192407.mp4
\档案馆\木耳 20240425-20251129,20241011_210248.mp4
\档案馆\木耳 20240425-20251129,20241007_044911.mp4
\档案馆\木耳 20240425-20251129,20241014_192238.jpg
\档案馆\木耳 20240425-20251129,20241014_192213.jpg
\档案馆\木耳 20240425-20251129,20241014_192105.mp4
\档案馆\木耳 20240425-20251129,20241007_155351.jpg
\档案馆\木耳 20240425-20251129,20241007_155348.jpg
\档案馆\木耳 20240425-20251129,#前缀说明.txt
\档案馆\木耳 20240425-20251129,20241026_014048.jpg
\档案馆\木耳 20240425-20251129,20241026_014033.jpg
\档案馆\木耳 20240425-20251129,20241006_200045.jpg
\档案馆\木耳 20240425-20251129,20241006_195956.jpg
\档案馆\木耳 20240425-20251129,20241026_211738.jpg
\档案馆\木耳 20240425-20251129,20241017_222352.jpg
\档案馆\木耳 20240425-20251129,20241027_011702.jpg
\档案馆\木耳 20240425-20251129,20241029_190812.jpg
\档案馆\木耳 20240425-20251129,20241014_192305.jpg
\档案馆,跳舞 2019至今
\档案馆\跳舞 2019至今,高三
\档案馆\跳舞 2019至今\高三,N-one
\档案馆\跳舞 2019至今\高三\N-one,4.mp4
\档案馆\跳舞 2019至今\高三\N-one,8.mp4
\档案馆\跳舞 2019至今\高三\N-one,11.mp4
\档案馆\跳舞 2019至今\高三\N-one,14.mp4
\档案馆\跳舞 2019至今\高三\N-one,7.mp4
\档案馆\跳舞 2019至今\高三\N-one,5.mp4
\档案馆\跳舞 2019至今\高三\N-one,10.mp4
\档案馆\跳舞 2019至今\高三\N-one,3.mp4
\档案馆\跳舞 2019至今\高三\N-one,2.mp4
\档案馆\跳舞 2019至今\高三\N-one,6.mp4
\档案馆\跳舞 2019至今\高三\N-one,9.mp4
\档案馆\跳舞 2019至今\高三\N-one,1.mp4
\档案馆\跳舞 2019至今\高三\N-one,13.mp4
\档案馆\跳舞 2019至今\高三\N-one,12.mp4
\档案馆\跳舞 2019至今\高三,DBJ
\档案馆\跳舞 2019至今\高三\DBJ,韩舞
\档案馆\跳舞 2019至今\高三\DBJ\韩舞,7.mp4
\档案馆\跳舞 2019至今\高三\DBJ\韩舞,3.mp4
\档案馆\跳舞 2019至今\高三\DBJ\韩舞,9.mp4
\档案馆\跳舞 2019至今\高三\DBJ\韩舞,26.mp4
\档案馆\跳舞 2019至今\高三\DBJ\韩舞,8.mp4
\档案馆\跳舞 2019至今\高三\DBJ\韩舞,24.mp4
\档案馆\跳舞 2019至今\高三\DBJ\韩舞,6.mp4
\档案馆\跳舞 2019至今\高三\DBJ\韩舞,5.mp4
\档案馆\跳舞 2019至今\高三\DBJ\韩舞,4.mp4
\档案馆\跳舞 2019至今\高三\DBJ\韩舞,23.mp4
\档案馆\跳舞 2019至今\高三\DBJ\韩舞,25.mp4
\档案馆\跳舞 2019至今\高三\DBJ\韩舞,20.mp4
\档案馆\跳舞 2019至今\高三\DBJ\韩舞,2.mp4
\档案馆\跳舞 2019至今\高三\DBJ\韩舞,22.mp4
\档案馆\跳舞 2019至今\高三\DBJ\韩舞,21.mp4
\档案馆\跳舞 2019至今\高三\DBJ\韩舞,16.mp4
\档案馆\跳舞 2019至今\高三\DBJ\韩舞,15.mp4
\档案馆\跳舞 2019至今\高三\DBJ\韩舞,19.mp4
\档案馆\跳舞 2019至今\高三\DBJ\韩舞,18.mp4
\档案馆\跳舞 2019至今\高三\DBJ\韩舞,17.mp4
\档案馆\跳舞 2019至今\高三\DBJ\韩舞,11.mp4
\档案馆\跳舞 2019至今\高三\DBJ\韩舞,13.mp4
\档案馆\跳舞 2019至今\高三\DBJ\韩舞,14.mp4
\档案馆\跳舞 2019至今\高三\DBJ\韩舞,1.mp4
\档案馆\跳舞 2019至今\高三\DBJ\韩舞,12.mp4
\档案馆\跳舞 2019至今\高三\DBJ\韩舞,10.mp4
\档案馆\跳舞 2019至今\高三\DBJ,结课视频
\档案馆\跳舞 2019至今\高三\DBJ\结课视频,095233230719dc460843019210.mp4
\档案馆\跳舞 2019至今\高三\DBJ\结课视频,112624220719dc460844193182.mp4
\档案馆\跳舞 2019至今\高三\DBJ\结课视频,220657310719dc46084763126.mp4
\档案馆\跳舞 2019至今\高三\DBJ\结课视频,1.mp4
\档案馆\跳舞 2019至今\高三\DBJ,urban
\档案馆\跳舞 2019至今\高三\DBJ\urban,9.mp4
\档案馆\跳舞 2019至今\高三\DBJ\urban,14.mp4
\档案馆\跳舞 2019至今\高三\DBJ\urban,8.mp4
\档案馆\跳舞 2019至今\高三\DBJ\urban,3.mp4
\档案馆\跳舞 2019至今\高三\DBJ\urban,2.mp4
\档案馆\跳舞 2019至今\高三\DBJ\urban,17.mp4
\档案馆\跳舞 2019至今\高三\DBJ\urban,15.mp4
\档案馆\跳舞 2019至今\高三\DBJ\urban,6.mp4
\档案馆\跳舞 2019至今\高三\DBJ\urban,5.mp4
\档案馆\跳舞 2019至今\高三\DBJ\urban,7.mp4
\档案馆\跳舞 2019至今\高三\DBJ\urban,19.mp4
\档案馆\跳舞 2019至今\高三\DBJ\urban,18.mp4
\档案馆\跳舞 2019至今\高三\DBJ\urban,4.mp4
\档案馆\跳舞 2019至今\高三\DBJ\urban,13.mp4
\档案馆\跳舞 2019至今\高三\DBJ\urban,20.mp4
\档案馆\跳舞 2019至今\高三\DBJ\urban,21.mp4
\档案馆\跳舞 2019至今\高三\DBJ\urban,16.mp4
\档案馆\跳舞 2019至今\高三\DBJ\urban,1.mp4
\档案馆\跳舞 2019至今\高三\DBJ\urban,12.mp4
\档案馆\跳舞 2019至今\高三\DBJ\urban,10.mp4
\档案馆\跳舞 2019至今\高三\DBJ\urban,11.mp4
\档案馆\跳舞 2019至今\高三\DBJ\urban,0.mp4
\档案馆\跳舞 2019至今\高三\DBJ,爵士
\档案馆\跳舞 2019至今\高三\DBJ\爵士,1.mp4
\档案馆\跳舞 2019至今\高三\DBJ\爵士,3.mp4
\档案馆\跳舞 2019至今\高三\DBJ\爵士,2.mp4
\档案馆\跳舞 2019至今\高三\DBJ,hiphop
\档案馆\跳舞 2019至今\高三\DBJ\hiphop,4.mp4
\档案馆\跳舞 2019至今\高三\DBJ\hiphop,2.mp4
\档案馆\跳舞 2019至今\高三\DBJ\hiphop,1.mp4
\档案馆\跳舞 2019至今\高三\DBJ\hiphop,3.mp4
\档案馆\跳舞 2019至今\高三\DBJ,练习.jpg
\档案馆\跳舞 2019至今\高三\DBJ,我.jpg
\档案馆\跳舞 2019至今,大三
\档案馆\跳舞 2019至今\大三,练舞
\档案馆\跳舞 2019至今\大三\练舞,VID_20220531_205044.mp4
\档案馆\跳舞 2019至今\大三\练舞,VID_20220531_202410.mp4
\档案馆\跳舞 2019至今\大三\练舞,VID_20220531_201322.mp4
\档案馆\跳舞 2019至今\大三\练舞,VID_20220304_212313.mp4
\档案馆\跳舞 2019至今\大三\练舞,VID_20220531_200358.mp4
\档案馆\跳舞 2019至今\大三\练舞,VID_20220304_210624.mp4
\档案馆\跳舞 2019至今\大三\练舞,VID_20220531_202131.mp4
\档案馆\跳舞 2019至今\大三\练舞,VID_20220527_205712.mp4
\档案馆\跳舞 2019至今\大三\练舞,VID_20220531_200855.mp4
\档案馆\跳舞 2019至今\大三\练舞,VID_20220228_223224.mp4
\档案馆\跳舞 2019至今\大三\练舞,VID_20220525_231537.mp4
\档案馆\跳舞 2019至今\大三\练舞,VID_20220525_230004.mp4
\档案馆\跳舞 2019至今\大三\练舞,VID_20220301_221906.mp4
\档案馆\跳舞 2019至今\大三\练舞,VID_20220525_225759.mp4
\档案馆\跳舞 2019至今\大三\练舞,VID_20220225_210909.mp4
\档案馆\跳舞 2019至今\大三\练舞,VID_20220304_211650.mp4
\档案馆\跳舞 2019至今\大三\练舞,VID_20220228_223224(0)(0).mp4
\档案馆\跳舞 2019至今\大三\练舞,mmexport1645897530920.mp4
\档案馆\跳舞 2019至今\大三,ACD
\档案馆\跳舞 2019至今\大三\ACD,空翻课
\档案馆\跳舞 2019至今\大三\ACD\空翻课,示范.mp4
\档案馆\跳舞 2019至今\大三\ACD\空翻课,5.mp4
\档案馆\跳舞 2019至今\大三\ACD\空翻课,合照.jpg
\档案馆\跳舞 2019至今\大三\ACD\空翻课,1.mp4
\档案馆\跳舞 2019至今\大三\ACD\空翻课,2.mp4
\档案馆\跳舞 2019至今\大三\ACD\空翻课,4.mp4
\档案馆\跳舞 2019至今\大三\ACD\空翻课,3.mp4
\档案馆\跳舞 2019至今,2024
\档案馆\跳舞 2019至今\2024,HyperSpace
\档案馆\跳舞 2019至今\2024\HyperSpace,souldance
\档案馆\跳舞 2019至今\2024\HyperSpace\souldance,mmexport1722676238614.mp4
\档案馆\跳舞 2019至今\2024\HyperSpace\souldance,mmexport1722009693526.mp4
\档案馆\跳舞 2019至今\2024\HyperSpace\souldance,mmexport1720800761629.mp4
\档案馆\跳舞 2019至今\2024\HyperSpace\souldance,mmexport1724077403402.mp4
\档案馆\跳舞 2019至今\2024\HyperSpace\souldance,mmexport1723905706286.mp4
\档案馆\跳舞 2019至今\2024\HyperSpace\souldance,mmexport1723905729671.mp4
\档案馆\跳舞 2019至今\2024\HyperSpace\souldance,mmexport1723571625970.mp4
\档案馆\跳舞 2019至今\2024\HyperSpace\souldance,mmexport1723227286707.mp4
\档案馆\跳舞 2019至今\2024\HyperSpace\souldance,mmexport1722676227059.mp4
\档案馆\跳舞 2019至今\2024\HyperSpace\souldance,mmexport1722191737549.mp4
\档案馆\跳舞 2019至今\2024\HyperSpace\souldance,mmexport1721785036620.mp4
\档案馆\跳舞 2019至今\2024\HyperSpace\souldance,mmexport1721723040851.mp4
\档案馆\跳舞 2019至今\2024\HyperSpace\souldance,mmexport1721417639578.mp4
\档案馆\跳舞 2019至今\2024\HyperSpace\souldance,mmexport1721146824256.mp4
\档案馆\跳舞 2019至今\2024\HyperSpace\souldance,mmexport1720978308650.mp4
\档案馆\跳舞 2019至今\2024\HyperSpace\souldance,mmexport1720623013223.mp4
\档案馆\跳舞 2019至今\2024\HyperSpace\souldance,mmexport1720622999562.mp4
\档案馆\跳舞 2019至今\2024\HyperSpace\souldance,mmexport1720622939784.mp4
\档案馆\跳舞 2019至今\2024\HyperSpace,locking
\档案馆\跳舞 2019至今\2024\HyperSpace\locking,mmexport1722688801540.mp4
\档案馆\跳舞 2019至今\2024\HyperSpace\locking,mmexport1724540561572.mp4
\档案馆\跳舞 2019至今\2024\HyperSpace\locking,mmexport1721533709391.mp4
\档案馆\跳舞 2019至今\2024\HyperSpace\locking,mmexport1722528371666.mp4
\档案馆\跳舞 2019至今\2024\HyperSpace\locking,mmexport1721533650397.mp4
\档案馆\跳舞 2019至今\2024\HyperSpace\locking,mmexport1722688771942.mp4
\档案馆\跳舞 2019至今\2024\HyperSpace\locking,mmexport1722084868228.mp4
\档案馆\跳舞 2019至今\2024\HyperSpace\locking,mmexport1721306579386.mp4
\档案馆\跳舞 2019至今\2024\HyperSpace\locking,mmexport1724322846924.mp4
\档案馆\跳舞 2019至今\2024\HyperSpace\locking,mmexport1721306503171.mp4
\档案馆\跳舞 2019至今\2024\HyperSpace\locking,mmexport1720622830747.mp4
\档案馆\跳舞 2019至今\2024\HyperSpace\locking,mmexport1720879711830.mp4
\档案馆\跳舞 2019至今\2024\HyperSpace\locking,mmexport1722528343458.mp4
\档案馆\跳舞 2019至今\2024\HyperSpace\locking,mmexport1722458276519.mp4
\档案馆\跳舞 2019至今\2024\HyperSpace\locking,mmexport1722458246096.mp4
\档案馆\跳舞 2019至今\2024\HyperSpace\locking,mmexport1690375741989.mp4
\档案馆\跳舞 2019至今\2024\HyperSpace\locking,mmexport1721815840964.mp4
\档案馆\跳舞 2019至今\2024\HyperSpace\locking,mmexport1721805937921.mp4
\档案馆\跳舞 2019至今\2024\HyperSpace\locking,mmexport1721533738744.mp4
\档案馆\跳舞 2019至今\2024\HyperSpace\locking,mmexport1691759080978.mp4
\档案馆\跳舞 2019至今\2024\HyperSpace\locking,mmexport1690988908250.mp4
\档案馆\跳舞 2019至今\2024\HyperSpace\locking,mmexport1688739079495.mp4
\档案馆\跳舞 2019至今\2024\HyperSpace\locking,mmexport1721134597041.mp4
\档案馆\跳舞 2019至今\2024\HyperSpace\locking,mmexport1720741828866.mp4
\档案馆\跳舞 2019至今\2024\HyperSpace\locking,mmexport1720622819231.mp4
\档案馆\跳舞 2019至今\2024\HyperSpace\locking,mmexport1691759128886.mp4
\档案馆\跳舞 2019至今\2024\HyperSpace\locking,mmexport1691158158355.mp4
\档案馆\跳舞 2019至今\2024\HyperSpace\locking,mmexport1690861351890.mp4
\档案馆\跳舞 2019至今\2024\HyperSpace\locking,mmexport1689597950964.mp4
\档案馆\跳舞 2019至今\2024\HyperSpace\locking,mmexport1666274691136.mp4
\档案馆\跳舞 2019至今\2024\HyperSpace\locking,mmexport1688739107808.mp4
\档案馆\跳舞 2019至今\2024\HyperSpace\locking,mmexport1688603106205.mp4
\档案馆\跳舞 2019至今\2024\HyperSpace\locking,mmexport1688391508978.mp4
\档案馆\跳舞 2019至今\2024\HyperSpace,hiphop
\档案馆\跳舞 2019至今\2024\HyperSpace\hiphop,mmexport1723903986499.mp4
\档案馆\跳舞 2019至今\2024\HyperSpace\hiphop,mmexport1723735935273.mp4
\档案馆\跳舞 2019至今\2024\HyperSpace\hiphop,mmexport1723903960640.mp4
\档案馆\跳舞 2019至今\2024\HyperSpace\hiphop,mmexport1723903602143.mp4
\档案馆\跳舞 2019至今\2024\HyperSpace\hiphop,mmexport1723903576038.mp4
\档案馆\跳舞 2019至今\2024\HyperSpace\hiphop,mmexport1723735962191.mp4
\档案馆\跳舞 2019至今\2024\HyperSpace\hiphop,mmexport1723735926285.mp4
\档案馆\跳舞 2019至今\2024\HyperSpace\hiphop,mmexport1723735917690.mp4
\档案馆\跳舞 2019至今\2024\HyperSpace\hiphop,mmexport1723285487793.mp4
\档案馆\跳舞 2019至今\2024\HyperSpace\hiphop,mmexport1723285383879.mp4
\档案馆\跳舞 2019至今\2024\HyperSpace\hiphop,mmexport1723285354450.mp4
\档案馆\跳舞 2019至今\2024\HyperSpace\hiphop,mmexport1723135919395.mp4
\档案馆\跳舞 2019至今\2024\HyperSpace\hiphop,mmexport1723135908694.mp4
\档案馆\跳舞 2019至今\2024\HyperSpace\hiphop,mmexport1723135887463.mp4
\档案馆\跳舞 2019至今\2024\HyperSpace\hiphop,mmexport1723135869132.mp4
\档案馆\跳舞 2019至今\2024\HyperSpace\hiphop,mmexport1722580410774.mp4
\档案馆\跳舞 2019至今\2024\HyperSpace\hiphop,mmexport1722688884560.mp4
\档案馆\跳舞 2019至今\2024\HyperSpace\hiphop,mmexport1722528500720.mp4
\档案馆\跳舞 2019至今\2024\HyperSpace\hiphop,mmexport1721487590159.mp4
\档案馆\跳舞 2019至今\2024\HyperSpace\hiphop,mmexport1721322507636.mp4
\档案馆\跳舞 2019至今\2024\HyperSpace\hiphop,mmexport1720865716311.mp4
\档案馆\跳舞 2019至今\2024\HyperSpace\hiphop,mmexport1720865685313.mp4
\档案馆\跳舞 2019至今\2024\HyperSpace\hiphop,mmexport1720865661683.mp4
\档案馆\跳舞 2019至今\2024\HyperSpace\hiphop,mmexport1720775159043.mp4
\档案馆\跳舞 2019至今\2024\HyperSpace\hiphop,mmexport1720775545302.mp4
\档案馆,证件照
\档案馆\证件照,原尺寸.jpg
\档案馆\证件照,两寸.jpg
\档案馆\证件照,一寸.jpg
\档案馆,攀岩 20251101至今
\档案馆\攀岩 20251101至今,乌托攀
\档案馆\攀岩 20251101至今\乌托攀,20260126_232319.mp4
\档案馆\攀岩 20251101至今\乌托攀,20260126_231522.mp4
\档案馆\攀岩 20251101至今\乌托攀,20260126_222254.mp4
\档案馆\攀岩 20251101至今\乌托攀,20260126_224332.mp4
\档案馆\攀岩 20251101至今\乌托攀,20260126_221424.mp4
\档案馆\攀岩 20251101至今\乌托攀,20260126_214817第一个成功的动态.mp4
\档案馆\攀岩 20251101至今\乌托攀,20260126_213854.mp4
\档案馆\攀岩 20251101至今\乌托攀,20260126_213551.mp4
\档案馆\攀岩 20251101至今\乌托攀,20260126_213108.mp4
\档案馆\攀岩 20251101至今\乌托攀,20260108_223413.mp4
\档案馆\攀岩 20251101至今\乌托攀,20260108_223039.mp4
\档案馆\攀岩 20251101至今\乌托攀,20260101_005127.mp4
\档案馆\攀岩 20251101至今\乌托攀,20251230_222254.mp4
\档案馆\攀岩 20251101至今\乌托攀,20260108_222321.mp4
\档案馆\攀岩 20251101至今\乌托攀,20251231_172940.mp4
\档案馆\攀岩 20251101至今\乌托攀,20251230_221631.mp4
\档案馆\攀岩 20251101至今\乌托攀,20251230_221936.mp4
\档案馆\攀岩 20251101至今\乌托攀,20251230_221341.mp4
\档案馆\攀岩 20251101至今\乌托攀,20251230_221242.mp4
\档案馆\攀岩 20251101至今\乌托攀,20251230_220817.mp4
\档案馆\攀岩 20251101至今\乌托攀,20251223_213420.mp4
\档案馆\攀岩 20251101至今\乌托攀,20251230_220119.mp4
\档案馆\攀岩 20251101至今\乌托攀,20251230_215455.mp4
\档案馆\攀岩 20251101至今\乌托攀,20251230_215718.mp4
\档案馆\攀岩 20251101至今\乌托攀,20251219_163920.mp4
\档案馆\攀岩 20251101至今\乌托攀,20251219_165236.mp4
\档案馆\攀岩 20251101至今\乌托攀,20251219_233129.mp4
\档案馆\攀岩 20251101至今\乌托攀,20251219_162707.mp4
\档案馆\攀岩 20251101至今\乌托攀,20251210_204406.mp4
\档案馆\攀岩 20251101至今\乌托攀,20251101_122552第一支完攀视频.mp4
\档案馆\攀岩 20251101至今,上海
\档案馆\攀岩 20251101至今\上海,粉抱
\档案馆\攀岩 20251101至今\上海\粉抱,20260224_123921.mp4
\档案馆\攀岩 20251101至今\上海\粉抱,20260224_123247.mp4
\档案馆\攀岩 20251101至今\上海\粉抱,20260224_121706.mp4
\档案馆\攀岩 20251101至今\上海\粉抱,20260224_121512.mp4
\档案馆\攀岩 20251101至今\上海\粉抱,20260224_122027.mp4
\档案馆\攀岩 20251101至今\上海\粉抱,20260224_120451.mp4
\档案馆\攀岩 20251101至今\上海\粉抱,20260224_120725.mp4
\档案馆\攀岩 20251101至今\上海\粉抱,20260224_120116.mp4
\档案馆\攀岩 20251101至今\上海\粉抱,20260224_115448.mp4
\档案馆\攀岩 20251101至今\上海,嘿抱万象城
\档案馆\攀岩 20251101至今\上海\嘿抱万象城,20260223_201158.mp4
\档案馆\攀岩 20251101至今\上海\嘿抱万象城,20260223_200320.mp4
\档案馆\攀岩 20251101至今\上海\嘿抱万象城,20260223_200958.mp4
\档案馆\攀岩 20251101至今\上海\嘿抱万象城,20260223_193937.mp4
\档案馆\攀岩 20251101至今\上海\嘿抱万象城,20260223_194526.mp4
\档案馆\攀岩 20251101至今\上海\嘿抱万象城,20260223_200002.mp4
\档案馆\攀岩 20251101至今\上海\嘿抱万象城,20260223_193421_1.mp4
\档案馆\攀岩 20251101至今\上海\嘿抱万象城,20260223_193543.jpg
\档案馆\攀岩 20251101至今\上海\嘿抱万象城,20260223_193614.jpg
\档案馆\攀岩 20251101至今\上海\嘿抱万象城,20260223_193602.jpg
\档案馆\攀岩 20251101至今\上海\嘿抱万象城,20260223_192110.jpg
\档案馆\攀岩 20251101至今\上海\嘿抱万象城,20260223_200147.jpg
\档案馆\攀岩 20251101至今\上海\嘿抱万象城,20260223_183404.jpg
\档案馆\攀岩 20251101至今\上海\嘿抱万象城,20260223_wx_camera_1771847267311.jpg
\档案馆\攀岩 20251101至今\上海,Benchmark滨港中心
\档案馆\攀岩 20251101至今\上海\Benchmark滨港中心,20260223_170110.mp4
\档案馆\攀岩 20251101至今\上海\Benchmark滨港中心,20260223_171649.mp4
\档案馆\攀岩 20251101至今\上海\Benchmark滨港中心,20260223_172050.mp4
\档案馆\攀岩 20251101至今\上海\Benchmark滨港中心,20260223_171514.mp4
\档案馆\攀岩 20251101至今\上海\Benchmark滨港中心,20260223_170714.mp4
\档案馆\攀岩 20251101至今\上海\Benchmark滨港中心,20260223_171137.mp4
\档案馆\攀岩 20251101至今\上海\Benchmark滨港中心,wx_camera_1771834718653.jpg
\档案馆\攀岩 20251101至今\上海\Benchmark滨港中心,wx_camera_1771832932271.jpg
\档案馆\攀岩 20251101至今\上海,BANANA+嘉里合集
\档案馆\攀岩 20251101至今\上海\BANANA+嘉里合集,20260222_174924.mp4
\档案馆\攀岩 20251101至今\上海\BANANA+嘉里合集,20260222_192925.mp4
\档案馆\攀岩 20251101至今\上海\BANANA+嘉里合集,20260222_192510.mp4
\档案馆\攀岩 20251101至今\上海\BANANA+嘉里合集,20260222_183124.mp4
\档案馆\攀岩 20251101至今\上海\BANANA+嘉里合集,20260222_172016.mp4
\档案馆\攀岩 20251101至今\上海\BANANA+嘉里合集,20260222_wx_camera_1771750426307.jpg
\档案馆\攀岩 20251101至今\上海\BANANA+嘉里合集,20260222_wx_camera_1771750417431.jpg
\档案馆\攀岩 20251101至今\上海\BANANA+嘉里合集,20260222_190450.jpg
\档案馆\攀岩 20251101至今\上海\BANANA+嘉里合集,20260222_192930.jpg
\档案馆\攀岩 20251101至今\上海\BANANA+嘉里合集,20260222_193117.jpg
\档案馆\攀岩 20251101至今\上海\BANANA+嘉里合集,20260222_160609.jpg
\档案馆\攀岩 20251101至今\上海\BANANA+嘉里合集,20260222_190350.jpg
\档案馆,工作 2022至今
\档案馆\工作 2022至今,毕业档案去向
\档案馆\工作 2022至今\毕业档案去向,Screenshot_2023-08-02-16-23-21-921_com.tencent.mm.jpg
\档案馆\工作 2022至今\毕业档案去向,Screenshot_2023-09-23-19-12-23-883_com.tencent.mm.jpg
\档案馆\工作 2022至今\毕业档案去向,Screenshot_2023-09-23-19-12-18-704_com.tencent.mm.jpg
\档案馆\工作 2022至今\毕业档案去向,Screenshot_2023-08-02-16-23-25-868_com.tencent.mm.jpg
\档案馆\工作 2022至今,简历
\档案馆\工作 2022至今\简历,张卉萱2025.pdf
\档案馆\工作 2022至今,兼职
\档案馆\工作 2022至今\兼职,6-营运部员工-深圳沃尔玛百货零售有限公司福州山姆会员商店-20250701-20260106
\档案馆\工作 2022至今\兼职\6-营运部员工-深圳沃尔玛百货零售有限公司福州山姆会员商店-20250701-20260106,照片
\档案馆\工作 2022至今\兼职\6-营运部员工-深圳沃尔玛百货零售有限公司福州山姆会员商店-20250701-20260106\照片,mmexport1754670079522.jpg
\档案馆\工作 2022至今\兼职\6-营运部员工-深圳沃尔玛百货零售有限公司福州山姆会员商店-20250701-20260106\照片,IMG_20250904_005727_635.jpg
\档案馆\工作 2022至今\兼职\6-营运部员工-深圳沃尔玛百货零售有限公司福州山姆会员商店-20250701-20260106\照片,20260102_212956.jpg
\档案馆\工作 2022至今\兼职\6-营运部员工-深圳沃尔玛百货零售有限公司福州山姆会员商店-20250701-20260106\照片,20260106_223038.jpg
\档案馆\工作 2022至今\兼职\6-营运部员工-深圳沃尔玛百货零售有限公司福州山姆会员商店-20250701-20260106\照片,20260106_222956.jpg
\档案馆\工作 2022至今\兼职\6-营运部员工-深圳沃尔玛百货零售有限公司福州山姆会员商店-20250701-20260106\照片,mmexport1763390361269.jpg
\档案馆\工作 2022至今\兼职\6-营运部员工-深圳沃尔玛百货零售有限公司福州山姆会员商店-20250701-20260106\照片,Screenshot_2025-10-24-23-21-50-921_com.ss.android.lark.jpg
\档案馆\工作 2022至今\兼职\6-营运部员工-深圳沃尔玛百货零售有限公司福州山姆会员商店-20250701-20260106\照片,IMG_20260102_214332.jpg
\档案馆\工作 2022至今\兼职\6-营运部员工-深圳沃尔玛百货零售有限公司福州山姆会员商店-20250701-20260106,入职材料
\档案馆\工作 2022至今\兼职\6-营运部员工-深圳沃尔玛百货零售有限公司福州山姆会员商店-20250701-20260106\入职材料,20250701_143709.jpg
\档案馆\工作 2022至今\兼职\6-营运部员工-深圳沃尔玛百货零售有限公司福州山姆会员商店-20250701-20260106\入职材料,教育部学历证书电子注册备案表_张卉萱.pdf
\档案馆\工作 2022至今\兼职\6-营运部员工-深圳沃尔玛百货零售有限公司福州山姆会员商店-20250701-20260106\入职材料,中国高等教育学位在线验证报告.pdf
\档案馆\工作 2022至今\兼职\6-营运部员工-深圳沃尔玛百货零售有限公司福州山姆会员商店-20250701-20260106,健康证
\档案馆\工作 2022至今\兼职\6-营运部员工-深圳沃尔玛百货零售有限公司福州山姆会员商店-20250701-20260106\健康证,20250630-20260629.pdf
\档案馆\工作 2022至今\兼职\6-营运部员工-深圳沃尔玛百货零售有限公司福州山姆会员商店-20250701-20260106,非全职员工劳动合同.pdf
\档案馆\工作 2022至今\兼职,5-晚辅助教-福建西格玛教育管理有限公司（福建小飞鱼文化科技有限公司）-20250319-20250626
\档案馆\工作 2022至今\兼职\5-晚辅助教-福建西格玛教育管理有限公司（福建小飞鱼文化科技有限公司）-20250319-20250626,照片
\档案馆\工作 2022至今\兼职\5-晚辅助教-福建西格玛教育管理有限公司（福建小飞鱼文化科技有限公司）-20250319-20250626\照片,mmexport1751257945154.jpg
\档案馆\工作 2022至今\兼职\5-晚辅助教-福建西格玛教育管理有限公司（福建小飞鱼文化科技有限公司）-20250319-20250626\照片,mmexport1751257941855.jpg
\档案馆\工作 2022至今\兼职\5-晚辅助教-福建西格玛教育管理有限公司（福建小飞鱼文化科技有限公司）-20250319-20250626\照片,mmexport1751257950846.jpg
\档案馆\工作 2022至今\兼职\5-晚辅助教-福建西格玛教育管理有限公司（福建小飞鱼文化科技有限公司）-20250319-20250626,重要聊天记录
\档案馆\工作 2022至今\兼职\5-晚辅助教-福建西格玛教育管理有限公司（福建小飞鱼文化科技有限公司）-20250319-20250626\重要聊天记录,Boss直聘完整沟通记录.jpg
\档案馆\工作 2022至今\兼职\5-晚辅助教-福建西格玛教育管理有限公司（福建小飞鱼文化科技有限公司）-20250319-20250626\重要聊天记录,薪资沟通微信记录.jpg
\档案馆\工作 2022至今\兼职\5-晚辅助教-福建西格玛教育管理有限公司（福建小飞鱼文化科技有限公司）-20250319-20250626\重要聊天记录,完整微信记录.jpg
\档案馆\工作 2022至今\兼职\5-晚辅助教-福建西格玛教育管理有限公司（福建小飞鱼文化科技有限公司）-20250319-20250626,无合同
\档案馆\工作 2022至今\兼职\5-晚辅助教-福建西格玛教育管理有限公司（福建小飞鱼文化科技有限公司）-20250319-20250626,Boss公司信息.jpg
\档案馆\工作 2022至今\兼职,4-重点笔记整理-福建护航教育咨询有限公司
\档案馆\工作 2022至今\兼职\4-重点笔记整理-福建护航教育咨询有限公司,20241220-20250104-劳动和社会保障法￥350
\档案馆\工作 2022至今\兼职\4-重点笔记整理-福建护航教育咨询有限公司\20241220-20250104-劳动和社会保障法￥350,results
\档案馆\工作 2022至今\兼职\4-重点笔记整理-福建护航教育咨询有限公司\20241220-20250104-劳动和社会保障法￥350\results,劳动和社会保障法.xmind
\档案馆\工作 2022至今\兼职\4-重点笔记整理-福建护航教育咨询有限公司\20241220-20250104-劳动和社会保障法￥350\results,劳动和社会保障法.docx
\档案馆\工作 2022至今\兼职\4-重点笔记整理-福建护航教育咨询有限公司\20241220-20250104-劳动和社会保障法￥350,sources
\档案馆\工作 2022至今\兼职\4-重点笔记整理-福建护航教育咨询有限公司\20241220-20250104-劳动和社会保障法￥350\sources,PPT.pdf
\档案馆\工作 2022至今\兼职\4-重点笔记整理-福建护航教育咨询有限公司\20241220-20250104-劳动和社会保障法￥350\sources,教辅.pdf
\档案馆\工作 2022至今\兼职\4-重点笔记整理-福建护航教育咨询有限公司\20241220-20250104-劳动和社会保障法￥350,完整微信记录.jpg
\档案馆\工作 2022至今\兼职\4-重点笔记整理-福建护航教育咨询有限公司\20241220-20250104-劳动和社会保障法￥350,结算.jpg
\档案馆\工作 2022至今\兼职\4-重点笔记整理-福建护航教育咨询有限公司,20250417-20250506-人工智能与大数据￥250
\档案馆\工作 2022至今\兼职\4-重点笔记整理-福建护航教育咨询有限公司\20250417-20250506-人工智能与大数据￥250,人工智能与大数据
\档案馆\工作 2022至今\兼职\4-重点笔记整理-福建护航教育咨询有限公司\20250417-20250506-人工智能与大数据￥250\人工智能与大数据,PPT.pdf
\档案馆\工作 2022至今\兼职\4-重点笔记整理-福建护航教育咨询有限公司\20250417-20250506-人工智能与大数据￥250\人工智能与大数据,教辅.pdf
\档案馆\工作 2022至今\兼职\4-重点笔记整理-福建护航教育咨询有限公司\20250417-20250506-人工智能与大数据￥250,人工智能与大数据.docx
\档案馆\工作 2022至今\兼职\4-重点笔记整理-福建护航教育咨询有限公司\20250417-20250506-人工智能与大数据￥250,完整微信记录-1.jpg
\档案馆\工作 2022至今\兼职\4-重点笔记整理-福建护航教育咨询有限公司\20250417-20250506-人工智能与大数据￥250,结算.jpg
\档案馆\工作 2022至今\兼职\4-重点笔记整理-福建护航教育咨询有限公司\20250417-20250506-人工智能与大数据￥250,完整微信记录-2.jpg
\档案馆\工作 2022至今\兼职\4-重点笔记整理-福建护航教育咨询有限公司\20250417-20250506-人工智能与大数据￥250,人工智能与大数据.xmind
\档案馆\工作 2022至今\兼职\4-重点笔记整理-福建护航教育咨询有限公司,无合同
\档案馆\工作 2022至今\兼职\4-重点笔记整理-福建护航教育咨询有限公司,Boss公司信息.jpg
\档案馆\工作 2022至今\兼职\4-重点笔记整理-福建护航教育咨询有限公司,Boss直聘完整沟通记录.jpg
\档案馆\工作 2022至今\兼职\4-重点笔记整理-福建护航教育咨询有限公司,薪资沟通微信记录.jpg
\档案馆\工作 2022至今\兼职\4-重点笔记整理-福建护航教育咨询有限公司,Boss招聘信息.png
\档案馆\工作 2022至今\兼职\4-重点笔记整理-福建护航教育咨询有限公司,往来记录.jpg
\档案馆\工作 2022至今\兼职,3-教师-湖南田头训文化传播有限公司-20241108-20250207
\档案馆\工作 2022至今\兼职\3-教师-湖南田头训文化传播有限公司-20241108-20250207,入职与试讲
\档案馆\工作 2022至今\兼职\3-教师-湖南田头训文化传播有限公司-20241108-20250207\入职与试讲,试讲.mp4
\档案馆\工作 2022至今\兼职\3-教师-湖南田头训文化传播有限公司-20241108-20250207\入职与试讲,241101+张卉萱+入职信息登记表.docx
\档案馆\工作 2022至今\兼职\3-教师-湖南田头训文化传播有限公司-20241108-20250207\入职与试讲,教员入职流程和说明.docx
\档案馆\工作 2022至今\兼职\3-教师-湖南田头训文化传播有限公司-20241108-20250207,离职
\档案馆\工作 2022至今\兼职\3-教师-湖南田头训文化传播有限公司-20241108-20250207\离职,钉钉人事.jpg
\档案馆\工作 2022至今\兼职\3-教师-湖南田头训文化传播有限公司-20241108-20250207\离职,微信教务.jpg
\档案馆\工作 2022至今\兼职\3-教师-湖南田头训文化传播有限公司-20241108-20250207,课酬说明
\档案馆\工作 2022至今\兼职\3-教师-湖南田头训文化传播有限公司-20241108-20250207\课酬说明,课费.jpg
\档案馆\工作 2022至今\兼职\3-教师-湖南田头训文化传播有限公司-20241108-20250207\课酬说明,申请课酬记录.jpg
\档案馆\工作 2022至今\兼职\3-教师-湖南田头训文化传播有限公司-20241108-20250207\课酬说明,课酬结算流程说明(支付宝方式打款）.pdf
\档案馆\工作 2022至今\兼职\3-教师-湖南田头训文化传播有限公司-20241108-20250207,20250120-20250207 刘文博 语文
\档案馆\工作 2022至今\兼职\3-教师-湖南田头训文化传播有限公司-20241108-20250207\20250120-20250207 刘文博 语文,20250120-20250207-九上
\档案馆\工作 2022至今\兼职\3-教师-湖南田头训文化传播有限公司-20241108-20250207\20250120-20250207 刘文博 语文\20250120-20250207-九上,未到-20250203-一-08.00-09.30-1.5h
\档案馆\工作 2022至今\兼职\3-教师-湖南田头训文化传播有限公司-20241108-20250207\20250120-20250207 刘文博 语文\20250120-20250207-九上\未到-20250203-一-08.00-09.30-1.5h,家长更改时间.jpg
\档案馆\工作 2022至今\兼职\3-教师-湖南田头训文化传播有限公司-20241108-20250207\20250120-20250207 刘文博 语文\20250120-20250207-九上\未到-20250203-一-08.00-09.30-1.5h,参会情况.xlsx
\档案馆\工作 2022至今\兼职\3-教师-湖南田头训文化传播有限公司-20241108-20250207\20250120-20250207 刘文博 语文\20250120-20250207-九上\未到-20250203-一-08.00-09.30-1.5h,会议详情.png
\档案馆\工作 2022至今\兼职\3-教师-湖南田头训文化传播有限公司-20241108-20250207\20250120-20250207 刘文博 语文\20250120-20250207-九上\未到-20250203-一-08.00-09.30-1.5h,会议截图.png
\档案馆\工作 2022至今\兼职\3-教师-湖南田头训文化传播有限公司-20241108-20250207\20250120-20250207 刘文博 语文\20250120-20250207-九上,4.5-20250122-三-08.00-09.30-1.5h￥60
\档案馆\工作 2022至今\兼职\3-教师-湖南田头训文化传播有限公司-20241108-20250207\20250120-20250207 刘文博 语文\20250120-20250207-九上\4.5-20250122-三-08.00-09.30-1.5h￥60,支付.jpg
\档案馆\工作 2022至今\兼职\3-教师-湖南田头训文化传播有限公司-20241108-20250207\20250120-20250207 刘文博 语文\20250120-20250207-九上\4.5-20250122-三-08.00-09.30-1.5h￥60,审批截图.jpg
\档案馆\工作 2022至今\兼职\3-教师-湖南田头训文化传播有限公司-20241108-20250207\20250120-20250207 刘文博 语文\20250120-20250207-九上\4.5-20250122-三-08.00-09.30-1.5h￥60,会议详情.png
\档案馆\工作 2022至今\兼职\3-教师-湖南田头训文化传播有限公司-20241108-20250207\20250120-20250207 刘文博 语文\20250120-20250207-九上\4.5-20250122-三-08.00-09.30-1.5h￥60,参会情况.xlsx
\档案馆\工作 2022至今\兼职\3-教师-湖南田头训文化传播有限公司-20241108-20250207\20250120-20250207 刘文博 语文\20250120-20250207-九上\4.5-20250122-三-08.00-09.30-1.5h￥60,审批单.pdf
\档案馆\工作 2022至今\兼职\3-教师-湖南田头训文化传播有限公司-20241108-20250207\20250120-20250207 刘文博 语文\20250120-20250207-九上\4.5-20250122-三-08.00-09.30-1.5h￥60,反馈.jpg
\档案馆\工作 2022至今\兼职\3-教师-湖南田头训文化传播有限公司-20241108-20250207\20250120-20250207 刘文博 语文\20250120-20250207-九上,6-20250123-四-08.00-09.30-1.5h￥60
\档案馆\工作 2022至今\兼职\3-教师-湖南田头训文化传播有限公司-20241108-20250207\20250120-20250207 刘文博 语文\20250120-20250207-九上\6-20250123-四-08.00-09.30-1.5h￥60,会议详情.png
\档案馆\工作 2022至今\兼职\3-教师-湖南田头训文化传播有限公司-20241108-20250207\20250120-20250207 刘文博 语文\20250120-20250207-九上\6-20250123-四-08.00-09.30-1.5h￥60,审批截图.jpg
\档案馆\工作 2022至今\兼职\3-教师-湖南田头训文化传播有限公司-20241108-20250207\20250120-20250207 刘文博 语文\20250120-20250207-九上\6-20250123-四-08.00-09.30-1.5h￥60,支付.jpg
\档案馆\工作 2022至今\兼职\3-教师-湖南田头训文化传播有限公司-20241108-20250207\20250120-20250207 刘文博 语文\20250120-20250207-九上\6-20250123-四-08.00-09.30-1.5h￥60,参会情况.xlsx
\档案馆\工作 2022至今\兼职\3-教师-湖南田头训文化传播有限公司-20241108-20250207\20250120-20250207 刘文博 语文\20250120-20250207-九上\6-20250123-四-08.00-09.30-1.5h￥60,反馈.jpg
\档案馆\工作 2022至今\兼职\3-教师-湖南田头训文化传播有限公司-20241108-20250207\20250120-20250207 刘文博 语文\20250120-20250207-九上\6-20250123-四-08.00-09.30-1.5h￥60,审批单.pdf
\档案馆\工作 2022至今\兼职\3-教师-湖南田头训文化传播有限公司-20241108-20250207\20250120-20250207 刘文博 语文\20250120-20250207-九上,7.5-20250124-五-08.00-09.30-1.5h￥60
\档案馆\工作 2022至今\兼职\3-教师-湖南田头训文化传播有限公司-20241108-20250207\20250120-20250207 刘文博 语文\20250120-20250207-九上\7.5-20250124-五-08.00-09.30-1.5h￥60,会议详情.png
\档案馆\工作 2022至今\兼职\3-教师-湖南田头训文化传播有限公司-20241108-20250207\20250120-20250207 刘文博 语文\20250120-20250207-九上\7.5-20250124-五-08.00-09.30-1.5h￥60,参会情况.xlsx
\档案馆\工作 2022至今\兼职\3-教师-湖南田头训文化传播有限公司-20241108-20250207\20250120-20250207 刘文博 语文\20250120-20250207-九上\7.5-20250124-五-08.00-09.30-1.5h￥60,审批单.pdf
\档案馆\工作 2022至今\兼职\3-教师-湖南田头训文化传播有限公司-20241108-20250207\20250120-20250207 刘文博 语文\20250120-20250207-九上\7.5-20250124-五-08.00-09.30-1.5h￥60,审批截图.jpg
\档案馆\工作 2022至今\兼职\3-教师-湖南田头训文化传播有限公司-20241108-20250207\20250120-20250207 刘文博 语文\20250120-20250207-九上\7.5-20250124-五-08.00-09.30-1.5h￥60,反馈.jpg
\档案馆\工作 2022至今\兼职\3-教师-湖南田头训文化传播有限公司-20241108-20250207\20250120-20250207 刘文博 语文\20250120-20250207-九上\7.5-20250124-五-08.00-09.30-1.5h￥60,支付.jpg
\档案馆\工作 2022至今\兼职\3-教师-湖南田头训文化传播有限公司-20241108-20250207\20250120-20250207 刘文博 语文\20250120-20250207-九上,15-20250207-五-08.00-09.30-1.5h￥60
\档案馆\工作 2022至今\兼职\3-教师-湖南田头训文化传播有限公司-20241108-20250207\20250120-20250207 刘文博 语文\20250120-20250207-九上\15-20250207-五-08.00-09.30-1.5h￥60,反馈.jpg
\档案馆\工作 2022至今\兼职\3-教师-湖南田头训文化传播有限公司-20241108-20250207\20250120-20250207 刘文博 语文\20250120-20250207-九上,1.5-20250120-一-08.00-09.30-1.5h￥60
\档案馆\工作 2022至今\兼职\3-教师-湖南田头训文化传播有限公司-20241108-20250207\20250120-20250207 刘文博 语文\20250120-20250207-九上\1.5-20250120-一-08.00-09.30-1.5h￥60,反馈.jpg
\档案馆\工作 2022至今\兼职\3-教师-湖南田头训文化传播有限公司-20241108-20250207\20250120-20250207 刘文博 语文\20250120-20250207-九上\1.5-20250120-一-08.00-09.30-1.5h￥60,支付.jpg
\档案馆\工作 2022至今\兼职\3-教师-湖南田头训文化传播有限公司-20241108-20250207\20250120-20250207 刘文博 语文\20250120-20250207-九上\1.5-20250120-一-08.00-09.30-1.5h￥60,审批单.pdf
\档案馆\工作 2022至今\兼职\3-教师-湖南田头训文化传播有限公司-20241108-20250207\20250120-20250207 刘文博 语文\20250120-20250207-九上\1.5-20250120-一-08.00-09.30-1.5h￥60,审批截图.jpg
\档案馆\工作 2022至今\兼职\3-教师-湖南田头训文化传播有限公司-20241108-20250207\20250120-20250207 刘文博 语文\20250120-20250207-九上\1.5-20250120-一-08.00-09.30-1.5h￥60,参会情况.xlsx
\档案馆\工作 2022至今\兼职\3-教师-湖南田头训文化传播有限公司-20241108-20250207\20250120-20250207 刘文博 语文\20250120-20250207-九上\1.5-20250120-一-08.00-09.30-1.5h￥60,会议详情.png
\档案馆\工作 2022至今\兼职\3-教师-湖南田头训文化传播有限公司-20241108-20250207\20250120-20250207 刘文博 语文\20250120-20250207-九上,10.5-20250204-二-08.00-09.30-1.5h￥60
\档案馆\工作 2022至今\兼职\3-教师-湖南田头训文化传播有限公司-20241108-20250207\20250120-20250207 刘文博 语文\20250120-20250207-九上\10.5-20250204-二-08.00-09.30-1.5h￥60,反馈.jpg
\档案馆\工作 2022至今\兼职\3-教师-湖南田头训文化传播有限公司-20241108-20250207\20250120-20250207 刘文博 语文\20250120-20250207-九上\10.5-20250204-二-08.00-09.30-1.5h￥60,参会情况.xlsx
\档案馆\工作 2022至今\兼职\3-教师-湖南田头训文化传播有限公司-20241108-20250207\20250120-20250207 刘文博 语文\20250120-20250207-九上\10.5-20250204-二-08.00-09.30-1.5h￥60,会议详情.png
\档案馆\工作 2022至今\兼职\3-教师-湖南田头训文化传播有限公司-20241108-20250207\20250120-20250207 刘文博 语文\20250120-20250207-九上,13.5-20250206-四-08.00-09.30-1.5h￥60
\档案馆\工作 2022至今\兼职\3-教师-湖南田头训文化传播有限公司-20241108-20250207\20250120-20250207 刘文博 语文\20250120-20250207-九上\13.5-20250206-四-08.00-09.30-1.5h￥60,反馈.jpg
\档案馆\工作 2022至今\兼职\3-教师-湖南田头训文化传播有限公司-20241108-20250207\20250120-20250207 刘文博 语文\20250120-20250207-九上,12-20250205-三-08.00-09.30-1.5h￥60
\档案馆\工作 2022至今\兼职\3-教师-湖南田头训文化传播有限公司-20241108-20250207\20250120-20250207 刘文博 语文\20250120-20250207-九上\12-20250205-三-08.00-09.30-1.5h￥60,反馈.jpg
\档案馆\工作 2022至今\兼职\3-教师-湖南田头训文化传播有限公司-20241108-20250207\20250120-20250207 刘文博 语文\20250120-20250207-九上,9-20250203-一-14.00-15.30-1.5h￥60
\档案馆\工作 2022至今\兼职\3-教师-湖南田头训文化传播有限公司-20241108-20250207\20250120-20250207 刘文博 语文\20250120-20250207-九上\9-20250203-一-14.00-15.30-1.5h￥60,反馈.jpg
\档案馆\工作 2022至今\兼职\3-教师-湖南田头训文化传播有限公司-20241108-20250207\20250120-20250207 刘文博 语文\20250120-20250207-九上\9-20250203-一-14.00-15.30-1.5h￥60,参会情况.xlsx
\档案馆\工作 2022至今\兼职\3-教师-湖南田头训文化传播有限公司-20241108-20250207\20250120-20250207 刘文博 语文\20250120-20250207-九上\9-20250203-一-14.00-15.30-1.5h￥60,会议详情.png
\档案馆\工作 2022至今\兼职\3-教师-湖南田头训文化传播有限公司-20241108-20250207\20250120-20250207 刘文博 语文\20250120-20250207-九上,3-20250121-二-08.00-09.30-1.5h￥60
\档案馆\工作 2022至今\兼职\3-教师-湖南田头训文化传播有限公司-20241108-20250207\20250120-20250207 刘文博 语文\20250120-20250207-九上\3-20250121-二-08.00-09.30-1.5h￥60,审批截图.jpg
\档案馆\工作 2022至今\兼职\3-教师-湖南田头训文化传播有限公司-20241108-20250207\20250120-20250207 刘文博 语文\20250120-20250207-九上\3-20250121-二-08.00-09.30-1.5h￥60,参会情况.xlsx
\档案馆\工作 2022至今\兼职\3-教师-湖南田头训文化传播有限公司-20241108-20250207\20250120-20250207 刘文博 语文\20250120-20250207-九上\3-20250121-二-08.00-09.30-1.5h￥60,会议详情.png
\档案馆\工作 2022至今\兼职\3-教师-湖南田头训文化传播有限公司-20241108-20250207\20250120-20250207 刘文博 语文\20250120-20250207-九上\3-20250121-二-08.00-09.30-1.5h￥60,支付.jpg
\档案馆\工作 2022至今\兼职\3-教师-湖南田头训文化传播有限公司-20241108-20250207\20250120-20250207 刘文博 语文\20250120-20250207-九上\3-20250121-二-08.00-09.30-1.5h￥60,反馈.jpg
\档案馆\工作 2022至今\兼职\3-教师-湖南田头训文化传播有限公司-20241108-20250207\20250120-20250207 刘文博 语文\20250120-20250207-九上\3-20250121-二-08.00-09.30-1.5h￥60,审批单.pdf
\档案馆\工作 2022至今\兼职\3-教师-湖南田头训文化传播有限公司-20241108-20250207\20250120-20250207 刘文博 语文,刘文博-课程记录.xlsx
\档案馆\工作 2022至今\兼职\3-教师-湖南田头训文化传播有限公司-20241108-20250207,合同
\档案馆\工作 2022至今\兼职\3-教师-湖南田头训文化传播有限公司-20241108-20250207\合同,兼职合同签订记录.png
\档案馆\工作 2022至今\兼职\3-教师-湖南田头训文化传播有限公司-20241108-20250207\合同,2.jpg
\档案馆\工作 2022至今\兼职\3-教师-湖南田头训文化传播有限公司-20241108-20250207\合同,1.jpg
\档案馆\工作 2022至今\兼职\3-教师-湖南田头训文化传播有限公司-20241108-20250207\合同,3.png
\档案馆\工作 2022至今\兼职\3-教师-湖南田头训文化传播有限公司-20241108-20250207\合同,教师承诺书和兼职合同.pdf
\档案馆\工作 2022至今\兼职\3-教师-湖南田头训文化传播有限公司-20241108-20250207,20241117-20250207 刘嘉怡 语文
\档案馆\工作 2022至今\兼职\3-教师-湖南田头训文化传播有限公司-20241108-20250207\20241117-20250207 刘嘉怡 语文,20241117-20250207-七上
\档案馆\工作 2022至今\兼职\3-教师-湖南田头训文化传播有限公司-20241108-20250207\20241117-20250207 刘嘉怡 语文\20241117-20250207-七上,请假-20250122-二-16.30-18.00-1.5h
\档案馆\工作 2022至今\兼职\3-教师-湖南田头训文化传播有限公司-20241108-20250207\20241117-20250207 刘嘉怡 语文\20241117-20250207-七上\请假-20250122-二-16.30-18.00-1.5h,学生请假.jpg
\档案馆\工作 2022至今\兼职\3-教师-湖南田头训文化传播有限公司-20241108-20250207\20241117-20250207 刘嘉怡 语文\20241117-20250207-七上,未到-20250203-一-16.30-18.00-1.5h
\档案馆\工作 2022至今\兼职\3-教师-湖南田头训文化传播有限公司-20241108-20250207\20241117-20250207 刘嘉怡 语文\20241117-20250207-七上\未到-20250203-一-16.30-18.00-1.5h,参会情况.xlsx
\档案馆\工作 2022至今\兼职\3-教师-湖南田头训文化传播有限公司-20241108-20250207\20241117-20250207 刘嘉怡 语文\20241117-20250207-七上\未到-20250203-一-16.30-18.00-1.5h,会议截图.png
\档案馆\工作 2022至今\兼职\3-教师-湖南田头训文化传播有限公司-20241108-20250207\20241117-20250207 刘嘉怡 语文\20241117-20250207-七上\未到-20250203-一-16.30-18.00-1.5h,家长更改时间.jpg
\档案馆\工作 2022至今\兼职\3-教师-湖南田头训文化传播有限公司-20241108-20250207\20241117-20250207 刘嘉怡 语文\20241117-20250207-七上\未到-20250203-一-16.30-18.00-1.5h,会议详情.png
\档案馆\工作 2022至今\兼职\3-教师-湖南田头训文化传播有限公司-20241108-20250207\20241117-20250207 刘嘉怡 语文\20241117-20250207-七上,试课-20241117-天-15.00-16.00-1h
\档案馆\工作 2022至今\兼职\3-教师-湖南田头训文化传播有限公司-20241108-20250207\20241117-20250207 刘嘉怡 语文\20241117-20250207-七上\试课-20241117-天-15.00-16.00-1h,参会情况.xlsx
\档案馆\工作 2022至今\兼职\3-教师-湖南田头训文化传播有限公司-20241108-20250207\20241117-20250207 刘嘉怡 语文\20241117-20250207-七上\试课-20241117-天-15.00-16.00-1h,会议详情.png
\档案馆\工作 2022至今\兼职\3-教师-湖南田头训文化传播有限公司-20241108-20250207\20241117-20250207 刘嘉怡 语文\20241117-20250207-七上,9-20241208-天-14.00-16.00-2h￥80
\档案馆\工作 2022至今\兼职\3-教师-湖南田头训文化传播有限公司-20241108-20250207\20241117-20250207 刘嘉怡 语文\20241117-20250207-七上\9-20241208-天-14.00-16.00-2h￥80,参会情况.xlsx
\档案馆\工作 2022至今\兼职\3-教师-湖南田头训文化传播有限公司-20241108-20250207\20241117-20250207 刘嘉怡 语文\20241117-20250207-七上\9-20241208-天-14.00-16.00-2h￥80,反馈.jpg
\档案馆\工作 2022至今\兼职\3-教师-湖南田头训文化传播有限公司-20241108-20250207\20241117-20250207 刘嘉怡 语文\20241117-20250207-七上\9-20241208-天-14.00-16.00-2h￥80,审批单.pdf
\档案馆\工作 2022至今\兼职\3-教师-湖南田头训文化传播有限公司-20241108-20250207\20241117-20250207 刘嘉怡 语文\20241117-20250207-七上\9-20241208-天-14.00-16.00-2h￥80,会议详情.png
\档案馆\工作 2022至今\兼职\3-教师-湖南田头训文化传播有限公司-20241108-20250207\20241117-20250207 刘嘉怡 语文\20241117-20250207-七上\9-20241208-天-14.00-16.00-2h￥80,支付.jpg
\档案馆\工作 2022至今\兼职\3-教师-湖南田头训文化传播有限公司-20241108-20250207\20241117-20250207 刘嘉怡 语文\20241117-20250207-七上\9-20241208-天-14.00-16.00-2h￥80,审批截图.jpg
\档案馆\工作 2022至今\兼职\3-教师-湖南田头训文化传播有限公司-20241108-20250207\20241117-20250207 刘嘉怡 语文\20241117-20250207-七上,未到-20250110-五-20.30-21.30-1h
\档案馆\工作 2022至今\兼职\3-教师-湖南田头训文化传播有限公司-20241108-20250207\20241117-20250207 刘嘉怡 语文\20241117-20250207-七上\未到-20250110-五-20.30-21.30-1h,会议截图.png
\档案馆\工作 2022至今\兼职\3-教师-湖南田头训文化传播有限公司-20241108-20250207\20241117-20250207 刘嘉怡 语文\20241117-20250207-七上\未到-20250110-五-20.30-21.30-1h,参会情况.xlsx
\档案馆\工作 2022至今\兼职\3-教师-湖南田头训文化传播有限公司-20241108-20250207\20241117-20250207 刘嘉怡 语文\20241117-20250207-七上\未到-20250110-五-20.30-21.30-1h,家长重新沟通时间.jpg
\档案馆\工作 2022至今\兼职\3-教师-湖南田头训文化传播有限公司-20241108-20250207\20241117-20250207 刘嘉怡 语文\20241117-20250207-七上\未到-20250110-五-20.30-21.30-1h,会议详情.png
\档案馆\工作 2022至今\兼职\3-教师-湖南田头训文化传播有限公司-20241108-20250207\20241117-20250207 刘嘉怡 语文\20241117-20250207-七上,7-20241206-五-20.40-21.40-1h￥40
\档案馆\工作 2022至今\兼职\3-教师-湖南田头训文化传播有限公司-20241108-20250207\20241117-20250207 刘嘉怡 语文\20241117-20250207-七上\7-20241206-五-20.40-21.40-1h￥40,参会情况.xlsx
\档案馆\工作 2022至今\兼职\3-教师-湖南田头训文化传播有限公司-20241108-20250207\20241117-20250207 刘嘉怡 语文\20241117-20250207-七上\7-20241206-五-20.40-21.40-1h￥40,审批截图.jpg
\档案馆\工作 2022至今\兼职\3-教师-湖南田头训文化传播有限公司-20241108-20250207\20241117-20250207 刘嘉怡 语文\20241117-20250207-七上\7-20241206-五-20.40-21.40-1h￥40,审批单.pdf
\档案馆\工作 2022至今\兼职\3-教师-湖南田头训文化传播有限公司-20241108-20250207\20241117-20250207 刘嘉怡 语文\20241117-20250207-七上\7-20241206-五-20.40-21.40-1h￥40,会议详情.png
\档案馆\工作 2022至今\兼职\3-教师-湖南田头训文化传播有限公司-20241108-20250207\20241117-20250207 刘嘉怡 语文\20241117-20250207-七上\7-20241206-五-20.40-21.40-1h￥40,支付.jpg
\档案馆\工作 2022至今\兼职\3-教师-湖南田头训文化传播有限公司-20241108-20250207\20241117-20250207 刘嘉怡 语文\20241117-20250207-七上\7-20241206-五-20.40-21.40-1h￥40,反馈.jpg
\档案馆\工作 2022至今\兼职\3-教师-湖南田头训文化传播有限公司-20241108-20250207\20241117-20250207 刘嘉怡 语文\20241117-20250207-七上,6-20241201-天-14.00-16.00-2h￥80
\档案馆\工作 2022至今\兼职\3-教师-湖南田头训文化传播有限公司-20241108-20250207\20241117-20250207 刘嘉怡 语文\20241117-20250207-七上\6-20241201-天-14.00-16.00-2h￥80,支付.jpg
\档案馆\工作 2022至今\兼职\3-教师-湖南田头训文化传播有限公司-20241108-20250207\20241117-20250207 刘嘉怡 语文\20241117-20250207-七上\6-20241201-天-14.00-16.00-2h￥80,审批截图.jpg
\档案馆\工作 2022至今\兼职\3-教师-湖南田头训文化传播有限公司-20241108-20250207\20241117-20250207 刘嘉怡 语文\20241117-20250207-七上\6-20241201-天-14.00-16.00-2h￥80,反馈.jpg
\档案馆\工作 2022至今\兼职\3-教师-湖南田头训文化传播有限公司-20241108-20250207\20241117-20250207 刘嘉怡 语文\20241117-20250207-七上\6-20241201-天-14.00-16.00-2h￥80,审批单.pdf
\档案馆\工作 2022至今\兼职\3-教师-湖南田头训文化传播有限公司-20241108-20250207\20241117-20250207 刘嘉怡 语文\20241117-20250207-七上\6-20241201-天-14.00-16.00-2h￥80,会议详情.png
\档案馆\工作 2022至今\兼职\3-教师-湖南田头训文化传播有限公司-20241108-20250207\20241117-20250207 刘嘉怡 语文\20241117-20250207-七上\6-20241201-天-14.00-16.00-2h￥80,参会详情.xlsx
\档案馆\工作 2022至今\兼职\3-教师-湖南田头训文化传播有限公司-20241108-20250207\20241117-20250207 刘嘉怡 语文\20241117-20250207-七上,29-20250204-二-10.00-11.30-1.5h￥60
\档案馆\工作 2022至今\兼职\3-教师-湖南田头训文化传播有限公司-20241108-20250207\20241117-20250207 刘嘉怡 语文\20241117-20250207-七上\29-20250204-二-10.00-11.30-1.5h￥60,参会情况.xlsx
\档案馆\工作 2022至今\兼职\3-教师-湖南田头训文化传播有限公司-20241108-20250207\20241117-20250207 刘嘉怡 语文\20241117-20250207-七上\29-20250204-二-10.00-11.30-1.5h￥60,反馈.jpg
\档案馆\工作 2022至今\兼职\3-教师-湖南田头训文化传播有限公司-20241108-20250207\20241117-20250207 刘嘉怡 语文\20241117-20250207-七上\29-20250204-二-10.00-11.30-1.5h￥60,会议详情.png
\档案馆\工作 2022至今\兼职\3-教师-湖南田头训文化传播有限公司-20241108-20250207\20241117-20250207 刘嘉怡 语文\20241117-20250207-七上,27.5-20250124-五-16.30-18.00-1.5h￥60
\档案馆\工作 2022至今\兼职\3-教师-湖南田头训文化传播有限公司-20241108-20250207\20241117-20250207 刘嘉怡 语文\20241117-20250207-七上\27.5-20250124-五-16.30-18.00-1.5h￥60,审批截图.jpg
\档案馆\工作 2022至今\兼职\3-教师-湖南田头训文化传播有限公司-20241108-20250207\20241117-20250207 刘嘉怡 语文\20241117-20250207-七上\27.5-20250124-五-16.30-18.00-1.5h￥60,支付.jpg
\档案馆\工作 2022至今\兼职\3-教师-湖南田头训文化传播有限公司-20241108-20250207\20241117-20250207 刘嘉怡 语文\20241117-20250207-七上\27.5-20250124-五-16.30-18.00-1.5h￥60,反馈.jpg
\档案馆\工作 2022至今\兼职\3-教师-湖南田头训文化传播有限公司-20241108-20250207\20241117-20250207 刘嘉怡 语文\20241117-20250207-七上\27.5-20250124-五-16.30-18.00-1.5h￥60,审批单.pdf
\档案馆\工作 2022至今\兼职\3-教师-湖南田头训文化传播有限公司-20241108-20250207\20241117-20250207 刘嘉怡 语文\20241117-20250207-七上\27.5-20250124-五-16.30-18.00-1.5h￥60,参会情况.xlsx
\档案馆\工作 2022至今\兼职\3-教师-湖南田头训文化传播有限公司-20241108-20250207\20241117-20250207 刘嘉怡 语文\20241117-20250207-七上\27.5-20250124-五-16.30-18.00-1.5h￥60,会议详情.png
\档案馆\工作 2022至今\兼职\3-教师-湖南田头训文化传播有限公司-20241108-20250207\20241117-20250207 刘嘉怡 语文\20241117-20250207-七上,3-20241124-天-14.00-16.00-2h￥80
\档案馆\工作 2022至今\兼职\3-教师-湖南田头训文化传播有限公司-20241108-20250207\20241117-20250207 刘嘉怡 语文\20241117-20250207-七上\3-20241124-天-14.00-16.00-2h￥80,审批单.pdf
\档案馆\工作 2022至今\兼职\3-教师-湖南田头训文化传播有限公司-20241108-20250207\20241117-20250207 刘嘉怡 语文\20241117-20250207-七上\3-20241124-天-14.00-16.00-2h￥80,会议详情.png
\档案馆\工作 2022至今\兼职\3-教师-湖南田头训文化传播有限公司-20241108-20250207\20241117-20250207 刘嘉怡 语文\20241117-20250207-七上\3-20241124-天-14.00-16.00-2h￥80,反馈.jpg
\档案馆\工作 2022至今\兼职\3-教师-湖南田头训文化传播有限公司-20241108-20250207\20241117-20250207 刘嘉怡 语文\20241117-20250207-七上\3-20241124-天-14.00-16.00-2h￥80,参会情况.xlsx
\档案馆\工作 2022至今\兼职\3-教师-湖南田头训文化传播有限公司-20241108-20250207\20241117-20250207 刘嘉怡 语文\20241117-20250207-七上\3-20241124-天-14.00-16.00-2h￥80,审批截图.jpg
\档案馆\工作 2022至今\兼职\3-教师-湖南田头训文化传播有限公司-20241108-20250207\20241117-20250207 刘嘉怡 语文\20241117-20250207-七上\3-20241124-天-14.00-16.00-2h￥80,支付.jpg
\档案馆\工作 2022至今\兼职\3-教师-湖南田头训文化传播有限公司-20241108-20250207\20241117-20250207 刘嘉怡 语文\20241117-20250207-七上,30.5-20250205-三-16.30-18.00-1.5h￥60
\档案馆\工作 2022至今\兼职\3-教师-湖南田头训文化传播有限公司-20241108-20250207\20241117-20250207 刘嘉怡 语文\20241117-20250207-七上\30.5-20250205-三-16.30-18.00-1.5h￥60,反馈.jpg
\档案馆\工作 2022至今\兼职\3-教师-湖南田头训文化传播有限公司-20241108-20250207\20241117-20250207 刘嘉怡 语文\20241117-20250207-七上,4-20241129-五-20.30-21.30-1h￥40
\档案馆\工作 2022至今\兼职\3-教师-湖南田头训文化传播有限公司-20241108-20250207\20241117-20250207 刘嘉怡 语文\20241117-20250207-七上\4-20241129-五-20.30-21.30-1h￥40,反馈.jpg
\档案馆\工作 2022至今\兼职\3-教师-湖南田头训文化传播有限公司-20241108-20250207\20241117-20250207 刘嘉怡 语文\20241117-20250207-七上\4-20241129-五-20.30-21.30-1h￥40,审批单.pdf
\档案馆\工作 2022至今\兼职\3-教师-湖南田头训文化传播有限公司-20241108-20250207\20241117-20250207 刘嘉怡 语文\20241117-20250207-七上\4-20241129-五-20.30-21.30-1h￥40,审批截图.jpg
\档案馆\工作 2022至今\兼职\3-教师-湖南田头训文化传播有限公司-20241108-20250207\20241117-20250207 刘嘉怡 语文\20241117-20250207-七上\4-20241129-五-20.30-21.30-1h￥40,参会情况.xlsx
\档案馆\工作 2022至今\兼职\3-教师-湖南田头训文化传播有限公司-20241108-20250207\20241117-20250207 刘嘉怡 语文\20241117-20250207-七上\4-20241129-五-20.30-21.30-1h￥40,支付.jpg
\档案馆\工作 2022至今\兼职\3-教师-湖南田头训文化传播有限公司-20241108-20250207\20241117-20250207 刘嘉怡 语文\20241117-20250207-七上\4-20241129-五-20.30-21.30-1h￥40,会议详情.png
\档案馆\工作 2022至今\兼职\3-教师-湖南田头训文化传播有限公司-20241108-20250207\20241117-20250207 刘嘉怡 语文\20241117-20250207-七上,23-20250115-三-16.30-18.00-1.5h￥60
\档案馆\工作 2022至今\兼职\3-教师-湖南田头训文化传播有限公司-20241108-20250207\20241117-20250207 刘嘉怡 语文\20241117-20250207-七上\23-20250115-三-16.30-18.00-1.5h￥60,审批截图.jpg
\档案馆\工作 2022至今\兼职\3-教师-湖南田头训文化传播有限公司-20241108-20250207\20241117-20250207 刘嘉怡 语文\20241117-20250207-七上\23-20250115-三-16.30-18.00-1.5h￥60,反馈.jpg
\档案馆\工作 2022至今\兼职\3-教师-湖南田头训文化传播有限公司-20241108-20250207\20241117-20250207 刘嘉怡 语文\20241117-20250207-七上\23-20250115-三-16.30-18.00-1.5h￥60,审批单.pdf
\档案馆\工作 2022至今\兼职\3-教师-湖南田头训文化传播有限公司-20241108-20250207\20241117-20250207 刘嘉怡 语文\20241117-20250207-七上\23-20250115-三-16.30-18.00-1.5h￥60,支付.jpg
\档案馆\工作 2022至今\兼职\3-教师-湖南田头训文化传播有限公司-20241108-20250207\20241117-20250207 刘嘉怡 语文\20241117-20250207-七上\23-20250115-三-16.30-18.00-1.5h￥60,会议详情.png
\档案馆\工作 2022至今\兼职\3-教师-湖南田头训文化传播有限公司-20241108-20250207\20241117-20250207 刘嘉怡 语文\20241117-20250207-七上\23-20250115-三-16.30-18.00-1.5h￥60,参会情况.xlsx
\档案馆\工作 2022至今\兼职\3-教师-湖南田头训文化传播有限公司-20241108-20250207\20241117-20250207 刘嘉怡 语文\20241117-20250207-七上,24.5-20250117-五-16.30-18.00-1.5h￥60
\档案馆\工作 2022至今\兼职\3-教师-湖南田头训文化传播有限公司-20241108-20250207\20241117-20250207 刘嘉怡 语文\20241117-20250207-七上\24.5-20250117-五-16.30-18.00-1.5h￥60,审批截图.jpg
\档案馆\工作 2022至今\兼职\3-教师-湖南田头训文化传播有限公司-20241108-20250207\20241117-20250207 刘嘉怡 语文\20241117-20250207-七上\24.5-20250117-五-16.30-18.00-1.5h￥60,会议详情.png
\档案馆\工作 2022至今\兼职\3-教师-湖南田头训文化传播有限公司-20241108-20250207\20241117-20250207 刘嘉怡 语文\20241117-20250207-七上\24.5-20250117-五-16.30-18.00-1.5h￥60,审批单.pdf
\档案馆\工作 2022至今\兼职\3-教师-湖南田头训文化传播有限公司-20241108-20250207\20241117-20250207 刘嘉怡 语文\20241117-20250207-七上\24.5-20250117-五-16.30-18.00-1.5h￥60,反馈.jpg
\档案馆\工作 2022至今\兼职\3-教师-湖南田头训文化传播有限公司-20241108-20250207\20241117-20250207 刘嘉怡 语文\20241117-20250207-七上\24.5-20250117-五-16.30-18.00-1.5h￥60,参会情况.xlsx
\档案馆\工作 2022至今\兼职\3-教师-湖南田头训文化传播有限公司-20241108-20250207\20241117-20250207 刘嘉怡 语文\20241117-20250207-七上\24.5-20250117-五-16.30-18.00-1.5h￥60,支付.jpg
\档案馆\工作 2022至今\兼职\3-教师-湖南田头训文化传播有限公司-20241108-20250207\20241117-20250207 刘嘉怡 语文\20241117-20250207-七上,26-20250120-一-16.30-18.00-1.5h￥60
\档案馆\工作 2022至今\兼职\3-教师-湖南田头训文化传播有限公司-20241108-20250207\20241117-20250207 刘嘉怡 语文\20241117-20250207-七上\26-20250120-一-16.30-18.00-1.5h￥60,参会情况.xlsx
\档案馆\工作 2022至今\兼职\3-教师-湖南田头训文化传播有限公司-20241108-20250207\20241117-20250207 刘嘉怡 语文\20241117-20250207-七上\26-20250120-一-16.30-18.00-1.5h￥60,会议详情.png
\档案馆\工作 2022至今\兼职\3-教师-湖南田头训文化传播有限公司-20241108-20250207\20241117-20250207 刘嘉怡 语文\20241117-20250207-七上\26-20250120-一-16.30-18.00-1.5h￥60,审批单.pdf
\档案馆\工作 2022至今\兼职\3-教师-湖南田头训文化传播有限公司-20241108-20250207\20241117-20250207 刘嘉怡 语文\20241117-20250207-七上\26-20250120-一-16.30-18.00-1.5h￥60,支付.jpg
\档案馆\工作 2022至今\兼职\3-教师-湖南田头训文化传播有限公司-20241108-20250207\20241117-20250207 刘嘉怡 语文\20241117-20250207-七上\26-20250120-一-16.30-18.00-1.5h￥60,反馈.jpg
\档案馆\工作 2022至今\兼职\3-教师-湖南田头训文化传播有限公司-20241108-20250207\20241117-20250207 刘嘉怡 语文\20241117-20250207-七上\26-20250120-一-16.30-18.00-1.5h￥60,审批截图.jpg
\档案馆\工作 2022至今\兼职\3-教师-湖南田头训文化传播有限公司-20241108-20250207\20241117-20250207 刘嘉怡 语文\20241117-20250207-七上,20-20250105-天-14.00-16.00-2h￥80
\档案馆\工作 2022至今\兼职\3-教师-湖南田头训文化传播有限公司-20241108-20250207\20241117-20250207 刘嘉怡 语文\20241117-20250207-七上\20-20250105-天-14.00-16.00-2h￥80,会议详情-2.png
\档案馆\工作 2022至今\兼职\3-教师-湖南田头训文化传播有限公司-20241108-20250207\20241117-20250207 刘嘉怡 语文\20241117-20250207-七上\20-20250105-天-14.00-16.00-2h￥80,会议详情-1.png
\档案馆\工作 2022至今\兼职\3-教师-湖南田头训文化传播有限公司-20241108-20250207\20241117-20250207 刘嘉怡 语文\20241117-20250207-七上\20-20250105-天-14.00-16.00-2h￥80,参会情况-2.xlsx
\档案馆\工作 2022至今\兼职\3-教师-湖南田头训文化传播有限公司-20241108-20250207\20241117-20250207 刘嘉怡 语文\20241117-20250207-七上\20-20250105-天-14.00-16.00-2h￥80,反馈.jpg
\档案馆\工作 2022至今\兼职\3-教师-湖南田头训文化传播有限公司-20241108-20250207\20241117-20250207 刘嘉怡 语文\20241117-20250207-七上\20-20250105-天-14.00-16.00-2h￥80,审批单.pdf
\档案馆\工作 2022至今\兼职\3-教师-湖南田头训文化传播有限公司-20241108-20250207\20241117-20250207 刘嘉怡 语文\20241117-20250207-七上\20-20250105-天-14.00-16.00-2h￥80,参会情况-1.xlsx
\档案馆\工作 2022至今\兼职\3-教师-湖南田头训文化传播有限公司-20241108-20250207\20241117-20250207 刘嘉怡 语文\20241117-20250207-七上\20-20250105-天-14.00-16.00-2h￥80,审批截图.jpg
\档案馆\工作 2022至今\兼职\3-教师-湖南田头训文化传播有限公司-20241108-20250207\20241117-20250207 刘嘉怡 语文\20241117-20250207-七上\20-20250105-天-14.00-16.00-2h￥80,支付.jpg
\档案馆\工作 2022至今\兼职\3-教师-湖南田头训文化传播有限公司-20241108-20250207\20241117-20250207 刘嘉怡 语文\20241117-20250207-七上,18-20250103-五-20.30-21.30-1h￥40
\档案馆\工作 2022至今\兼职\3-教师-湖南田头训文化传播有限公司-20241108-20250207\20241117-20250207 刘嘉怡 语文\20241117-20250207-七上\18-20250103-五-20.30-21.30-1h￥40,审批单.pdf
\档案馆\工作 2022至今\兼职\3-教师-湖南田头训文化传播有限公司-20241108-20250207\20241117-20250207 刘嘉怡 语文\20241117-20250207-七上\18-20250103-五-20.30-21.30-1h￥40,支付.jpg
\档案馆\工作 2022至今\兼职\3-教师-湖南田头训文化传播有限公司-20241108-20250207\20241117-20250207 刘嘉怡 语文\20241117-20250207-七上\18-20250103-五-20.30-21.30-1h￥40,反馈.jpg
\档案馆\工作 2022至今\兼职\3-教师-湖南田头训文化传播有限公司-20241108-20250207\20241117-20250207 刘嘉怡 语文\20241117-20250207-七上\18-20250103-五-20.30-21.30-1h￥40,审批截图.jpg
\档案馆\工作 2022至今\兼职\3-教师-湖南田头训文化传播有限公司-20241108-20250207\20241117-20250207 刘嘉怡 语文\20241117-20250207-七上\18-20250103-五-20.30-21.30-1h￥40,会议详情.png
\档案馆\工作 2022至今\兼职\3-教师-湖南田头训文化传播有限公司-20241108-20250207\20241117-20250207 刘嘉怡 语文\20241117-20250207-七上\18-20250103-五-20.30-21.30-1h￥40,参会情况.xlsx
\档案馆\工作 2022至今\兼职\3-教师-湖南田头训文化传播有限公司-20241108-20250207\20241117-20250207 刘嘉怡 语文\20241117-20250207-七上,21.5-20250113-一-16.30-18.00-1.5h￥60
\档案馆\工作 2022至今\兼职\3-教师-湖南田头训文化传播有限公司-20241108-20250207\20241117-20250207 刘嘉怡 语文\20241117-20250207-七上\21.5-20250113-一-16.30-18.00-1.5h￥60,审批单.pdf
\档案馆\工作 2022至今\兼职\3-教师-湖南田头训文化传播有限公司-20241108-20250207\20241117-20250207 刘嘉怡 语文\20241117-20250207-七上\21.5-20250113-一-16.30-18.00-1.5h￥60,支付.jpg
\档案馆\工作 2022至今\兼职\3-教师-湖南田头训文化传播有限公司-20241108-20250207\20241117-20250207 刘嘉怡 语文\20241117-20250207-七上\21.5-20250113-一-16.30-18.00-1.5h￥60,反馈.jpg
\档案馆\工作 2022至今\兼职\3-教师-湖南田头训文化传播有限公司-20241108-20250207\20241117-20250207 刘嘉怡 语文\20241117-20250207-七上\21.5-20250113-一-16.30-18.00-1.5h￥60,审批截图.jpg
\档案馆\工作 2022至今\兼职\3-教师-湖南田头训文化传播有限公司-20241108-20250207\20241117-20250207 刘嘉怡 语文\20241117-20250207-七上\21.5-20250113-一-16.30-18.00-1.5h￥60,参会情况.xlsx
\档案馆\工作 2022至今\兼职\3-教师-湖南田头训文化传播有限公司-20241108-20250207\20241117-20250207 刘嘉怡 语文\20241117-20250207-七上\21.5-20250113-一-16.30-18.00-1.5h￥60,会议详情.png
\档案馆\工作 2022至今\兼职\3-教师-湖南田头训文化传播有限公司-20241108-20250207\20241117-20250207 刘嘉怡 语文\20241117-20250207-七上,17-20241229-天-14.00-16.00-2h￥80
\档案馆\工作 2022至今\兼职\3-教师-湖南田头训文化传播有限公司-20241108-20250207\20241117-20250207 刘嘉怡 语文\20241117-20250207-七上\17-20241229-天-14.00-16.00-2h￥80,审批截图.jpg
\档案馆\工作 2022至今\兼职\3-教师-湖南田头训文化传播有限公司-20241108-20250207\20241117-20250207 刘嘉怡 语文\20241117-20250207-七上\17-20241229-天-14.00-16.00-2h￥80,反馈.jpg
\档案馆\工作 2022至今\兼职\3-教师-湖南田头训文化传播有限公司-20241108-20250207\20241117-20250207 刘嘉怡 语文\20241117-20250207-七上\17-20241229-天-14.00-16.00-2h￥80,会议详情.png
\档案馆\工作 2022至今\兼职\3-教师-湖南田头训文化传播有限公司-20241108-20250207\20241117-20250207 刘嘉怡 语文\20241117-20250207-七上\17-20241229-天-14.00-16.00-2h￥80,审批单.pdf
\档案馆\工作 2022至今\兼职\3-教师-湖南田头训文化传播有限公司-20241108-20250207\20241117-20250207 刘嘉怡 语文\20241117-20250207-七上\17-20241229-天-14.00-16.00-2h￥80,参会情况.xlsx
\档案馆\工作 2022至今\兼职\3-教师-湖南田头训文化传播有限公司-20241108-20250207\20241117-20250207 刘嘉怡 语文\20241117-20250207-七上\17-20241229-天-14.00-16.00-2h￥80,支付.jpg
\档案馆\工作 2022至今\兼职\3-教师-湖南田头训文化传播有限公司-20241108-20250207\20241117-20250207 刘嘉怡 语文\20241117-20250207-七上,15-20241227-五-20.30-21.30-1h￥40
\档案馆\工作 2022至今\兼职\3-教师-湖南田头训文化传播有限公司-20241108-20250207\20241117-20250207 刘嘉怡 语文\20241117-20250207-七上\15-20241227-五-20.30-21.30-1h￥40,支付.jpg
\档案馆\工作 2022至今\兼职\3-教师-湖南田头训文化传播有限公司-20241108-20250207\20241117-20250207 刘嘉怡 语文\20241117-20250207-七上\15-20241227-五-20.30-21.30-1h￥40,审批截图.jpg
\档案馆\工作 2022至今\兼职\3-教师-湖南田头训文化传播有限公司-20241108-20250207\20241117-20250207 刘嘉怡 语文\20241117-20250207-七上\15-20241227-五-20.30-21.30-1h￥40,会议详情.png
\档案馆\工作 2022至今\兼职\3-教师-湖南田头训文化传播有限公司-20241108-20250207\20241117-20250207 刘嘉怡 语文\20241117-20250207-七上\15-20241227-五-20.30-21.30-1h￥40,反馈.jpg
\档案馆\工作 2022至今\兼职\3-教师-湖南田头训文化传播有限公司-20241108-20250207\20241117-20250207 刘嘉怡 语文\20241117-20250207-七上\15-20241227-五-20.30-21.30-1h￥40,审批单.pdf
\档案馆\工作 2022至今\兼职\3-教师-湖南田头训文化传播有限公司-20241108-20250207\20241117-20250207 刘嘉怡 语文\20241117-20250207-七上\15-20241227-五-20.30-21.30-1h￥40,参会情况.xlsx
\档案馆\工作 2022至今\兼职\3-教师-湖南田头训文化传播有限公司-20241108-20250207\20241117-20250207 刘嘉怡 语文\20241117-20250207-七上,12-20241215-天-14.00-16.00-2h￥80
\档案馆\工作 2022至今\兼职\3-教师-湖南田头训文化传播有限公司-20241108-20250207\20241117-20250207 刘嘉怡 语文\20241117-20250207-七上\12-20241215-天-14.00-16.00-2h￥80,支付.jpg
\档案馆\工作 2022至今\兼职\3-教师-湖南田头训文化传播有限公司-20241108-20250207\20241117-20250207 刘嘉怡 语文\20241117-20250207-七上\12-20241215-天-14.00-16.00-2h￥80,审批单.pdf
\档案馆\工作 2022至今\兼职\3-教师-湖南田头训文化传播有限公司-20241108-20250207\20241117-20250207 刘嘉怡 语文\20241117-20250207-七上\12-20241215-天-14.00-16.00-2h￥80,审批截图.jpg
\档案馆\工作 2022至今\兼职\3-教师-湖南田头训文化传播有限公司-20241108-20250207\20241117-20250207 刘嘉怡 语文\20241117-20250207-七上\12-20241215-天-14.00-16.00-2h￥80,参会情况-1.xlsx
\档案馆\工作 2022至今\兼职\3-教师-湖南田头训文化传播有限公司-20241108-20250207\20241117-20250207 刘嘉怡 语文\20241117-20250207-七上\12-20241215-天-14.00-16.00-2h￥80,会议详情-1.png
\档案馆\工作 2022至今\兼职\3-教师-湖南田头训文化传播有限公司-20241108-20250207\20241117-20250207 刘嘉怡 语文\20241117-20250207-七上\12-20241215-天-14.00-16.00-2h￥80,会议详情-2.png
\档案馆\工作 2022至今\兼职\3-教师-湖南田头训文化传播有限公司-20241108-20250207\20241117-20250207 刘嘉怡 语文\20241117-20250207-七上\12-20241215-天-14.00-16.00-2h￥80,反馈.jpg
\档案馆\工作 2022至今\兼职\3-教师-湖南田头训文化传播有限公司-20241108-20250207\20241117-20250207 刘嘉怡 语文\20241117-20250207-七上\12-20241215-天-14.00-16.00-2h￥80,参会情况-2.xlsx
\档案馆\工作 2022至今\兼职\3-教师-湖南田头训文化传播有限公司-20241108-20250207\20241117-20250207 刘嘉怡 语文\20241117-20250207-七上,13-20241220-五-20.30-21.30-1h￥40
\档案馆\工作 2022至今\兼职\3-教师-湖南田头训文化传播有限公司-20241108-20250207\20241117-20250207 刘嘉怡 语文\20241117-20250207-七上\13-20241220-五-20.30-21.30-1h￥40,支付.jpg
\档案馆\工作 2022至今\兼职\3-教师-湖南田头训文化传播有限公司-20241108-20250207\20241117-20250207 刘嘉怡 语文\20241117-20250207-七上\13-20241220-五-20.30-21.30-1h￥40,审批截图.jpg
\档案馆\工作 2022至今\兼职\3-教师-湖南田头训文化传播有限公司-20241108-20250207\20241117-20250207 刘嘉怡 语文\20241117-20250207-七上\13-20241220-五-20.30-21.30-1h￥40,参会情况.xlsx
\档案馆\工作 2022至今\兼职\3-教师-湖南田头训文化传播有限公司-20241108-20250207\20241117-20250207 刘嘉怡 语文\20241117-20250207-七上\13-20241220-五-20.30-21.30-1h￥40,反馈.jpg
\档案馆\工作 2022至今\兼职\3-教师-湖南田头训文化传播有限公司-20241108-20250207\20241117-20250207 刘嘉怡 语文\20241117-20250207-七上\13-20241220-五-20.30-21.30-1h￥40,审批单.pdf
\档案馆\工作 2022至今\兼职\3-教师-湖南田头训文化传播有限公司-20241108-20250207\20241117-20250207 刘嘉怡 语文\20241117-20250207-七上\13-20241220-五-20.30-21.30-1h￥40,会议详情.png
\档案馆\工作 2022至今\兼职\3-教师-湖南田头训文化传播有限公司-20241108-20250207\20241117-20250207 刘嘉怡 语文\20241117-20250207-七上,14-20241222-天-14.00-15.00-1h￥40
\档案馆\工作 2022至今\兼职\3-教师-湖南田头训文化传播有限公司-20241108-20250207\20241117-20250207 刘嘉怡 语文\20241117-20250207-七上\14-20241222-天-14.00-15.00-1h￥40,会议详情.png
\档案馆\工作 2022至今\兼职\3-教师-湖南田头训文化传播有限公司-20241108-20250207\20241117-20250207 刘嘉怡 语文\20241117-20250207-七上\14-20241222-天-14.00-15.00-1h￥40,审批单.pdf
\档案馆\工作 2022至今\兼职\3-教师-湖南田头训文化传播有限公司-20241108-20250207\20241117-20250207 刘嘉怡 语文\20241117-20250207-七上\14-20241222-天-14.00-15.00-1h￥40,反馈.jpg
\档案馆\工作 2022至今\兼职\3-教师-湖南田头训文化传播有限公司-20241108-20250207\20241117-20250207 刘嘉怡 语文\20241117-20250207-七上\14-20241222-天-14.00-15.00-1h￥40,学生请假一小时.jpg
\档案馆\工作 2022至今\兼职\3-教师-湖南田头训文化传播有限公司-20241108-20250207\20241117-20250207 刘嘉怡 语文\20241117-20250207-七上\14-20241222-天-14.00-15.00-1h￥40,支付.jpg
\档案馆\工作 2022至今\兼职\3-教师-湖南田头训文化传播有限公司-20241108-20250207\20241117-20250207 刘嘉怡 语文\20241117-20250207-七上\14-20241222-天-14.00-15.00-1h￥40,参会情况.xlsx
\档案馆\工作 2022至今\兼职\3-教师-湖南田头训文化传播有限公司-20241108-20250207\20241117-20250207 刘嘉怡 语文\20241117-20250207-七上\14-20241222-天-14.00-15.00-1h￥40,审批截图.jpg
\档案馆\工作 2022至今\兼职\3-教师-湖南田头训文化传播有限公司-20241108-20250207\20241117-20250207 刘嘉怡 语文\20241117-20250207-七上,10-20241213-五-20.30-21.30-1h￥40
\档案馆\工作 2022至今\兼职\3-教师-湖南田头训文化传播有限公司-20241108-20250207\20241117-20250207 刘嘉怡 语文\20241117-20250207-七上\10-20241213-五-20.30-21.30-1h￥40,参会情况.xlsx
\档案馆\工作 2022至今\兼职\3-教师-湖南田头训文化传播有限公司-20241108-20250207\20241117-20250207 刘嘉怡 语文\20241117-20250207-七上\10-20241213-五-20.30-21.30-1h￥40,审批截图.jpg
\档案馆\工作 2022至今\兼职\3-教师-湖南田头训文化传播有限公司-20241108-20250207\20241117-20250207 刘嘉怡 语文\20241117-20250207-七上\10-20241213-五-20.30-21.30-1h￥40,审批单.pdf
\档案馆\工作 2022至今\兼职\3-教师-湖南田头训文化传播有限公司-20241108-20250207\20241117-20250207 刘嘉怡 语文\20241117-20250207-七上\10-20241213-五-20.30-21.30-1h￥40,支付.jpg
\档案馆\工作 2022至今\兼职\3-教师-湖南田头训文化传播有限公司-20241108-20250207\20241117-20250207 刘嘉怡 语文\20241117-20250207-七上\10-20241213-五-20.30-21.30-1h￥40,反馈.jpg
\档案馆\工作 2022至今\兼职\3-教师-湖南田头训文化传播有限公司-20241108-20250207\20241117-20250207 刘嘉怡 语文\20241117-20250207-七上\10-20241213-五-20.30-21.30-1h￥40,会议详情.png
\档案馆\工作 2022至今\兼职\3-教师-湖南田头训文化传播有限公司-20241108-20250207\20241117-20250207 刘嘉怡 语文\20241117-20250207-七上,1-20241122-五-20.40-21.40-1h￥40
\档案馆\工作 2022至今\兼职\3-教师-湖南田头训文化传播有限公司-20241108-20250207\20241117-20250207 刘嘉怡 语文\20241117-20250207-七上\1-20241122-五-20.40-21.40-1h￥40,审批截图.jpg
\档案馆\工作 2022至今\兼职\3-教师-湖南田头训文化传播有限公司-20241108-20250207\20241117-20250207 刘嘉怡 语文\20241117-20250207-七上\1-20241122-五-20.40-21.40-1h￥40,反馈.jpg
\档案馆\工作 2022至今\兼职\3-教师-湖南田头训文化传播有限公司-20241108-20250207\20241117-20250207 刘嘉怡 语文\20241117-20250207-七上\1-20241122-五-20.40-21.40-1h￥40,会议详情.png
\档案馆\工作 2022至今\兼职\3-教师-湖南田头训文化传播有限公司-20241108-20250207\20241117-20250207 刘嘉怡 语文\20241117-20250207-七上\1-20241122-五-20.40-21.40-1h￥40,支付.jpg
\档案馆\工作 2022至今\兼职\3-教师-湖南田头训文化传播有限公司-20241108-20250207\20241117-20250207 刘嘉怡 语文\20241117-20250207-七上\1-20241122-五-20.40-21.40-1h￥40,审批单.pdf
\档案馆\工作 2022至今\兼职\3-教师-湖南田头训文化传播有限公司-20241108-20250207\20241117-20250207 刘嘉怡 语文\20241117-20250207-七上\1-20241122-五-20.40-21.40-1h￥40,参会情况.xlsx
\档案馆\工作 2022至今\兼职\3-教师-湖南田头训文化传播有限公司-20241108-20250207\20241117-20250207 刘嘉怡 语文,刘嘉怡-课程记录.xlsx
\档案馆\工作 2022至今\兼职\3-教师-湖南田头训文化传播有限公司-20241108-20250207,正课课后反馈模版.doc
\档案馆\工作 2022至今\兼职,2-助教-福建七色光教育咨询有限公司-20241109-20250115
\档案馆\工作 2022至今\兼职\2-助教-福建七色光教育咨询有限公司-20241109-20250115,微信记录
\档案馆\工作 2022至今\兼职\2-助教-福建七色光教育咨询有限公司-20241109-20250115\微信记录,助教群.mp4
\档案馆\工作 2022至今\兼职\2-助教-福建七色光教育咨询有限公司-20241109-20250115\微信记录,蓝莓老师.mp4
\档案馆\工作 2022至今\兼职\2-助教-福建七色光教育咨询有限公司-20241109-20250115\微信记录,台江校区教务.mp4
\档案馆\工作 2022至今\兼职\2-助教-福建七色光教育咨询有限公司-20241109-20250115\微信记录,佳佳老师.mp4
\档案馆\工作 2022至今\兼职\2-助教-福建七色光教育咨询有限公司-20241109-20250115,无合同
\档案馆\工作 2022至今\兼职\2-助教-福建七色光教育咨询有限公司-20241109-20250115,202412
\档案馆\工作 2022至今\兼职\2-助教-福建七色光教育咨询有限公司-20241109-20250115\202412,确认.jpg
\档案馆\工作 2022至今\兼职\2-助教-福建七色光教育咨询有限公司-20241109-20250115\202412,收款.jpg
\档案馆\工作 2022至今\兼职\2-助教-福建七色光教育咨询有限公司-20241109-20250115\202412,支付.jpg
\档案馆\工作 2022至今\兼职\2-助教-福建七色光教育咨询有限公司-20241109-20250115\202412,12月助教工资.xlsx
\档案馆\工作 2022至今\兼职\2-助教-福建七色光教育咨询有限公司-20241109-20250115,202411
\档案馆\工作 2022至今\兼职\2-助教-福建七色光教育咨询有限公司-20241109-20250115\202411,确认.jpg
\档案馆\工作 2022至今\兼职\2-助教-福建七色光教育咨询有限公司-20241109-20250115\202411,支付.jpg
\档案馆\工作 2022至今\兼职\2-助教-福建七色光教育咨询有限公司-20241109-20250115\202411,收款.jpg
\档案馆\工作 2022至今\兼职\2-助教-福建七色光教育咨询有限公司-20241109-20250115\202411,11月助教工资.xlsx
\档案馆\工作 2022至今\兼职\2-助教-福建七色光教育咨询有限公司-20241109-20250115,Boss直骋记录未存.txt
\档案馆\工作 2022至今\兼职\2-助教-福建七色光教育咨询有限公司-20241109-20250115,微信支付转账电子凭证.pdf
\档案馆\工作 2022至今\兼职,1-课后服务教师-福建亨亨网络科技有限公司-202310-202401
\档案馆\工作 2022至今\兼职\1-课后服务教师-福建亨亨网络科技有限公司-202310-202401,洋下小学照片（仅保留打卡）
\档案馆\工作 2022至今\兼职\1-课后服务教师-福建亨亨网络科技有限公司-202310-202401\洋下小学照片（仅保留打卡）,20231215
\档案馆\工作 2022至今\兼职\1-课后服务教师-福建亨亨网络科技有限公司-202310-202401\洋下小学照片（仅保留打卡）\20231215,1215打卡.jpg
\档案馆\工作 2022至今\兼职\1-课后服务教师-福建亨亨网络科技有限公司-202310-202401\洋下小学照片（仅保留打卡）,20231027
\档案馆\工作 2022至今\兼职\1-课后服务教师-福建亨亨网络科技有限公司-202310-202401\洋下小学照片（仅保留打卡）\20231027,1027打卡.jpg
\档案馆\工作 2022至今\兼职\1-课后服务教师-福建亨亨网络科技有限公司-202310-202401\洋下小学照片（仅保留打卡）,20231013
\档案馆\工作 2022至今\兼职\1-课后服务教师-福建亨亨网络科技有限公司-202310-202401\洋下小学照片（仅保留打卡）\20231013,1013打卡.jpg
\档案馆\工作 2022至今\兼职\1-课后服务教师-福建亨亨网络科技有限公司-202310-202401\洋下小学照片（仅保留打卡）,20231201
\档案馆\工作 2022至今\兼职\1-课后服务教师-福建亨亨网络科技有限公司-202310-202401\洋下小学照片（仅保留打卡）\20231201,1201打卡.jpg
\档案馆\工作 2022至今\兼职\1-课后服务教师-福建亨亨网络科技有限公司-202310-202401\洋下小学照片（仅保留打卡）,20231229
\档案馆\工作 2022至今\兼职\1-课后服务教师-福建亨亨网络科技有限公司-202310-202401\洋下小学照片（仅保留打卡）\20231229,1229打卡.jpg
\档案馆\工作 2022至今\兼职\1-课后服务教师-福建亨亨网络科技有限公司-202310-202401\洋下小学照片（仅保留打卡）,20240105(结课)
\档案馆\工作 2022至今\兼职\1-课后服务教师-福建亨亨网络科技有限公司-202310-202401\洋下小学照片（仅保留打卡）\20240105(结课),0105打卡.jpg
\档案馆\工作 2022至今\兼职\1-课后服务教师-福建亨亨网络科技有限公司-202310-202401\洋下小学照片（仅保留打卡）,20240112(补课)
\档案馆\工作 2022至今\兼职\1-课后服务教师-福建亨亨网络科技有限公司-202310-202401\洋下小学照片（仅保留打卡）\20240112(补课),0112打卡.jpg
\档案馆\工作 2022至今\兼职\1-课后服务教师-福建亨亨网络科技有限公司-202310-202401\洋下小学照片（仅保留打卡）,20231110
\档案馆\工作 2022至今\兼职\1-课后服务教师-福建亨亨网络科技有限公司-202310-202401\洋下小学照片（仅保留打卡）\20231110,1110打卡.jpg
\档案馆\工作 2022至今\兼职\1-课后服务教师-福建亨亨网络科技有限公司-202310-202401\洋下小学照片（仅保留打卡）,20231222
\档案馆\工作 2022至今\兼职\1-课后服务教师-福建亨亨网络科技有限公司-202310-202401\洋下小学照片（仅保留打卡）\20231222,1222打卡.jpg
\档案馆\工作 2022至今\兼职\1-课后服务教师-福建亨亨网络科技有限公司-202310-202401\洋下小学照片（仅保留打卡）,20231208
\档案馆\工作 2022至今\兼职\1-课后服务教师-福建亨亨网络科技有限公司-202310-202401\洋下小学照片（仅保留打卡）\20231208,1208打卡.jpg
\档案馆\工作 2022至今\兼职\1-课后服务教师-福建亨亨网络科技有限公司-202310-202401\洋下小学照片（仅保留打卡）,20231020
\档案馆\工作 2022至今\兼职\1-课后服务教师-福建亨亨网络科技有限公司-202310-202401\洋下小学照片（仅保留打卡）\20231020,1020打卡.jpg
\档案馆\工作 2022至今\兼职\1-课后服务教师-福建亨亨网络科技有限公司-202310-202401\洋下小学照片（仅保留打卡）,20231117
\档案馆\工作 2022至今\兼职\1-课后服务教师-福建亨亨网络科技有限公司-202310-202401\洋下小学照片（仅保留打卡）\20231117,1117打卡.jpg
\档案馆\工作 2022至今\兼职\1-课后服务教师-福建亨亨网络科技有限公司-202310-202401,课时登记表
\档案馆\工作 2022至今\兼职\1-课后服务教师-福建亨亨网络科技有限公司-202310-202401\课时登记表,课时登记表模板（月为单位）.xlsx
\档案馆\工作 2022至今\兼职\1-课后服务教师-福建亨亨网络科技有限公司-202310-202401\课时登记表,课时登记表.xlsx
\档案馆\工作 2022至今\兼职\1-课后服务教师-福建亨亨网络科技有限公司-202310-202401,课时费120元.txt
\档案馆\工作 2022至今\兼职\1-课后服务教师-福建亨亨网络科技有限公司-202310-202401,教学计划.xlsx
\档案馆\工作 2022至今\兼职\1-课后服务教师-福建亨亨网络科技有限公司-202310-202401,授课教案.xlsx
\档案馆\工作 2022至今,全职
\档案馆\工作 2022至今\全职,1-（实习）编程教师-福建零壹零壹科技有限公司-202210-202308
\档案馆\工作 2022至今\全职\1-（实习）编程教师-福建零壹零壹科技有限公司-202210-202308,照片
\档案馆\工作 2022至今\全职\1-（实习）编程教师-福建零壹零壹科技有限公司-202210-202308\照片,mmexport1682255376932.jpg
\档案馆\工作 2022至今\全职\1-（实习）编程教师-福建零壹零壹科技有限公司-202210-202308\照片,mmexport1682255370953.jpg
\档案馆\工作 2022至今\全职\1-（实习）编程教师-福建零壹零壹科技有限公司-202210-202308\照片,mmexport1682255328225.jpg
\档案馆\工作 2022至今\全职\1-（实习）编程教师-福建零壹零壹科技有限公司-202210-202308\照片,mmexport1682255306127.jpg
\档案馆\工作 2022至今\全职\1-（实习）编程教师-福建零壹零壹科技有限公司-202210-202308\照片,mmexport1682427914701.jpg
\档案馆\工作 2022至今\全职\1-（实习）编程教师-福建零壹零壹科技有限公司-202210-202308\照片,mmexport1679487904934.jpg
\档案馆\工作 2022至今\全职\1-（实习）编程教师-福建零壹零壹科技有限公司-202210-202308,0101_部分课程时间记录.xlsx
\档案馆\工作 2022至今\全职\1-（实习）编程教师-福建零壹零壹科技有限公司-202210-202308,薪资计算.txt
\档案馆\工作 2022至今\全职\1-（实习）编程教师-福建零壹零壹科技有限公司-202210-202308,往来记录.jpg
\档案馆\工作 2022至今\全职,2-技术开发-代小秘（福建）信息科技有限公司-20240527-20241130
\档案馆\工作 2022至今\全职\2-技术开发-代小秘（福建）信息科技有限公司-20240527-20241130,工作留证
\档案馆\工作 2022至今\全职\2-技术开发-代小秘（福建）信息科技有限公司-20240527-20241130\工作留证,微信记录
\档案馆\工作 2022至今\全职\2-技术开发-代小秘（福建）信息科技有限公司-20240527-20241130\工作留证\微信记录,工作群2.mp4
\档案馆\工作 2022至今\全职\2-技术开发-代小秘（福建）信息科技有限公司-20240527-20241130\工作留证\微信记录,工作群1.mp4
\档案馆\工作 2022至今\全职\2-技术开发-代小秘（福建）信息科技有限公司-20240527-20241130\工作留证\微信记录,工作群4.mp4
\档案馆\工作 2022至今\全职\2-技术开发-代小秘（福建）信息科技有限公司-20240527-20241130\工作留证\微信记录,工作群3.mp4
\档案馆\工作 2022至今\全职\2-技术开发-代小秘（福建）信息科技有限公司-20240527-20241130\工作留证,照片
\档案馆\工作 2022至今\全职\2-技术开发-代小秘（福建）信息科技有限公司-20240527-20241130\工作留证\照片,20241129_181352.jpg
\档案馆\工作 2022至今\全职\2-技术开发-代小秘（福建）信息科技有限公司-20240527-20241130\工作留证\照片,20241129_181324.jpg
\档案馆\工作 2022至今\全职\2-技术开发-代小秘（福建）信息科技有限公司-20240527-20241130\工作留证\照片,20241129_180958.jpg
\档案馆\工作 2022至今\全职\2-技术开发-代小秘（福建）信息科技有限公司-20240527-20241130\工作留证,git记录
\档案馆\工作 2022至今\全职\2-技术开发-代小秘（福建）信息科技有限公司-20240527-20241130\工作留证\git记录,MinXiaoFenXiaoPro.txt
\档案馆\工作 2022至今\全职\2-技术开发-代小秘（福建）信息科技有限公司-20240527-20241130\工作留证\git记录,MinXiaoPro.txt
\档案馆\工作 2022至今\全职\2-技术开发-代小秘（福建）信息科技有限公司-20240527-20241130\工作留证\git记录,OpenPlatformAdmin.txt
\档案馆\工作 2022至今\全职\2-技术开发-代小秘（福建）信息科技有限公司-20240527-20241130\工作留证\git记录,GetCaiBaoData.txt
\档案馆\工作 2022至今\全职\2-技术开发-代小秘（福建）信息科技有限公司-20240527-20241130\工作留证\git记录,CaiWuAdminPro.txt
\档案馆\工作 2022至今\全职\2-技术开发-代小秘（福建）信息科技有限公司-20240527-20241130,与老板的沟通记录
\档案馆\工作 2022至今\全职\2-技术开发-代小秘（福建）信息科技有限公司-20240527-20241130\与老板的沟通记录,微信.mp4
\档案馆\工作 2022至今\全职\2-技术开发-代小秘（福建）信息科技有限公司-20240527-20241130,工资记录
\档案馆\工作 2022至今\全职\2-技术开发-代小秘（福建）信息科技有限公司-20240527-20241130\工资记录,平安银行-2.jpg
\档案馆\工作 2022至今\全职\2-技术开发-代小秘（福建）信息科技有限公司-20240527-20241130\工资记录,微信支付转账电子凭证.pdf
\档案馆\工作 2022至今\全职\2-技术开发-代小秘（福建）信息科技有限公司-20240527-20241130\工资记录,平安银行-1.jpg
\档案馆\工作 2022至今\全职\2-技术开发-代小秘（福建）信息科技有限公司-20240527-20241130,合同与证明
\档案馆\工作 2022至今\全职\2-技术开发-代小秘（福建）信息科技有限公司-20240527-20241130\合同与证明,劳动合同
\档案馆\工作 2022至今\全职\2-技术开发-代小秘（福建）信息科技有限公司-20240527-20241130\合同与证明\劳动合同,照片
\档案馆\工作 2022至今\全职\2-技术开发-代小秘（福建）信息科技有限公司-20240527-20241130\合同与证明\劳动合同\照片,3.jpg
\档案馆\工作 2022至今\全职\2-技术开发-代小秘（福建）信息科技有限公司-20240527-20241130\合同与证明\劳动合同\照片,6.jpg
\档案馆\工作 2022至今\全职\2-技术开发-代小秘（福建）信息科技有限公司-20240527-20241130\合同与证明\劳动合同\照片,4.jpg
\档案馆\工作 2022至今\全职\2-技术开发-代小秘（福建）信息科技有限公司-20240527-20241130\合同与证明\劳动合同\照片,5.jpg
\档案馆\工作 2022至今\全职\2-技术开发-代小秘（福建）信息科技有限公司-20240527-20241130\合同与证明\劳动合同\照片,7.jpg
\档案馆\工作 2022至今\全职\2-技术开发-代小秘（福建）信息科技有限公司-20240527-20241130\合同与证明\劳动合同\照片,8.jpg
\档案馆\工作 2022至今\全职\2-技术开发-代小秘（福建）信息科技有限公司-20240527-20241130\合同与证明\劳动合同\照片,封面.jpg
\档案馆\工作 2022至今\全职\2-技术开发-代小秘（福建）信息科技有限公司-20240527-20241130\合同与证明\劳动合同\照片,9.jpg
\档案馆\工作 2022至今\全职\2-技术开发-代小秘（福建）信息科技有限公司-20240527-20241130\合同与证明\劳动合同\照片,1.jpg
\档案馆\工作 2022至今\全职\2-技术开发-代小秘（福建）信息科技有限公司-20240527-20241130\合同与证明\劳动合同\照片,2.jpg
\档案馆\工作 2022至今\全职\2-技术开发-代小秘（福建）信息科技有限公司-20240527-20241130\合同与证明\劳动合同,视频.mp4
\档案馆\工作 2022至今\全职\2-技术开发-代小秘（福建）信息科技有限公司-20240527-20241130\合同与证明,离职证明
\档案馆\工作 2022至今\全职\2-技术开发-代小秘（福建）信息科技有限公司-20240527-20241130\合同与证明\离职证明,视频.mp4
\档案馆\工作 2022至今\全职\2-技术开发-代小秘（福建）信息科技有限公司-20240527-20241130\合同与证明\离职证明,照片.jpg
\档案馆\工作 2022至今\全职\2-技术开发-代小秘（福建）信息科技有限公司-20240527-20241130\合同与证明,IMG_20240612_150915.jpg
\档案馆\工作 2022至今\全职\2-技术开发-代小秘（福建）信息科技有限公司-20240527-20241130\合同与证明,IMG_20240612_150948.jpg
\档案馆\工作 2022至今\全职\2-技术开发-代小秘（福建）信息科技有限公司-20240527-20241130\合同与证明,IMG_20240612_151013.jpg
\档案馆\工作 2022至今\全职\2-技术开发-代小秘（福建）信息科技有限公司-20240527-20241130,医社保未缴.mp4
\档案馆\工作 2022至今\全职\2-技术开发-代小秘（福建）信息科技有限公司-20240527-20241130,国家企业信用信息公示系统-企业报告.pdf
\档案馆\工作 2022至今\全职\2-技术开发-代小秘（福建）信息科技有限公司-20240527-20241130,公司信息.jpg
\档案馆\工作 2022至今,健康证20250630-20260629.pdf
\档案馆,健身 2025至今
\档案馆\健身 2025至今,第一次吊杠20251208_160933.mp4
\档案馆,外公外婆
\档案馆\外公外婆,老屋
\档案馆\外公外婆\老屋,9.jpg
\档案馆\外公外婆\老屋,8.jpg
\档案馆\外公外婆\老屋,5.jpg
\档案馆\外公外婆\老屋,7.jpg
\档案馆\外公外婆\老屋,6.jpg
\档案馆\外公外婆\老屋,22.jpg
\档案馆\外公外婆\老屋,19.jpg
\档案馆\外公外婆\老屋,3.jpg
\档案馆\外公外婆\老屋,21.jpg
\档案馆\外公外婆\老屋,4.jpg
\档案馆\外公外婆\老屋,20.jpg
\档案馆\外公外婆\老屋,18.jpg
\档案馆\外公外婆\老屋,2.jpg
\档案馆\外公外婆\老屋,12.jpg
\档案馆\外公外婆\老屋,14.jpg
\档案馆\外公外婆\老屋,15.jpg
\档案馆\外公外婆\老屋,13.jpg
\档案馆\外公外婆\老屋,11.jpg
\档案馆\外公外婆\老屋,10.jpg
\档案馆\外公外婆\老屋,1.jpg
\档案馆\外公外婆\老屋,17.jpg
\档案馆\外公外婆\老屋,16.jpg
\档案馆\外公外婆,新房
\档案馆\外公外婆\新房,IMG_20221111_142957.jpg
\档案馆\外公外婆\新房,IMG_20221026_165726.jpg
\档案馆\外公外婆\新房,IMG_20221105_142242.jpg
\档案馆\外公外婆\新房,IMG_20221026_165750.jpg
\档案馆\外公外婆\新房,wx_camera_1667644973125.jpg
\档案馆\外公外婆\新房,IMG_20221026_165904.jpg
\档案馆\外公外婆,外婆
\档案馆\外公外婆\外婆,身份证2.jpg
\档案馆\外公外婆\外婆,火化证明.jpg
\档案馆\外公外婆\外婆,玩具.jpg
\档案馆\外公外婆\外婆,身份证1.jpg
\档案馆\外公外婆\外婆,挎包.jpg
\档案馆\外公外婆\外婆,衣物.jpg
\档案馆\外公外婆\外婆,遮阳帽.jpg
\档案馆\外公外婆\外婆,床架.jpg
\档案馆\外公外婆\外婆,外婆所织3.jpg
\档案馆\外公外婆\外婆,外婆所织1.jpg
\档案馆\外公外婆\外婆,外婆所织2.jpg
\档案馆\外公外婆\外婆,手机.jpg
\档案馆\外公外婆\外婆,联络本.jpg
\档案馆\外公外婆\外婆,三轮车3.jpg
\档案馆\外公外婆\外婆,眼镜.jpg
\档案馆\外公外婆\外婆,三轮车1.jpg
\档案馆\外公外婆\外婆,收音机2.jpg
\档案馆\外公外婆\外婆,房间.jpg
\档案馆\外公外婆\外婆,三轮车2.jpg
\档案馆\外公外婆\外婆,收音机1.jpg
\档案馆\外公外婆,外公
\档案馆\外公外婆\外公,录音
\档案馆\外公外婆\外公\录音,七律 长征 内容.aac
\档案馆\外公外婆\外公\录音,七律 长征 题目.aac
\档案馆\外公外婆\外公\录音,沁园春 雪.aac
\档案馆\外公外婆\外公,IMG_20230130_092655.jpg
\档案馆\外公外婆\外公,IMG_20240404_193306.jpg
\档案馆\外公外婆\外公,mmexport1719838355923.mp4
\档案馆\外公外婆\外公,IMG_20240404_192351.jpg
\档案馆\外公外婆\外公,IMG_20221027_075139.jpg
\档案馆\外公外婆\外公,IMG_20221025_142813.jpg
\档案馆\外公外婆\外公,IMG_20221025_142724.jpg
\档案馆\外公外婆\外公,mmexport1714223385111.jpg
\档案馆,书局 20250317至今
\档案馆\书局 20250317至今,20260131闽越水镇科泰德年会表演
\档案馆\书局 20250317至今\20260131闽越水镇科泰德年会表演,合照.jpg
\档案馆\书局 20250317至今\20260131闽越水镇科泰德年会表演,20260130彩排.mp4
\档案馆\书局 20250317至今\20260131闽越水镇科泰德年会表演,节目单.jpg
\档案馆\书局 20250317至今,基本拳.mp4
\档案馆\书局 20250317至今,玄功拳.mp4
\档案馆\书局 20250317至今,mmexport1769413673507.jpg
\档案馆\书局 20250317至今,mmexport1769777698205.jpg
\档案馆\书局 20250317至今,mmexport1768990111682.jpg
\档案馆\书局 20250317至今,mmexport1750833285618.jpg
\档案馆\书局 20250317至今,mmexport1750501873578.jpg
\档案馆\书局 20250317至今,mmexport1750833290719.jpg
\档案馆\书局 20250317至今,mmexport1750501895940.jpg
\档案馆\书局 20250317至今,mmexport1769155588677.jpg
\档案馆\书局 20250317至今,mmexport1763553124291.jpg
\档案馆\书局 20250317至今,mmexport1754495669791.jpg
\档案馆\书局 20250317至今,mmexport1755239904765.jpg
\档案馆,其他
\档案馆\其他,结清证明与征信记录（至202503）
\档案馆\其他\结清证明与征信记录（至202503）,美团生活费
\档案馆\其他\结清证明与征信记录（至202503）\美团生活费,浙商银行股份有限公司.pdf
\档案馆\其他\结清证明与征信记录（至202503）\美团生活费,三快小额贷款公司.pdf
\档案馆\其他\结清证明与征信记录（至202503）\美团生活费,苏银凯基消费金融有限公司.pdf
\档案馆\其他\结清证明与征信记录（至202503）,支付宝花呗 提取密码身份证后6位
\档案馆\其他\结清证明与征信记录（至202503）\支付宝花呗 提取密码身份证后6位,花呗征信记录结清证明.pdf
\档案馆\其他\结清证明与征信记录（至202503）\支付宝花呗 提取密码身份证后6位,花呗结清证明.pdf
\档案馆\其他\结清证明与征信记录（至202503）,个人信用报告.pdf
\档案馆\其他,张卉萱绘画作品授权使用说明.doc
\档案馆,2019-2023 大学
\档案馆\2019-2023 大学,艺术团
\档案馆\2019-2023 大学\艺术团,大二
\档案馆\2019-2023 大学\艺术团\大二,舞蹈大赛
\档案馆\2019-2023 大学\艺术团\大二\舞蹈大赛,正片1.mp4
\档案馆\2019-2023 大学\艺术团\大二\舞蹈大赛,版本一.mp4
\档案馆\2019-2023 大学\艺术团\大二\舞蹈大赛,VID_20210608_200419.mp4
\档案馆\2019-2023 大学\艺术团\大二\舞蹈大赛,WeChat_20220331224400.mp4
\档案馆\2019-2023 大学\艺术团\大二\舞蹈大赛,正片4.mp4
\档案馆\2019-2023 大学\艺术团\大二\舞蹈大赛,正片3.mp4
\档案馆\2019-2023 大学\艺术团\大二\舞蹈大赛,正片2.mp4
\档案馆\2019-2023 大学\艺术团\大二\舞蹈大赛,VID_20210608_203845.mp4
\档案馆\2019-2023 大学\艺术团\大二\舞蹈大赛,微信图片_20211007093413.jpg
\档案馆\2019-2023 大学\艺术团\大二\舞蹈大赛,微信图片_20210606234902.jpg
\档案馆\2019-2023 大学\艺术团\大二\舞蹈大赛,WeChat_20220331224244.mp4
\档案馆\2019-2023 大学\艺术团\大二\舞蹈大赛,mmexport1623224054532.mp4
\档案馆\2019-2023 大学\艺术团\大二\舞蹈大赛,mmexport1623772928665.mp4
\档案馆\2019-2023 大学\艺术团\大二\舞蹈大赛,mmexport1623081655027.mp4
\档案馆\2019-2023 大学\艺术团\大二\舞蹈大赛,mmexport1623082950350.jpg
\档案馆\2019-2023 大学\艺术团\大二\舞蹈大赛,mmexport1623253618699.jpg
\档案馆\2019-2023 大学\艺术团\大二\舞蹈大赛,mmexport1623336530053.jpg
\档案馆\2019-2023 大学\艺术团\大二\舞蹈大赛,mmexport1623336546717.jpg
\档案馆\2019-2023 大学\艺术团\大二\舞蹈大赛,mmexport1623336553610.jpg
\档案馆\2019-2023 大学\艺术团\大二\舞蹈大赛,mmexport1623270378359.jpg
\档案馆\2019-2023 大学\艺术团\大二\舞蹈大赛,mmexport1623324472356.jpg
\档案馆\2019-2023 大学\艺术团\大二\舞蹈大赛,mmexport1623259031970.mp4
\档案馆\2019-2023 大学\艺术团\大二\舞蹈大赛,mmexport1623324518121.jpg
\档案馆\2019-2023 大学\艺术团\大二\舞蹈大赛,mmexport1623336564972.jpg
\档案馆\2019-2023 大学\艺术团\大二\舞蹈大赛,mmexport1623255048948.jpg
\档案馆\2019-2023 大学\艺术团\大二\舞蹈大赛,mmexport1623250071834.mp4
\档案馆\2019-2023 大学\艺术团\大二\舞蹈大赛,mmexport1623249614167.jpg
\档案馆\2019-2023 大学\艺术团\大二\舞蹈大赛,mmexport1623249593735.jpg
\档案馆\2019-2023 大学\艺术团\大二\舞蹈大赛,mmexport1623172929059.mp4
\档案馆\2019-2023 大学\艺术团\大二\舞蹈大赛,mmexport1623167312453.mp4
\档案馆\2019-2023 大学\艺术团\大二\舞蹈大赛,mmexport1623128231209.mp4
\档案馆\2019-2023 大学\艺术团\大二\舞蹈大赛,mmexport1623128195868.mp4
\档案馆\2019-2023 大学\艺术团\大二\舞蹈大赛,mmexport1621667491147.jpg
\档案馆\2019-2023 大学\艺术团\大二\舞蹈大赛,21舞蹈大赛复赛.mp4
\档案馆\2019-2023 大学\艺术团\大二\舞蹈大赛,mmexport1621667481617.jpg
\档案馆\2019-2023 大学\艺术团\大二\舞蹈大赛,mmexport1623249727937.jpg
\档案馆\2019-2023 大学\艺术团\大二\舞蹈大赛,mmexport1623249803176.jpg
\档案馆\2019-2023 大学\艺术团\大二\舞蹈大赛,1153f8a6d963cc7d75c689cdd0a835ed.mp4
\档案馆\2019-2023 大学\艺术团\大二\舞蹈大赛,mmexport1623167271563.jpg
\档案馆\2019-2023 大学\艺术团\大二\舞蹈大赛,mmexport1621667472659.jpg
\档案馆\2019-2023 大学\艺术团\大二,表彰晚会
\档案馆\2019-2023 大学\艺术团\大二\表彰晚会,微信图片_20210606235219.jpg
\档案馆\2019-2023 大学\艺术团\大二\表彰晚会,mmexport1623195312657.mp4
\档案馆\2019-2023 大学\艺术团\大二\表彰晚会,mmexport1623195301719.mp4
\档案馆\2019-2023 大学\艺术团\大二\表彰晚会,IMG_0003.jpg
\档案馆\2019-2023 大学\艺术团\大二\表彰晚会,mmexport1623946181707.mp4
\档案馆\2019-2023 大学\艺术团\大二\表彰晚会,mmexport1623082906121.jpg
\档案馆\2019-2023 大学\艺术团\大二\表彰晚会,mmexport1623050243474.jpg
\档案馆\2019-2023 大学\艺术团\大二\表彰晚会,IMG_9889.jpg
\档案馆\2019-2023 大学\艺术团\大二\表彰晚会,mmexport1623008082361.mp4
\档案馆\2019-2023 大学\艺术团\大二\表彰晚会,mmexport1622993159979.jpg
\档案馆\2019-2023 大学\艺术团\大二\表彰晚会,mmexport9137b6c866d031d0786d2e0b4794d30a_1623167231855.webp
\档案馆\2019-2023 大学\艺术团\大二\表彰晚会,mmexport1623167268643.jpg
\档案馆\2019-2023 大学\艺术团\大二\表彰晚会,mmexport1622993532164.jpg
\档案馆\2019-2023 大学\艺术团\大二\表彰晚会,mmexport1623039502919.mp4
\档案馆\2019-2023 大学\艺术团\大二\表彰晚会,mmexport1623032572343.jpg
\档案馆\2019-2023 大学\艺术团\大二\表彰晚会,mmexport1623007829456.mp4
\档案馆\2019-2023 大学\艺术团\大二\表彰晚会,mmexport1623007839103.mp4
\档案馆\2019-2023 大学\艺术团\大二,大师课
\档案馆\2019-2023 大学\艺术团\大二\大师课,合照.jpg
\档案馆\2019-2023 大学\艺术团\大二\大师课,上课.mp4
\档案馆\2019-2023 大学\艺术团\大二,篮球赛开幕.mp4
\档案馆\2019-2023 大学\艺术团\大二,林稣.png
\档案馆\2019-2023 大学\艺术团\大二,杨灵骁.mp4
\档案馆\2019-2023 大学\艺术团\大二,杨宽宁.jpg
\档案馆\2019-2023 大学\艺术团\大二,我.jpg
\档案馆\2019-2023 大学\艺术团\大二,合照2.jpg
\档案馆\2019-2023 大学\艺术团\大二,合照1.jpg
\档案馆\2019-2023 大学\艺术团,大三
\档案馆\2019-2023 大学\艺术团\大三,上
\档案馆\2019-2023 大学\艺术团\大三\上,locking纳新
\档案馆\2019-2023 大学\艺术团\大三\上\locking纳新,海报.png
\档案馆\2019-2023 大学\艺术团\大三\上\locking纳新,locking素材.png
\档案馆\2019-2023 大学\艺术团\大三\上,VID_20220304_214012.mp4
\档案馆\2019-2023 大学\艺术团\大三\上,VID_20211101_222750.mp4
\档案馆\2019-2023 大学\艺术团\大三\上,VID_20220225_205928.mp4
\档案馆\2019-2023 大学\艺术团\大三\上,mmexport1640187996164.mp4
\档案馆\2019-2023 大学\艺术团\大三\上,泉州校区5.jpg
\档案馆\2019-2023 大学\艺术团\大三\上,泉州校区4.jpg
\档案馆\2019-2023 大学\艺术团\大三\上,泉州校区3.jpg
\档案馆\2019-2023 大学\艺术团\大三\上,泉州校区2.jpg
\档案馆\2019-2023 大学\艺术团\大三\上,微信图片_202111232317058.jpg
\档案馆\2019-2023 大学\艺术团\大三\上,泉州校区1.jpg
\档案馆\2019-2023 大学\艺术团\大三\上,ZGL00665.jpg
\档案馆\2019-2023 大学\艺术团\大三\上,微信图片_202111232317055.jpg
\档案馆\2019-2023 大学\艺术团\大三\上,微信图片_202111232317053.jpg
\档案馆\2019-2023 大学\艺术团\大三\上,微信图片_20211123231705.jpg
\档案馆\2019-2023 大学\艺术团\大三\上,ZGL00400.jpg
\档案馆\2019-2023 大学\艺术团\大三\上,ZGL00685.jpg
\档案馆\2019-2023 大学\艺术团\大三\上,ZGL00207.jpg
\档案馆\2019-2023 大学\艺术团\大三\上,IMG_20211120_101758.jpg
\档案馆\2019-2023 大学\艺术团\大三\上,mmexport1637374647452.jpg
\档案馆\2019-2023 大学\艺术团\大三\上,mmexport1637681104338.mp4
\档案馆\2019-2023 大学\艺术团\大三\上,IMG_3298.jpg
\档案馆\2019-2023 大学\艺术团\大三\上,IMG_3274.jpg
\档案馆\2019-2023 大学\艺术团\大三\上,IMG_3202.jpg
\档案馆\2019-2023 大学\艺术团\大三,下
\档案馆\2019-2023 大学\艺术团\大三\下,文艺晚会
\档案馆\2019-2023 大学\艺术团\大三\下\文艺晚会,尤旺星的纪录片
\档案馆\2019-2023 大学\艺术团\大三\下\文艺晚会\尤旺星的纪录片,正片.mp4
\档案馆\2019-2023 大学\艺术团\大三\下\文艺晚会\尤旺星的纪录片,花絮25.mp4
\档案馆\2019-2023 大学\艺术团\大三\下\文艺晚会\尤旺星的纪录片,花絮20.mp4
\档案馆\2019-2023 大学\艺术团\大三\下\文艺晚会\尤旺星的纪录片,花絮21.mp4
\档案馆\2019-2023 大学\艺术团\大三\下\文艺晚会\尤旺星的纪录片,花絮9.mp4
\档案馆\2019-2023 大学\艺术团\大三\下\文艺晚会\尤旺星的纪录片,花絮23.mp4
\档案馆\2019-2023 大学\艺术团\大三\下\文艺晚会\尤旺星的纪录片,花絮6.mp4
\档案馆\2019-2023 大学\艺术团\大三\下\文艺晚会\尤旺星的纪录片,花絮8.mp4
\档案馆\2019-2023 大学\艺术团\大三\下\文艺晚会\尤旺星的纪录片,花絮7.mp4
\档案馆\2019-2023 大学\艺术团\大三\下\文艺晚会\尤旺星的纪录片,花絮22.mp4
\档案馆\2019-2023 大学\艺术团\大三\下\文艺晚会\尤旺星的纪录片,花絮5.mp4
\档案馆\2019-2023 大学\艺术团\大三\下\文艺晚会\尤旺星的纪录片,花絮4.mp4
\档案馆\2019-2023 大学\艺术团\大三\下\文艺晚会\尤旺星的纪录片,花絮3.mp4
\档案馆\2019-2023 大学\艺术团\大三\下\文艺晚会\尤旺星的纪录片,花絮24.mp4
\档案馆\2019-2023 大学\艺术团\大三\下\文艺晚会\尤旺星的纪录片,花絮19.mp4
\档案馆\2019-2023 大学\艺术团\大三\下\文艺晚会\尤旺星的纪录片,花絮2.mp4
\档案馆\2019-2023 大学\艺术团\大三\下\文艺晚会\尤旺星的纪录片,花絮18.mp4
\档案馆\2019-2023 大学\艺术团\大三\下\文艺晚会\尤旺星的纪录片,花絮17.mp4
\档案馆\2019-2023 大学\艺术团\大三\下\文艺晚会\尤旺星的纪录片,花絮14.mp4
\档案馆\2019-2023 大学\艺术团\大三\下\文艺晚会\尤旺星的纪录片,花絮15.mp4
\档案馆\2019-2023 大学\艺术团\大三\下\文艺晚会\尤旺星的纪录片,花絮16.mp4
\档案馆\2019-2023 大学\艺术团\大三\下\文艺晚会\尤旺星的纪录片,花絮11.mp4
\档案馆\2019-2023 大学\艺术团\大三\下\文艺晚会\尤旺星的纪录片,花絮12.mp4
\档案馆\2019-2023 大学\艺术团\大三\下\文艺晚会\尤旺星的纪录片,花絮13.mp4
\档案馆\2019-2023 大学\艺术团\大三\下\文艺晚会\尤旺星的纪录片,花絮10.mp4
\档案馆\2019-2023 大学\艺术团\大三\下\文艺晚会\尤旺星的纪录片,花絮1.mp4
\档案馆\2019-2023 大学\艺术团\大三\下\文艺晚会,排练5.mp4
\档案馆\2019-2023 大学\艺术团\大三\下\文艺晚会,排练8.mp4
\档案馆\2019-2023 大学\艺术团\大三\下\文艺晚会,排练9.mp4
\档案馆\2019-2023 大学\艺术团\大三\下\文艺晚会,排练7.mp4
\档案馆\2019-2023 大学\艺术团\大三\下\文艺晚会,节目审核.mp4
\档案馆\2019-2023 大学\艺术团\大三\下\文艺晚会,排练6.mp4
\档案馆\2019-2023 大学\艺术团\大三\下\文艺晚会,排练4.mp4
\档案馆\2019-2023 大学\艺术团\大三\下\文艺晚会,排练3.mp4
\档案馆\2019-2023 大学\艺术团\大三\下\文艺晚会,排练11.mp4
\档案馆\2019-2023 大学\艺术团\大三\下\文艺晚会,排练10.mp4
\档案馆\2019-2023 大学\艺术团\大三\下\文艺晚会,排练2.mp4
\档案馆\2019-2023 大学\艺术团\大三\下\文艺晚会,排练1.mp4
\档案馆\2019-2023 大学\艺术团\大三\下\文艺晚会,舞台2.jpg
\档案馆\2019-2023 大学\艺术团\大三\下\文艺晚会,舞台7.jpg
\档案馆\2019-2023 大学\艺术团\大三\下\文艺晚会,舞台6.jpg
\档案馆\2019-2023 大学\艺术团\大三\下\文艺晚会,舞台5.jpg
\档案馆\2019-2023 大学\艺术团\大三\下\文艺晚会,舞台3.jpg
\档案馆\2019-2023 大学\艺术团\大三\下\文艺晚会,舞台1.jpg
\档案馆\2019-2023 大学\艺术团\大三\下\文艺晚会,舞台8.jpg
\档案馆\2019-2023 大学\艺术团\大三\下\文艺晚会,舞台4.jpg
\档案馆\2019-2023 大学\艺术团\大三\下\文艺晚会,彩排2.mp4
\档案馆\2019-2023 大学\艺术团\大三\下\文艺晚会,完整节目.mp4
\档案馆\2019-2023 大学\艺术团\大三\下\文艺晚会,合照9.jpg
\档案馆\2019-2023 大学\艺术团\大三\下\文艺晚会,合照10.jpg
\档案馆\2019-2023 大学\艺术团\大三\下\文艺晚会,合照1.jpg
\档案馆\2019-2023 大学\艺术团\大三\下\文艺晚会,合照7.jpg
\档案馆\2019-2023 大学\艺术团\大三\下\文艺晚会,合照8.jpg
\档案馆\2019-2023 大学\艺术团\大三\下\文艺晚会,合照6.jpg
\档案馆\2019-2023 大学\艺术团\大三\下\文艺晚会,合照2.jpg
\档案馆\2019-2023 大学\艺术团\大三\下\文艺晚会,合照5.jpg
\档案馆\2019-2023 大学\艺术团\大三\下\文艺晚会,彩排1.mp4
\档案馆\2019-2023 大学\艺术团\大三\下,换届
\档案馆\2019-2023 大学\艺术团\大三\下\换届,21.jpg
\档案馆\2019-2023 大学\艺术团\大三\下\换届,20.jpg
\档案馆\2019-2023 大学\艺术团\大三\下\换届,13.jpg
\档案馆\2019-2023 大学\艺术团\大三\下\换届,22.jpg
\档案馆\2019-2023 大学\艺术团\大三\下\换届,11.jpg
\档案馆\2019-2023 大学\艺术团\大三\下\换届,19.jpg
\档案馆\2019-2023 大学\艺术团\大三\下\换届,很饿.jpg
\档案馆\2019-2023 大学\艺术团\大三\下\换届,10.jpg
\档案馆\2019-2023 大学\艺术团\大三,mmexport1713831605523.mp4
\档案馆\2019-2023 大学\艺术团,大一
\档案馆\2019-2023 大学\艺术团\大一,9.mp4
\档案馆\2019-2023 大学\艺术团\大一,王一丰.jpg
\档案馆\2019-2023 大学\艺术团\大一,运动会1.png
\档案馆\2019-2023 大学\艺术团\大一,合照3.jpg
\档案馆\2019-2023 大学\艺术团\大一,8.mp4
\档案馆\2019-2023 大学\艺术团\大一,7.mp4
\档案馆\2019-2023 大学\艺术团\大一,运动会3.jpg
\档案馆\2019-2023 大学\艺术团\大一,6.mp4
\档案馆\2019-2023 大学\艺术团\大一,运动会2.jpg
\档案馆\2019-2023 大学\艺术团\大一,运动会4.jpg
\档案馆\2019-2023 大学\艺术团\大一,4.mp4
\档案馆\2019-2023 大学\艺术团\大一,19舞蹈大赛3.mp4
\档案馆\2019-2023 大学\艺术团\大一,5.mp4
\档案馆\2019-2023 大学\艺术团\大一,19舞蹈大赛5.mp4
\档案馆\2019-2023 大学\艺术团\大一,3.mp4
\档案馆\2019-2023 大学\艺术团\大一,2.mp4
\档案馆\2019-2023 大学\艺术团\大一,1.jpg
\档案馆\2019-2023 大学\艺术团\大一,19舞蹈大赛4.mp4
\档案馆\2019-2023 大学\艺术团\大一,19舞蹈大赛1.mp4
\档案馆\2019-2023 大学\艺术团\大一,合照2.jpg
\档案馆\2019-2023 大学\艺术团\大一,19舞蹈大赛2.jpg
\档案馆\2019-2023 大学\艺术团\大一,合照1.jpg
\档案馆\2019-2023 大学\艺术团,场地
\档案馆\2019-2023 大学\艺术团\场地,小礼堂1.mp4
\档案馆\2019-2023 大学\艺术团\场地,小礼堂4.jpg
\档案馆\2019-2023 大学\艺术团\场地,小礼堂6.jpg
\档案馆\2019-2023 大学\艺术团\场地,小礼堂3.jpg
\档案馆\2019-2023 大学\艺术团\场地,小礼堂7.jpg
\档案馆\2019-2023 大学\艺术团\场地,小礼堂5.jpg
\档案馆\2019-2023 大学\艺术团\场地,小礼堂2.jpg
\档案馆\2019-2023 大学\艺术团\场地,601_3.jpg
\档案馆\2019-2023 大学\艺术团\场地,健身房1.jpg
\档案馆\2019-2023 大学\艺术团\场地,601_5.jpg
\档案馆\2019-2023 大学\艺术团\场地,601_7.jpg
\档案馆\2019-2023 大学\艺术团\场地,601_4.jpg
\档案馆\2019-2023 大学\艺术团\场地,601_1.jpg
\档案馆\2019-2023 大学\艺术团\场地,601_6.jpg
\档案馆\2019-2023 大学\艺术团\场地,健身房2.jpg
\档案馆\2019-2023 大学\艺术团\场地,601_2.jpg
\档案馆\2019-2023 大学\艺术团\场地,112_113_1.jpg
\档案馆\2019-2023 大学\艺术团\场地,420_1.jpg
\档案馆\2019-2023 大学\艺术团\场地,103_2.jpg
\档案馆\2019-2023 大学\艺术团\场地,112_113_2.jpg
\档案馆\2019-2023 大学\艺术团\场地,103_1.jpg
\档案馆\2019-2023 大学\艺术团\场地,420_2.jpg
\档案馆\2019-2023 大学,大二
\档案馆\2019-2023 大学\大二,视频作业
\档案馆\2019-2023 大学\大二\视频作业,大二下小组作业
\档案馆\2019-2023 大学\大二\视频作业\大二下小组作业,相信未来（作业版）.mp4
\档案馆\2019-2023 大学\大二\视频作业\大二下小组作业,空镜.mp4
\档案馆\2019-2023 大学\大二\视频作业\大二下小组作业,相信未来.mp4
\档案馆\2019-2023 大学\大二\视频作业\大二下小组作业,相信未来.docx
\档案馆\2019-2023 大学\大二\视频作业\大二下小组作业,相信未来.md
\档案馆\2019-2023 大学\大二\视频作业,相信未来.mp4
\档案馆\2019-2023 大学\大二\视频作业,好好学习.mp4
\档案馆\2019-2023 大学\大二,篮球赛
\档案馆\2019-2023 大学\大二\篮球赛,9.jpg
\档案馆\2019-2023 大学\大二\篮球赛,7.jpg
\档案馆\2019-2023 大学\大二\篮球赛,4.jpg
\档案馆\2019-2023 大学\大二\篮球赛,3.jpg
\档案馆\2019-2023 大学\大二\篮球赛,2.jpg
\档案馆\2019-2023 大学\大二\篮球赛,8.jpg
\档案馆\2019-2023 大学\大二\篮球赛,6.jpg
\档案馆\2019-2023 大学\大二\篮球赛,10.jpg
\档案馆\2019-2023 大学\大二\篮球赛,5.jpg
\档案馆\2019-2023 大学\大二\篮球赛,1.jpg
\档案馆\2019-2023 大学\大二,羽毛球裁判证考试
\档案馆\2019-2023 大学\大二\羽毛球裁判证考试,林稣拍的.jpg
\档案馆\2019-2023 大学\大二\羽毛球裁判证考试,合照.jpg
\档案馆\2019-2023 大学\大二,海报设计
\档案馆\2019-2023 大学\大二\海报设计,领奖.png
\档案馆\2019-2023 大学\大二\海报设计,IMG_20220825_195811.jpg
\档案馆\2019-2023 大学\大二,院徽设计
\档案馆\2019-2023 大学\大二\院徽设计,院徽设计.jpg
\档案馆\2019-2023 大学\大二\院徽设计,院徽设计.docx
\档案馆\2019-2023 大学\大二,恒暖（大二上）
\档案馆\2019-2023 大学\大二\恒暖（大二上）,思维表.docx
\档案馆\2019-2023 大学\大二\恒暖（大二上）,PPT.pptx
\档案馆\2019-2023 大学\大二\恒暖（大二上）,LOGO.jpg
\档案馆\2019-2023 大学\大二\恒暖（大二上）,项目计划书.docx
\档案馆\2019-2023 大学\大二,准考证
\档案馆\2019-2023 大学\大二\准考证,2020年9月全国计算机等级考试一级准考证.pdf
\档案馆\2019-2023 大学\大二\准考证,2020年下半年英语六级笔试准考证(张卉萱).pdf
\档案馆\2019-2023 大学\大二\准考证,2020年上半年（9月）英语六级笔试准考证(张卉萱).pdf
\档案馆\2019-2023 大学\大二\准考证,2020年12月全国计算机等级考试二级准考证.pdf
\档案馆\2019-2023 大学\大二,英语课堂汇报.mp4
\档案馆\2019-2023 大学\大二,风景4.jpg
\档案馆\2019-2023 大学\大二,风景3.jpg
\档案馆\2019-2023 大学\大二,风景2.jpg
\档案馆\2019-2023 大学\大二,篮球练习.mp4
\档案馆\2019-2023 大学\大二,风景1.jpg
\档案馆\2019-2023 大学\大二,数学建模.jpg
\档案馆\2019-2023 大学\大二,宿舍合照2.jpg
\档案馆\2019-2023 大学\大二,宿舍合照1.jpg
\档案馆\2019-2023 大学,学校
\档案馆\2019-2023 大学\学校,校门口的狗
\档案馆\2019-2023 大学\学校\校门口的狗,mmexport1658372119582.jpg
\档案馆\2019-2023 大学\学校\校门口的狗,mmexport1658372088761.jpg
\档案馆\2019-2023 大学\学校\校门口的狗,mmexport1658372108205.jpg
\档案馆\2019-2023 大学\学校\校门口的狗,mmexport1658372074910.jpg
\档案馆\2019-2023 大学\学校\校门口的狗,mmexport1658148097744.jpg
\档案馆\2019-2023 大学\学校,宿舍
\档案馆\2019-2023 大学\学校\宿舍,收纳8.jpg
\档案馆\2019-2023 大学\学校\宿舍,收纳9.jpg
\档案馆\2019-2023 大学\学校\宿舍,楼梯间2.jpg
\档案馆\2019-2023 大学\学校\宿舍,阳台1.jpg
\档案馆\2019-2023 大学\学校\宿舍,收纳5.jpg
\档案馆\2019-2023 大学\学校\宿舍,楼梯间1.jpg
\档案馆\2019-2023 大学\学校\宿舍,阳台2.jpg
\档案馆\2019-2023 大学\学校\宿舍,收纳7.jpg
\档案馆\2019-2023 大学\学校\宿舍,收纳6.jpg
\档案馆\2019-2023 大学\学校\宿舍,收纳13.jpg
\档案馆\2019-2023 大学\学校\宿舍,收纳10.jpg
\档案馆\2019-2023 大学\学校\宿舍,收纳11.jpg
\档案馆\2019-2023 大学\学校\宿舍,收纳14.jpg
\档案馆\2019-2023 大学\学校\宿舍,收纳12.jpg
\档案馆\2019-2023 大学\学校\宿舍,收纳15.mp4
\档案馆\2019-2023 大学\学校\宿舍,收纳3.jpg
\档案馆\2019-2023 大学\学校\宿舍,收纳16.mp4
\档案馆\2019-2023 大学\学校\宿舍,收纳4.jpg
\档案馆\2019-2023 大学\学校\宿舍,收纳2.jpg
\档案馆\2019-2023 大学\学校\宿舍,收纳1.jpg
\档案馆\2019-2023 大学\学校,IMG_20220625_012042.jpg
\档案馆\2019-2023 大学\学校,IMG_20220624_192522.jpg
\档案馆\2019-2023 大学\学校,IMG_20220712_175330.jpg
\档案馆\2019-2023 大学\学校,mmexport1649869389127.jpg
\档案馆\2019-2023 大学\学校,IMG_20220624_192421.jpg
\档案馆\2019-2023 大学,大四
\档案馆\2019-2023 大学\大四,毕业论文与毕业设计
\档案馆\2019-2023 大学\大四\毕业论文与毕业设计,学校要求与材料
\档案馆\2019-2023 大学\大四\毕业论文与毕业设计\学校要求与材料,论文模版
\档案馆\2019-2023 大学\大四\毕业论文与毕业设计\学校要求与材料\论文模版,毕业设计（论文）模板（学校：20220615）.dotx
\档案馆\2019-2023 大学\大四\毕业论文与毕业设计\学校要求与材料\论文模版,2023.01泉州职业技术大学本科毕业设计（论文）撰写规范.pdf
\档案馆\2019-2023 大学\大四\毕业论文与毕业设计\学校要求与材料\论文模版,2023.01.08-目录-页眉-页脚格式.pdf
\档案馆\2019-2023 大学\大四\毕业论文与毕业设计\学校要求与材料,毕业设计_潘晓虹.zip
\档案馆\2019-2023 大学\大四\毕业论文与毕业设计\学校要求与材料,泉大〔2022〕58号 关于印发《泉州职业技术大学本科毕业设计（论文）管理办法（试行）》的通知.pdf
\档案馆\2019-2023 大学\大四\毕业论文与毕业设计\学校要求与材料,毕业设计_王燕妮.zip
\档案馆\2019-2023 大学\大四\毕业论文与毕业设计\学校要求与材料,2023届计算机应用工程专业毕业设计课题学生选题表.xlsx
\档案馆\2019-2023 大学\大四\毕业论文与毕业设计\学校要求与材料,泉州职业技术大学毕业设计开题报告要求.docx
\档案馆\2019-2023 大学\大四\毕业论文与毕业设计\学校要求与材料,国科数字产业学院毕业设计论文基本框架（2023届）.docx
\档案馆\2019-2023 大学\大四\毕业论文与毕业设计\学校要求与材料,泉州职业技术大学毕业设计（论文）指导过程记录表.docx
\档案馆\2019-2023 大学\大四\毕业论文与毕业设计\学校要求与材料,参考文献的格式规范.docx
\档案馆\2019-2023 大学\大四\毕业论文与毕业设计\学校要求与材料,泉州职业技术大学毕业设计（论文）中期检查情况一览表.docx
\档案馆\2019-2023 大学\大四\毕业论文与毕业设计\学校要求与材料,泉州职业技术大学毕业设计（论文）中期检查表.docx
\档案馆\2019-2023 大学\大四\毕业论文与毕业设计\学校要求与材料,国科数字产业学院2023届毕业设计计划.xlsx
\档案馆\2019-2023 大学\大四\毕业论文与毕业设计,论文内容
\档案馆\2019-2023 大学\大四\毕业论文与毕业设计\论文内容,查重结果
\档案馆\2019-2023 大学\大四\毕业论文与毕业设计\论文内容\查重结果,维普自查2.zip
\档案馆\2019-2023 大学\大四\毕业论文与毕业设计\论文内容\查重结果,维普自查3.zip
\档案馆\2019-2023 大学\大四\毕业论文与毕业设计\论文内容\查重结果,维普自查1.zip
\档案馆\2019-2023 大学\大四\毕业论文与毕业设计\论文内容\查重结果,大雅查重1.zip
\档案馆\2019-2023 大学\大四\毕业论文与毕业设计\论文内容\查重结果,大雅查重2.zip
\档案馆\2019-2023 大学\大四\毕业论文与毕业设计\论文内容\查重结果,大雅查重3.zip
\档案馆\2019-2023 大学\大四\毕业论文与毕业设计\论文内容\查重结果,万方查重.pdf
\档案馆\2019-2023 大学\大四\毕业论文与毕业设计\论文内容\查重结果,学校查重（维普）.zip
\档案馆\2019-2023 大学\大四\毕业论文与毕业设计\论文内容,论文版本
\档案馆\2019-2023 大学\大四\毕业论文与毕业设计\论文内容\论文版本,6 修改：修改引用、内容调整（重复率上升，改回5了）.docx
\档案馆\2019-2023 大学\大四\毕业论文与毕业设计\论文内容\论文版本,预计修改内容.txt
\档案馆\2019-2023 大学\大四\毕业论文与毕业设计\论文内容\论文版本,8 修改：格式调整（0318答辩打印）.docx
\档案馆\2019-2023 大学\大四\毕业论文与毕业设计\论文内容\论文版本,7 修改：格式调整、硬件增加代码和图片（0223提交学校）.docx
\档案馆\2019-2023 大学\大四\毕业论文与毕业设计\论文内容\论文版本,3 修改：流程图勘误、排版调整、更换桌面端图片、桌面端代码增加.docx
\档案馆\2019-2023 大学\大四\毕业论文与毕业设计\论文内容\论文版本,2 修改：交叉引用、摘要删减、部分内容微调.docx
\档案馆\2019-2023 大学\大四\毕业论文与毕业设计\论文内容\论文版本,4 修改：排版调整、目录核对.docx
\档案馆\2019-2023 大学\大四\毕业论文与毕业设计\论文内容\论文版本,5 修改：格式调整.docx
\档案馆\2019-2023 大学\大四\毕业论文与毕业设计\论文内容\论文版本,1 基本通过.docx
\档案馆\2019-2023 大学\大四\毕业论文与毕业设计\论文内容,图表
\档案馆\2019-2023 大学\大四\毕业论文与毕业设计\论文内容\图表,页面结构图
\档案馆\2019-2023 大学\大四\毕业论文与毕业设计\论文内容\图表\页面结构图,桌面端.vsdx
\档案馆\2019-2023 大学\大四\毕业论文与毕业设计\论文内容\图表\页面结构图,小程序端.vsdx
\档案馆\2019-2023 大学\大四\毕业论文与毕业设计\论文内容\图表,系统用例图
\档案馆\2019-2023 大学\大四\毕业论文与毕业设计\论文内容\图表\系统用例图,管理员.vsdx
\档案馆\2019-2023 大学\大四\毕业论文与毕业设计\论文内容\图表,桌面端成品图
\档案馆\2019-2023 大学\大四\毕业论文与毕业设计\论文内容\图表\桌面端成品图,车主信息.png
\档案馆\2019-2023 大学\大四\毕业论文与毕业设计\论文内容\图表\桌面端成品图,车辆信息.png
\档案馆\2019-2023 大学\大四\毕业论文与毕业设计\论文内容\图表\桌面端成品图,错误报告.png
\档案馆\2019-2023 大学\大四\毕业论文与毕业设计\论文内容\图表\桌面端成品图,黑名单.png
\档案馆\2019-2023 大学\大四\毕业论文与毕业设计\论文内容\图表\桌面端成品图,订单信息.png
\档案馆\2019-2023 大学\大四\毕业论文与毕业设计\论文内容\图表\桌面端成品图,系统使用记录.png
\档案馆\2019-2023 大学\大四\毕业论文与毕业设计\论文内容\图表\桌面端成品图,主页.png
\档案馆\2019-2023 大学\大四\毕业论文与毕业设计\论文内容\图表\桌面端成品图,登录.png
\档案馆\2019-2023 大学\大四\毕业论文与毕业设计\论文内容\图表\桌面端成品图,管理员信息.png
\档案馆\2019-2023 大学\大四\毕业论文与毕业设计\论文内容\图表,流程图
\档案馆\2019-2023 大学\大四\毕业论文与毕业设计\论文内容\图表\流程图,车位探测.vsdx
\档案馆\2019-2023 大学\大四\毕业论文与毕业设计\论文内容\图表\流程图,车辆入场.vsdx
\档案馆\2019-2023 大学\大四\毕业论文与毕业设计\论文内容\图表\流程图,车辆出场.vsdx
\档案馆\2019-2023 大学\大四\毕业论文与毕业设计\论文内容\图表,硬件图
\档案馆\2019-2023 大学\大四\毕业论文与毕业设计\论文内容\图表,时序图
\档案馆\2019-2023 大学\大四\毕业论文与毕业设计\论文内容\图表\时序图,管理员登录.vsdx
\档案馆\2019-2023 大学\大四\毕业论文与毕业设计\论文内容\图表,小程序成品图
\档案馆\2019-2023 大学\大四\毕业论文与毕业设计\论文内容\图表\小程序成品图,车位信息图示.jpg
\档案馆\2019-2023 大学\大四\毕业论文与毕业设计\论文内容\图表\小程序成品图,信息填写.jpg
\档案馆\2019-2023 大学\大四\毕业论文与毕业设计\论文内容\图表\小程序成品图,主页_未使用.jpg
\档案馆\2019-2023 大学\大四\毕业论文与毕业设计\论文内容\图表\小程序成品图,主页.jpg
\档案馆\2019-2023 大学\大四\毕业论文与毕业设计\论文内容\图表\小程序成品图,未做.txt
\档案馆\2019-2023 大学\大四\毕业论文与毕业设计\论文内容\图表\小程序成品图,个人中心.jpg
\档案馆\2019-2023 大学\大四\毕业论文与毕业设计\论文内容\图表,功能结构图
\档案馆\2019-2023 大学\大四\毕业论文与毕业设计\论文内容\图表\功能结构图,小程序.vsdx
\档案馆\2019-2023 大学\大四\毕业论文与毕业设计\论文内容\图表\功能结构图,桌面端.vsdx
\档案馆\2019-2023 大学\大四\毕业论文与毕业设计\论文内容\图表,数据统计图.xlsx
\档案馆\2019-2023 大学\大四\毕业论文与毕业设计\论文内容\图表,E-R.vsdx
\档案馆\2019-2023 大学\大四\毕业论文与毕业设计\论文内容,提交论文及相关材料
\档案馆\2019-2023 大学\大四\毕业论文与毕业设计\论文内容\提交论文及相关材料,194033552-张卉萱-开题报告.docx
\档案馆\2019-2023 大学\大四\毕业论文与毕业设计\论文内容\提交论文及相关材料,194033552-张卉萱-指导过程记录表.docx
\档案馆\2019-2023 大学\大四\毕业论文与毕业设计\论文内容\提交论文及相关材料,基于计算机视觉与物联网的停车场管理系统数据库设计.docx
\档案馆\2019-2023 大学\大四\毕业论文与毕业设计\论文内容\提交论文及相关材料,194033552-张卉萱-基于计算机视觉与物联网的停车场管理系统.docx
\档案馆\2019-2023 大学\大四\毕业论文与毕业设计\论文内容,毕业论文_答辩打印版.pdf
\档案馆\2019-2023 大学\大四\毕业论文与毕业设计,数据库设计
\档案馆\2019-2023 大学\大四\毕业论文与毕业设计\数据库设计,基于计算机视觉与物联网的停车场管理系统数据库设计.docx
\档案馆\2019-2023 大学\大四\毕业论文与毕业设计\数据库设计,XXX系统数据库设计模板.docx
\档案馆\2019-2023 大学\大四\毕业论文与毕业设计,开题报告
\档案馆\2019-2023 大学\大四\毕业论文与毕业设计\开题报告,论文组织结构图.vsdx
\档案馆\2019-2023 大学\大四\毕业论文与毕业设计\开题报告,194033552-张卉萱-开题报告.docx
\档案馆\2019-2023 大学\大四\毕业论文与毕业设计,参考文献
\档案馆\2019-2023 大学\大四\毕业论文与毕业设计\参考文献,参考文献
\档案馆\2019-2023 大学\大四\毕业论文与毕业设计\参考文献\参考文献,基于单片机的车位管理系统设计.pdf
\档案馆\2019-2023 大学\大四\毕业论文与毕业设计\参考文献\参考文献,基于车牌识别的停车场智能收费系统.pdf
\档案馆\2019-2023 大学\大四\毕业论文与毕业设计\参考文献\参考文献,停车场车牌识别系统设计与实现.caj
\档案馆\2019-2023 大学\大四\毕业论文与毕业设计\参考文献\参考文献,A License Plate-Recognition Algorithm for.pdf
\档案馆\2019-2023 大学\大四\毕业论文与毕业设计\参考文献\参考文献,KNN分类算法在停车场车牌识别系统中的应用.pdf
\档案馆\2019-2023 大学\大四\毕业论文与毕业设计\参考文献\参考文献,Prediction of parking space availability in real time.pdf
\档案馆\2019-2023 大学\大四\毕业论文与毕业设计\参考文献\参考文献,Towards Automatic License Plate Detection.pdf
\档案馆\2019-2023 大学\大四\毕业论文与毕业设计\参考文献\参考文献,基于深度学习技术的停车场收费管理系统设计与实现.pdf
\档案馆\2019-2023 大学\大四\毕业论文与毕业设计\参考文献\参考文献,基于物联网技术的智能停车场系统设计与实现.pdf
\档案馆\2019-2023 大学\大四\毕业论文与毕业设计\参考文献\参考文献,基于人工智能的剩余停车位数量预测方法研究.caj
\档案馆\2019-2023 大学\大四\毕业论文与毕业设计\参考文献\参考文献,基于OpenCV与SVM的车牌识别方法.pdf
\档案馆\2019-2023 大学\大四\毕业论文与毕业设计\参考文献,其他
\档案馆\2019-2023 大学\大四\毕业论文与毕业设计\参考文献\其他,弱相关
\档案馆\2019-2023 大学\大四\毕业论文与毕业设计\参考文献\其他\弱相关,基于车牌识别技术的停车场管理系统设计.pdf
\档案馆\2019-2023 大学\大四\毕业论文与毕业设计\参考文献\其他\弱相关,基于迷你卷积神经网络的停车场空车位检测方法.pdf
\档案馆\2019-2023 大学\大四\毕业论文与毕业设计\参考文献\其他\弱相关,基于ZigBee技术的智能停车场管理系统设计.pdf
\档案馆\2019-2023 大学\大四\毕业论文与毕业设计\参考文献\其他\弱相关,基于深度学习的智能停车车位检测.pdf
\档案馆\2019-2023 大学\大四\毕业论文与毕业设计\参考文献\其他\弱相关,基于物联网的智慧停车场设计.pdf
\档案馆\2019-2023 大学\大四\毕业论文与毕业设计\参考文献\其他\弱相关,基于多种车辆特征信息识别的停车场管理系统.pdf
\档案馆\2019-2023 大学\大四\毕业论文与毕业设计\参考文献\其他\弱相关,基于车牌识别的无人收费停车场系统的设计.pdf
\档案馆\2019-2023 大学\大四\毕业论文与毕业设计\参考文献\其他\弱相关,基于ZigBee的智能停车场管理系统.pdf
\档案馆\2019-2023 大学\大四\毕业论文与毕业设计\参考文献\其他\弱相关,基于射频识别的停车场管理系统设计与实现.pdf
\档案馆\2019-2023 大学\大四\毕业论文与毕业设计\参考文献\其他\弱相关,基于物联网停车场车位管理系统的设计和实现.pdf
\档案馆\2019-2023 大学\大四\毕业论文与毕业设计\参考文献\其他\弱相关,基于ZigBee的停车场车辆信息采集及显示系统.pdf
\档案馆\2019-2023 大学\大四\毕业论文与毕业设计\参考文献\其他\弱相关,停车场车辆目标检测方法研究与应用_丁继文.caj
\档案馆\2019-2023 大学\大四\毕业论文与毕业设计\参考文献\其他\弱相关,可持续发展背景下公共停车场规划的重新思考.pdf
\档案馆\2019-2023 大学\大四\毕业论文与毕业设计\参考文献\其他\弱相关,基于OpenCV的地面停车诱导系统研究.pdf
\档案馆\2019-2023 大学\大四\毕业论文与毕业设计\参考文献\其他\弱相关,基于Zigbee和机器学习的智能泊车系统设计.pdf
\档案馆\2019-2023 大学\大四\毕业论文与毕业设计\参考文献\其他\弱相关,基于ZigBee与RFID的地下停车场泊车引导系统研究.pdf
\档案馆\2019-2023 大学\大四\毕业论文与毕业设计\参考文献\其他,我国城市地下停车场发展现状及修建技术研究.pdf
\档案馆\2019-2023 大学\大四\毕业论文与毕业设计\参考文献\其他,基于AI视觉的智能停车场信息感知方法研究.caj
\档案馆\2019-2023 大学\大四\毕业论文与毕业设计\参考文献\其他,基于图像视觉的停车场管理系统的实现.pdf
\档案馆\2019-2023 大学\大四\毕业论文与毕业设计\参考文献\其他,基于图像识别的停车场智能管理系统的设计与实现.pdf
\档案馆\2019-2023 大学\大四\毕业论文与毕业设计\参考文献\其他,基于STM32的停车场车牌识别系统.pdf
\档案馆\2019-2023 大学\大四\毕业论文与毕业设计\参考文献\其他,基于RFID的智能停车场路径规划的研究与设计.caj
\档案馆\2019-2023 大学\大四\毕业论文与毕业设计\参考文献\其他,城市发展与交通、停车场的关系.pdf
\档案馆\2019-2023 大学\大四\毕业论文与毕业设计\参考文献\其他,基于汽车牌照识别的停车场管理系统.pdf
\档案馆\2019-2023 大学\大四\毕业论文与毕业设计\参考文献\其他,Underground Parking Lot Navigation System Using Long-Term Evolution Signal.pdf
\档案馆\2019-2023 大学\大四\毕业论文与毕业设计\参考文献\其他,国内停车场管理系统的现状与发展趋势.pdf
\档案馆\2019-2023 大学\大四\毕业论文与毕业设计\参考文献\其他,Smart-parking management algorithms in smart city..pdf
\档案馆\2019-2023 大学\大四\毕业论文与毕业设计\参考文献\其他,On the Design of Smart Parking Networks in the Smart Cities.pdf
\档案馆\2019-2023 大学\大四\毕业论文与毕业设计\参考文献\其他,Intelligent Parking System.pdf
\档案馆\2019-2023 大学\大四\毕业论文与毕业设计\参考文献\其他,"Smart Parking System with Dynamic Pricing,.pdf"
\档案馆\2019-2023 大学\大四\毕业论文与毕业设计\参考文献\其他,Finding Available Parking Spaces Made Easy.pdf
\档案馆\2019-2023 大学\大四\毕业论文与毕业设计\参考文献\其他,Smart parking systems comprehensive review based on various aspects.pdf
\档案馆\2019-2023 大学\大四\毕业论文与毕业设计\参考文献\其他,A Balanced Algorithm for In-City Parking Allocation A Case Study of Al Madinah City.pdf
\档案馆\2019-2023 大学\大四\毕业论文与毕业设计,databases
\档案馆\2019-2023 大学\大四\毕业论文与毕业设计\databases,practice.db
\档案馆\2019-2023 大学\大四\毕业论文与毕业设计\databases,practice_qtsys_student.db
\档案馆\2019-2023 大学\大四\毕业论文与毕业设计,194033552_张卉萱_光盘刻录材料.zip
\档案馆\2019-2023 大学\大四\毕业论文与毕业设计,194033552张卉萱开题报告书.docx
\档案馆\2019-2023 大学\大四\毕业论文与毕业设计,194033552-张卉萱-中期检查表.docx
\档案馆\2019-2023 大学\大四,毕业实习提交材料
\档案馆\2019-2023 大学\大四\毕业实习提交材料,丙方岗位实习法定监护人（或家长）知情同意书.docx
\档案馆\2019-2023 大学\大四\毕业实习提交材料,（电子版）岗位实习单位考察表.doc
\档案馆\2019-2023 大学\大四\毕业实习提交材料,分散实习申请表.doc
\档案馆\2019-2023 大学\大四\毕业实习提交材料,各项实习材料提交时间.xlsx
\档案馆\2019-2023 大学\大四\毕业实习提交材料,泉州职业技术大学学生岗位实习三方协议（填写模板)_加水印.pdf
\档案馆\2019-2023 大学\大四\毕业实习提交材料,岗位实习鉴定表.doc
\档案馆\2019-2023 大学\大四,泉州职业技术大学结业换发毕业证申请表（2021.08更新）.doc
\档案馆\2019-2023 大学\大四,合照.jpg
\档案馆\2019-2023 大学,大三
\档案馆\2019-2023 大学\大三,离校检查
\档案馆\2019-2023 大学\大三\离校检查,VID_20220819_145032.mp4
\档案馆\2019-2023 大学\大三\离校检查,VID_20220819_150313_1.mp4
\档案馆\2019-2023 大学\大三\离校检查,VID_20220819_150007.mp4
\档案馆\2019-2023 大学\大三\离校检查,VID_20220819_150342.mp4
\档案馆\2019-2023 大学\大三\离校检查,VID_20220819_150327.mp4
\档案馆\2019-2023 大学\大三\离校检查,VID_20220819_150157.mp4
\档案馆\2019-2023 大学\大三\离校检查,VID_20220819_150228.mp4
\档案馆\2019-2023 大学\大三\离校检查,VID_20220819_145357.mp4
\档案馆\2019-2023 大学\大三\离校检查,VID_20220819_150222.mp4
\档案馆\2019-2023 大学\大三\离校检查,VID_20220819_145531.mp4
\档案馆\2019-2023 大学\大三\离校检查,VID_20220819_145012.mp4
\档案馆\2019-2023 大学\大三\离校检查,VID_20220819_145734.mp4
\档案馆\2019-2023 大学\大三\离校检查,VID_20220819_150103.mp4
\档案馆\2019-2023 大学\大三\离校检查,VID_20220819_145419.mp4
\档案馆\2019-2023 大学\大三,海报
\档案馆\2019-2023 大学\大三\海报,IMG_20220825_195453.jpg
\档案馆\2019-2023 大学\大三\海报,IMG_20220825_195751.jpg
\档案馆\2019-2023 大学\大三,左下智齿
\档案馆\2019-2023 大学\大三\左下智齿,肿.jpg
\档案馆\2019-2023 大学\大三\左下智齿,画给医生的增生.jpg
\档案馆\2019-2023 大学\大三\左下智齿,拍片2.jpg
\档案馆\2019-2023 大学\大三\左下智齿,牙.jpg
\档案馆\2019-2023 大学\大三\左下智齿,拍片1.jpg
\档案馆\2019-2023 大学\大三,风景2.jpg
\档案馆\2019-2023 大学\大三,喜欢这个颜色.jpg
\档案馆\2019-2023 大学\大三,风景1.jpg
\档案馆\2019-2023 大学\大三,被老师(许庆星)通缉2.jpg
\档案馆\2019-2023 大学\大三,被老师(许庆星)通缉1.jpg
\档案馆\2019-2023 大学\大三,被老师(许庆星)通缉3.jpg
\档案馆\2019-2023 大学\大三,外图厦门书城.jpg
\档案馆\2019-2023 大学\大三,2022年上半年英语六级笔试准考证(张卉萱).pdf
\档案馆\2019-2023 大学\大三,刘海好长2.jpg
\档案馆\2019-2023 大学\大三,刘海好长1.jpg
\档案馆\2019-2023 大学,大一
\档案馆\2019-2023 大学\大一,军训
\档案馆\2019-2023 大学\大一\军训,标兵班
\档案馆\2019-2023 大学\大一\军训\标兵班,小阅兵与队列练习
\档案馆\2019-2023 大学\大一\军训\标兵班\小阅兵与队列练习,小阅兵9.mp4
\档案馆\2019-2023 大学\大一\军训\标兵班\小阅兵与队列练习,小阅兵7.mp4
\档案馆\2019-2023 大学\大一\军训\标兵班\小阅兵与队列练习,小阅兵4.jpg
\档案馆\2019-2023 大学\大一\军训\标兵班\小阅兵与队列练习,训练3.mp4
\档案馆\2019-2023 大学\大一\军训\标兵班\小阅兵与队列练习,训练5.mp4
\档案馆\2019-2023 大学\大一\军训\标兵班\小阅兵与队列练习,训练1.mp4
\档案馆\2019-2023 大学\大一\军训\标兵班\小阅兵与队列练习,训练2.mp4
\档案馆\2019-2023 大学\大一\军训\标兵班\小阅兵与队列练习,训练6.mp4
\档案馆\2019-2023 大学\大一\军训\标兵班\小阅兵与队列练习,训练4.mp4
\档案馆\2019-2023 大学\大一\军训\标兵班\小阅兵与队列练习,小阅兵3.jpg
\档案馆\2019-2023 大学\大一\军训\标兵班\小阅兵与队列练习,小阅兵2.mp4
\档案馆\2019-2023 大学\大一\军训\标兵班\小阅兵与队列练习,小阅兵1.mp4
\档案馆\2019-2023 大学\大一\军训\标兵班\小阅兵与队列练习,小阅兵6.jpg
\档案馆\2019-2023 大学\大一\军训\标兵班\小阅兵与队列练习,小阅兵8.mp4
\档案馆\2019-2023 大学\大一\军训\标兵班\小阅兵与队列练习,小阅兵5.jpg
\档案馆\2019-2023 大学\大一\军训\标兵班,结束2.mp4
\档案馆\2019-2023 大学\大一\军训\标兵班,结束1.mp4
\档案馆\2019-2023 大学\大一\军训\标兵班,枪.jpg
\档案馆\2019-2023 大学\大一\军训\标兵班,结束3.mp4
\档案馆\2019-2023 大学\大一\军训\标兵班,柯新民.mp4
\档案馆\2019-2023 大学\大一\军训\标兵班,午餐.jpg
\档案馆\2019-2023 大学\大一\军训\标兵班,合照.jpg
\档案馆\2019-2023 大学\大一\军训\标兵班,团长.jpg
\档案馆\2019-2023 大学\大一\军训,跳舞1.mp4
\档案馆\2019-2023 大学\大一\军训,跳舞2.mp4
\档案馆\2019-2023 大学\大一\军训,莲姐表情包1.jpg
\档案馆\2019-2023 大学\大一\军训,莲姐表情包2.jpg
\档案馆\2019-2023 大学\大一\军训,跳舞3.mp4
\档案馆\2019-2023 大学\大一\军训,军训合照3.jpg
\档案馆\2019-2023 大学\大一\军训,军训合照2.jpg
\档案馆\2019-2023 大学\大一\军训,军训合照1.jpg
\档案馆\2019-2023 大学\大一,安平桥
\档案馆\2019-2023 大学\大一\安平桥,6.jpg
\档案馆\2019-2023 大学\大一\安平桥,7.jpg
\档案馆\2019-2023 大学\大一\安平桥,9.jpg
\档案馆\2019-2023 大学\大一\安平桥,5.jpg
\档案馆\2019-2023 大学\大一\安平桥,3.jpg
\档案馆\2019-2023 大学\大一\安平桥,4.jpg
\档案馆\2019-2023 大学\大一\安平桥,8.jpg
\档案馆\2019-2023 大学\大一\安平桥,2.jpg
\档案馆\2019-2023 大学\大一\安平桥,1.jpg
\档案馆\2019-2023 大学\大一,期末作业
\档案馆\2019-2023 大学\大一\期末作业,思修
\档案馆\2019-2023 大学\大一\期末作业\思修,形势与政策.docx
\档案馆\2019-2023 大学\大一\期末作业\思修,命题作文（主题为创新）.docx
\档案馆\2019-2023 大学\大一\期末作业,信息技术基础期末作业
\档案馆\2019-2023 大学\大一\期末作业\信息技术基础期末作业,莱菲卫浴年终特卖会.pptx
\档案馆\2019-2023 大学\大一\期末作业\信息技术基础期末作业,莱菲卫浴年终特卖会演讲稿.docx
\档案馆\2019-2023 大学\大一\期末作业\信息技术基础期末作业,logo.png
\档案馆\2019-2023 大学\大一\期末作业\信息技术基础期末作业,194033552 张卉萱 期末作业.zip
\档案馆\2019-2023 大学\大一\期末作业,职业生涯规划书.wps
\档案馆\2019-2023 大学\大一,暖爱（大一下）
\档案馆\2019-2023 大学\大一\暖爱（大一下）,暖爱——海报.jpg
\档案馆\2019-2023 大学\大一\暖爱（大一下）,暖爱.pptx
\档案馆\2019-2023 大学\大一\暖爱（大一下）,计划书封面.png
\档案馆\2019-2023 大学\大一\暖爱（大一下）,暖爱——项目计划书.docx
\档案馆\2019-2023 大学\大一\暖爱（大一下）,思维表.docx
\档案馆\2019-2023 大学\大一,博古（大一上）
\档案馆\2019-2023 大学\大一\博古（大一上）,博古.pptx
\档案馆\2019-2023 大学\大一\博古（大一上）,奖状.jpg
\档案馆\2019-2023 大学\大一\博古（大一上）,海报 2.jpg
\档案馆\2019-2023 大学\大一\博古（大一上）,博古.xmind
\档案馆\2019-2023 大学\大一\博古（大一上）,博古APP项目书.docx
\档案馆\2019-2023 大学\大一\博古（大一上）,海报 1.jpg
\档案馆\2019-2023 大学\大一,禁毒绘画比赛公众号2.png
\档案馆\2019-2023 大学\大一,运动会舞蹈2.mp4
\档案馆\2019-2023 大学\大一,莆田2.jpg
\档案馆\2019-2023 大学\大一,运动会舞蹈1.mp4
\档案馆\2019-2023 大学\大一,莆田1.jpg
\档案馆\2019-2023 大学\大一,大雁飞.mp4
\档案馆\2019-2023 大学\大一,计应三班大一上学期体测数据.xlsx
\档案馆\2019-2023 大学\大一,篮球卡住了.jpg
\档案馆\2019-2023 大学\大一,禁毒绘画比赛公众号1.jpg
\档案馆\2019-2023 大学\大一,居家隔离作业.mp4
\档案馆\2019-2023 大学\大一,画手1.jpg
\档案馆\2019-2023 大学\大一,画手4.jpg
\档案馆\2019-2023 大学\大一,白底照.jpg
\档案馆\2019-2023 大学\大一,画手3.jpg
\档案馆\2019-2023 大学\大一,画手2.jpg
\档案馆\2019-2023 大学\大一,葫芦丝.jpg
\档案馆\2019-2023 大学\大一,梦想的力量（大一上语文作业）.bmp
\档案馆\2019-2023 大学\大一,禁毒绘画比赛一等奖.jpg
\档案馆\2019-2023 大学\大一,禁毒漫画公众号2.png
\档案馆\2019-2023 大学\大一,宿舍合照.jpg
\档案馆\2019-2023 大学\大一,数学建模论文（b202013029009_赖敏华_余博涛_张卉萱_20200913195849）.pdf
\档案馆\2019-2023 大学\大一,心理罪（大一上语文课分享）.pptx
\档案馆\2019-2023 大学\大一,2019年下半年英语四级笔试准考证.pdf
\档案馆\2019-2023 大学\大一,入党积极分子备案表.docx
\档案馆\2019-2023 大学\大一,20191025陶笛录音.mp3
\档案馆\2019-2023 大学\大一,入党申请书.docx
\档案馆\2019-2023 大学,吃的
\档案馆\2019-2023 大学\吃的,夜宵.jpg
\档案馆\2019-2023 大学\吃的,3.jpg
\档案馆\2019-2023 大学\吃的,1.jpg
\档案馆\2019-2023 大学\吃的,4.jpg
\档案馆\2019-2023 大学\吃的,2.jpg
\档案馆\2019-2023 大学,VID_20220617_043107.mp4
\档案馆\2019-2023 大学,VID_20220619_020546.mp4
\档案馆\2019-2023 大学,VID_20220622_024739.mp4
\档案馆\2019-2023 大学,合照.jpg
\档案馆\2019-2023 大学,mmexport1691768710213.jpg
\档案馆\2019-2023 大学,mmexport1691768705344.jpg
\档案馆\2019-2023 大学,mmexport1656329903585.jpg
\档案馆\2019-2023 大学,mmexport1656329890764.jpg
\档案馆\2019-2023 大学,mmexport1691768334601.jpg
\档案馆\2019-2023 大学,IMG_20220624_191912.jpg
\档案馆\2019-2023 大学,IMG_20220719_213038.jpg
\档案馆\2019-2023 大学,mmexport1651056199957.jpg
\档案馆\2019-2023 大学,CDA7DE1683AB1BF8E207BC7429E593A3.jpg
\档案馆\2019-2023 大学,mmexport1653638645235.mp4
\档案馆\2019-2023 大学,IMG_20220624_194925.jpg
\档案馆\2019-2023 大学,mmexport1653638763400.jpg
\档案馆\2019-2023 大学,mmexport1651567851309.jpg
\档案馆\2019-2023 大学,mmexport1652704378601.jpg
\档案馆\2019-2023 大学,3ebcfff65e485217.jpg
\档案馆\2019-2023 大学,136795db79232d69.jpg
\档案馆\2019-2023 大学,-2b1f104a3afed800.jpg
\档案馆\2019-2023 大学,1656090838795.jpeg
\档案馆\2019-2023 大学,1656090748445.jpeg
\档案馆\2019-2023 大学,1656090776793.jpeg
\档案馆\2019-2023 大学,-5b7d497d525d0855.jpg
\档案馆\2019-2023 大学,1656090832150.jpeg
\档案馆\2019-2023 大学,-35e6a712912cdac8.jpg
\档案馆\2019-2023 大学,IMG_20240311_161419.jpg
\档案馆,2016-2019 高中
\档案馆\2016-2019 高中,高二六
\档案馆\2016-2019 高中\高二六,高二社会实践
\档案馆\2016-2019 高中\高二六\高二社会实践,拔河摔了4.jpg
\档案馆\2016-2019 高中\高二六\高二社会实践,陈焱拍的，石膏模型3.jpg
\档案馆\2016-2019 高中\高二六\高二社会实践,拔河摔了5.jpg
\档案馆\2016-2019 高中\高二六\高二社会实践,陈焱拍的，剪窗花2.jpg
\档案馆\2016-2019 高中\高二六\高二社会实践,陈焱拍的，石膏模型2.jpg
\档案馆\2016-2019 高中\高二六\高二社会实践,陈焱拍的，剪窗花1.jpg
\档案馆\2016-2019 高中\高二六\高二社会实践,陈焱拍风景还不错.jpg
\档案馆\2016-2019 高中\高二六\高二社会实践,陈焱拍的，石膏模型1.jpg
\档案馆\2016-2019 高中\高二六\高二社会实践,拔河摔了1.jpg
\档案馆\2016-2019 高中\高二六\高二社会实践,拔河摔了3.jpg
\档案馆\2016-2019 高中\高二六\高二社会实践,31.jpg
\档案馆\2016-2019 高中\高二六\高二社会实践,32.jpg
\档案馆\2016-2019 高中\高二六\高二社会实践,5.jpg
\档案馆\2016-2019 高中\高二六\高二社会实践,4.jpg
\档案馆\2016-2019 高中\高二六\高二社会实践,33.jpg
\档案馆\2016-2019 高中\高二六\高二社会实践,21.jpg
\档案馆\2016-2019 高中\高二六\高二社会实践,3.jpg
\档案馆\2016-2019 高中\高二六\高二社会实践,20.jpg
\档案馆\2016-2019 高中\高二六\高二社会实践,29.jpg
\档案馆\2016-2019 高中\高二六\高二社会实践,27.jpg
\档案馆\2016-2019 高中\高二六\高二社会实践,13.jpg
\档案馆\2016-2019 高中\高二六\高二社会实践,拔河摔了2.jpg
\档案馆\2016-2019 高中\高二六\高二社会实践,12.jpg
\档案馆\2016-2019 高中\高二六\高二社会实践,2.jpg
\档案馆\2016-2019 高中\高二六\高二社会实践,15.jpg
\档案馆\2016-2019 高中\高二六\高二社会实践,16.jpg
\档案馆\2016-2019 高中\高二六\高二社会实践,28.jpg
\档案馆\2016-2019 高中\高二六\高二社会实践,6.jpg
\档案馆\2016-2019 高中\高二六\高二社会实践,8.jpg
\档案馆\2016-2019 高中\高二六\高二社会实践,30.jpg
\档案馆\2016-2019 高中\高二六\高二社会实践,9.jpg
\档案馆\2016-2019 高中\高二六\高二社会实践,7.jpg
\档案馆\2016-2019 高中\高二六\高二社会实践,23.jpg
\档案馆\2016-2019 高中\高二六\高二社会实践,24.jpg
\档案馆\2016-2019 高中\高二六\高二社会实践,22.jpg
\档案馆\2016-2019 高中\高二六\高二社会实践,26.jpg
\档案馆\2016-2019 高中\高二六\高二社会实践,25.jpg
\档案馆\2016-2019 高中\高二六\高二社会实践,18.jpg
\档案馆\2016-2019 高中\高二六\高二社会实践,19.jpg
\档案馆\2016-2019 高中\高二六\高二社会实践,10.jpg
\档案馆\2016-2019 高中\高二六\高二社会实践,11.jpg
\档案馆\2016-2019 高中\高二六\高二社会实践,17.jpg
\档案馆\2016-2019 高中\高二六\高二社会实践,1.jpg
\档案馆\2016-2019 高中\高二六\高二社会实践,14.jpg
\档案馆\2016-2019 高中\高二六,高二运动会
\档案馆\2016-2019 高中\高二六\高二运动会,高二运动会接力，我们女子组第一名哦.mp4
\档案馆\2016-2019 高中\高二六\高二运动会,合影.jpg
\档案馆\2016-2019 高中\高二六\高二运动会,成绩表.jpg
\档案馆\2016-2019 高中\高二六\高二运动会,“终于等来”.png
\档案馆\2016-2019 高中\高二六\高二运动会,运动会接力赛第一棒.jpg
\档案馆\2016-2019 高中\高二六,社团
\档案馆\2016-2019 高中\高二六\社团,魔方社纳新.JPG
\档案馆\2016-2019 高中\高二六\社团,科艺节 3.jpg
\档案馆\2016-2019 高中\高二六\社团,科艺节 1.jpg
\档案馆\2016-2019 高中\高二六\社团,科艺节 2.jpg
\档案馆\2016-2019 高中\高二六\社团,科艺节 4.jpg
\档案馆\2016-2019 高中\高二六\社团,章子.png
\档案馆\2016-2019 高中\高二六\社团,社团部logo.jpg
\档案馆\2016-2019 高中\高二六\社团,纪念.jpeg
\档案馆\2016-2019 高中\高二六\社团,学校logo.jpg
\档案馆\2016-2019 高中\高二六,窗花（欢送外国人）
\档案馆\2016-2019 高中\高二六\窗花（欢送外国人）,4.jpg
\档案馆\2016-2019 高中\高二六\窗花（欢送外国人）,6.jpg
\档案馆\2016-2019 高中\高二六\窗花（欢送外国人）,2.jpg
\档案馆\2016-2019 高中\高二六\窗花（欢送外国人）,1.jpg
\档案馆\2016-2019 高中\高二六\窗花（欢送外国人）,3.jpg
\档案馆\2016-2019 高中\高二六\窗花（欢送外国人）,5.jpg
\档案馆\2016-2019 高中\高二六\窗花（欢送外国人）,试刻.jpg
\档案馆\2016-2019 高中\高二六\窗花（欢送外国人）,7.jpg
\档案馆\2016-2019 高中\高二六\窗花（欢送外国人）,8.jpg
\档案馆\2016-2019 高中\高二六,厦门魔方赛，第一次外地比赛
\档案馆\2016-2019 高中\高二六\厦门魔方赛，第一次外地比赛,赛场.jpg
\档案馆\2016-2019 高中\高二六\厦门魔方赛，第一次外地比赛,参赛证.jpg
\档案馆\2016-2019 高中\高二六\厦门魔方赛，第一次外地比赛,酒店大厅.jpg
\档案馆\2016-2019 高中\高二六\厦门魔方赛，第一次外地比赛,厦门站.jpg
\档案馆\2016-2019 高中\高二六\厦门魔方赛，第一次外地比赛,厦门赛，第二次比赛，第一次出福州比赛.png
\档案馆\2016-2019 高中\高二六\厦门魔方赛，第一次外地比赛,动车上.jpg
\档案馆\2016-2019 高中\高二六,研究性学习
\档案馆\2016-2019 高中\高二六\研究性学习,网络文学（高二下）
\档案馆\2016-2019 高中\高二六\研究性学习\网络文学（高二下）,网络文学对中学生的影响.ppt
\档案馆\2016-2019 高中\高二六\研究性学习\网络文学（高二下）,演讲稿.doc
\档案馆\2016-2019 高中\高二六,一堆课表和考试安排
\档案馆\2016-2019 高中\高二六\一堆课表和考试安排,高二下期中考考试安排表2.jpg
\档案馆\2016-2019 高中\高二六\一堆课表和考试安排,高二下期中考考试安排表1.jpg
\档案馆\2016-2019 高中\高二六\一堆课表和考试安排,文科会考考场安排.JPG
\档案馆\2016-2019 高中\高二六\一堆课表和考试安排,会考考室安排.jpg
\档案馆\2016-2019 高中\高二六\一堆课表和考试安排,高二上会考前理科课表.jpg
\档案馆\2016-2019 高中\高二六\一堆课表和考试安排,高二上会考后理科课表.jpg
\档案馆\2016-2019 高中\高二六\一堆课表和考试安排,高二下课程表.jpg
\档案馆\2016-2019 高中\高二六\一堆课表和考试安排,1.3-1.5课表.jpg
\档案馆\2016-2019 高中\高二六\一堆课表和考试安排,会考冲刺周三下午安排.png
\档案馆\2016-2019 高中\高二六\一堆课表和考试安排,1.09、1.11号会考冲刺课表.jpg
\档案馆\2016-2019 高中\高二六,第一次一个人坐动车，厦门回福州.jpg
\档案馆\2016-2019 高中\高二六,电子百拼奖状2.png
\档案馆\2016-2019 高中\高二六,高二班班有歌声.MP4
\档案馆\2016-2019 高中\高二六,跳一跳创新纪录 1.png
\档案馆\2016-2019 高中\高二六,音乐公开课1.jpg
\档案馆\2016-2019 高中\高二六,跳一跳创新纪录 3.png
\档案馆\2016-2019 高中\高二六,陈焱以前照片.jpg
\档案馆\2016-2019 高中\高二六,音乐公开课2.jpg
\档案馆\2016-2019 高中\高二六,跳一跳破千3.png
\档案馆\2016-2019 高中\高二六,跳一跳破千1.png
\档案馆\2016-2019 高中\高二六,跳一跳创新纪录 2.png
\档案馆\2016-2019 高中\高二六,跳一跳破千2.png
\档案馆\2016-2019 高中\高二六,音乐考试.jpg
\档案馆\2016-2019 高中\高二六,电子百拼奖状3.png
\档案馆\2016-2019 高中\高二六,画手.jpg
\档案馆\2016-2019 高中\高二六,去动车站，回莆田.jpg
\档案馆\2016-2019 高中\高二六,学校要做的心理测试，心理健康报告.png
\档案馆\2016-2019 高中\高二六,物理作业情况.jpg
\档案馆\2016-2019 高中\高二六,电子百拼奖状1.jpg
\档案馆\2016-2019 高中\高二六,大学PPT（高二时的班会课轮流讲）.ppt
\档案馆\2016-2019 高中\高二六,宋狗屁.png
\档案馆\2016-2019 高中\高二六,在当当看书，东百落地玻璃，俯瞰三坊七巷.jpg
\档案馆\2016-2019 高中\高二六,画给卓卷，导图展上拍卖了.jpg
\档案馆\2016-2019 高中\高二六,电子百拼奖状4.jpg
\档案馆\2016-2019 高中\高二六,厦门 1.jpg
\档案馆\2016-2019 高中\高二六,厦门 2.JPG
\档案馆\2016-2019 高中\高二六,侧脸自拍.jpg
\档案馆\2016-2019 高中\高二六,外公做我的物理题目.jpg
\档案馆\2016-2019 高中\高二六,体检表.jpg
\档案馆\2016-2019 高中\高二六,My Favorite  Painter（高二英语老师的作业）.ppt
\档案馆\2016-2019 高中,高三六
\档案馆\2016-2019 高中\高三六,高考&毕业
\档案馆\2016-2019 高中\高三六\高考&毕业,高考网上预报名表格.doc
\档案馆\2016-2019 高中\高三六\高考&毕业,高考网上预报名 4.jpg
\档案馆\2016-2019 高中\高三六\高考&毕业,高考网上预报名截屏.docx
\档案馆\2016-2019 高中\高三六\高考&毕业,高考网上预报名 7.jpg
\档案馆\2016-2019 高中\高三六\高考&毕业,高考网上预报名 6.jpg
\档案馆\2016-2019 高中\高三六\高考&毕业,高考网上预报名 5.jpg
\档案馆\2016-2019 高中\高三六\高考&毕业,高考网上预报名 3.jpg
\档案馆\2016-2019 高中\高三六\高考&毕业,高考网上预报名 2.jpg
\档案馆\2016-2019 高中\高三六\高考&毕业,高考网上预报名 1.jpg
\档案馆\2016-2019 高中\高三六\高考&毕业,广州塔4.jpg
\档案馆\2016-2019 高中\高三六\高考&毕业,广州塔5.jpg
\档案馆\2016-2019 高中\高三六\高考&毕业,高考外语口试成绩.png
\档案馆\2016-2019 高中\高三六\高考&毕业,高考1.jpg
\档案馆\2016-2019 高中\高三六\高考&毕业,广州塔6.jpg
\档案馆\2016-2019 高中\高三六\高考&毕业,高考成绩.png
\档案馆\2016-2019 高中\高三六\高考&毕业,送给大勇.jpg
\档案馆\2016-2019 高中\高三六\高考&毕业,高考2.jpg
\档案馆\2016-2019 高中\高三六\高考&毕业,高考录取信息.jpg
\档案馆\2016-2019 高中\高三六\高考&毕业,广州塔3.jpg
\档案馆\2016-2019 高中\高三六\高考&毕业,谢师宴1.jpg
\档案馆\2016-2019 高中\高三六\高考&毕业,一月市一检信息.jpg
\档案馆\2016-2019 高中\高三六\高考&毕业,口试报名 2.png
\档案馆\2016-2019 高中\高三六\高考&毕业,口试报名 1.png
\档案馆\2016-2019 高中\高三六\高考&毕业,广州塔2.jpg
\档案馆\2016-2019 高中\高三六\高考&毕业,广州塔1.jpg
\档案馆\2016-2019 高中\高三六,高三运动会
\档案馆\2016-2019 高中\高三六\高三运动会,比赛录像
\档案馆\2016-2019 高中\高三六\高三运动会\比赛录像,混合12·100接力1.MOV
\档案馆\2016-2019 高中\高三六\高三运动会\比赛录像,混合12·100接力2.mp4
\档案馆\2016-2019 高中\高三六\高三运动会\比赛录像,混合12·100接力3.mp4
\档案馆\2016-2019 高中\高三六\高三运动会\比赛录像,男子400接力4.mp4
\档案馆\2016-2019 高中\高三六\高三运动会\比赛录像,女子400接力2.mp4
\档案馆\2016-2019 高中\高三六\高三运动会\比赛录像,男子400接力3.MOV
\档案馆\2016-2019 高中\高三六\高三运动会\比赛录像,女子400接力1.mp4
\档案馆\2016-2019 高中\高三六\高三运动会\比赛录像,男子400接力2.MOV
\档案馆\2016-2019 高中\高三六\高三运动会\比赛录像,男子400接力1.MOV
\档案馆\2016-2019 高中\高三六\高三运动会,赢得没毛病以及飘了的陈焱.jpg
\档案馆\2016-2019 高中\高三六\高三运动会,陈焱破天荒两天发了六条朋友圈，在群里也很活跃，从没看他在社交软件上如此活跃.png
\档案馆\2016-2019 高中\高三六\高三运动会,这人很了解陈焱.jpg
\档案馆\2016-2019 高中\高三六\高三运动会,比赛9.JPG
\档案馆\2016-2019 高中\高三六\高三运动会,比赛8.JPG
\档案馆\2016-2019 高中\高三六\高三运动会,比赛6.jpg
\档案馆\2016-2019 高中\高三六\高三运动会,比赛5.jpg
\档案馆\2016-2019 高中\高三六\高三运动会,比赛12.jpg
\档案馆\2016-2019 高中\高三六\高三运动会,比赛4.jpg
\档案馆\2016-2019 高中\高三六\高三运动会,比赛7.jpg
\档案馆\2016-2019 高中\高三六\高三运动会,比赛3.jpg
\档案馆\2016-2019 高中\高三六\高三运动会,比赛10.JPG
\档案馆\2016-2019 高中\高三六\高三运动会,比赛1.jpg
\档案馆\2016-2019 高中\高三六\高三运动会,我就出镜了腿.png
\档案馆\2016-2019 高中\高三六\高三运动会,比赛11.jpg
\档案馆\2016-2019 高中\高三六\高三运动会,班牌.jpg
\档案馆\2016-2019 高中\高三六\高三运动会,男生们的衣服哈哈哈.png
\档案馆\2016-2019 高中\高三六\高三运动会,说我腿又细又白！.png
\档案馆\2016-2019 高中\高三六\高三运动会,老师们2.jpg
\档案馆\2016-2019 高中\高三六\高三运动会,确实，啥都差一点.png
\档案馆\2016-2019 高中\高三六\高三运动会,比赛2.jpg
\档案馆\2016-2019 高中\高三六\高三运动会,班级.jpg
\档案馆\2016-2019 高中\高三六\高三运动会,真的要给高一吹死，陈焱自己说的，一般拿第一的都是文科班，难得有个理科班哈哈哈.png
\档案馆\2016-2019 高中\高三六\高三运动会,老师们3.jpg
\档案馆\2016-2019 高中\高三六\高三运动会,老师们1.jpg
\档案馆\2016-2019 高中\高三六\高三运动会,合照9.jpg
\档案馆\2016-2019 高中\高三六\高三运动会,总分表.jpg
\档案馆\2016-2019 高中\高三六\高三运动会,合照6.jpg
\档案馆\2016-2019 高中\高三六\高三运动会,我是典礼一员诶.png
\档案馆\2016-2019 高中\高三六\高三运动会,心疼航拍一秒钟.png
\档案馆\2016-2019 高中\高三六\高三运动会,快到让人崩溃，甩七八十米不是开玩笑.jpg
\档案馆\2016-2019 高中\高三六\高三运动会,就是快.png
\档案馆\2016-2019 高中\高三六\高三运动会,奖状3.jpg
\档案馆\2016-2019 高中\高三六\高三运动会,我们班实力围观.png
\档案馆\2016-2019 高中\高三六\高三运动会,奖状2.jpg
\档案馆\2016-2019 高中\高三六\高三运动会,合照15.jpg
\档案馆\2016-2019 高中\高三六\高三运动会,奖状1.jpg
\档案馆\2016-2019 高中\高三六\高三运动会,合照1.jpg
\档案馆\2016-2019 高中\高三六\高三运动会,团结！.png
\档案馆\2016-2019 高中\高三六\高三运动会,合照5.jpg
\档案馆\2016-2019 高中\高三六\高三运动会,合照16.jpg
\档案馆\2016-2019 高中\高三六\高三运动会,哈哈哈我的脚.png
\档案馆\2016-2019 高中\高三六\高三运动会,唯一！.png
\档案馆\2016-2019 高中\高三六\高三运动会,合照4.jpg
\档案馆\2016-2019 高中\高三六\高三运动会,合照17.jpg
\档案馆\2016-2019 高中\高三六\高三运动会,合照3.jpg
\档案馆\2016-2019 高中\高三六\高三运动会,合照8.jpg
\档案馆\2016-2019 高中\高三六\高三运动会,合照7.jpg
\档案馆\2016-2019 高中\高三六\高三运动会,合照2.jpg
\档案馆\2016-2019 高中\高三六\高三运动会,合照13.jpg
\档案馆\2016-2019 高中\高三六\高三运动会,合照14.jpg
\档案馆\2016-2019 高中\高三六\高三运动会,合照11.jpg
\档案馆\2016-2019 高中\高三六\高三运动会,“终于”哈哈哈，他从教几十年第一次拿第一哈哈哈.png
\档案馆\2016-2019 高中\高三六\高三运动会,合照10.jpg
\档案馆\2016-2019 高中\高三六\高三运动会,他们在讨论我和肌肉.png
\档案馆\2016-2019 高中\高三六\高三运动会,原来不只是我以为拍粗了啊.png
\档案馆\2016-2019 高中\高三六\高三运动会,合照12.jpg
\档案馆\2016-2019 高中\高三六,陈宇豪生日，送了他一个模型船，在他家，四个人，拼到凌晨
\档案馆\2016-2019 高中\高三六\陈宇豪生日，送了他一个模型船，在他家，四个人，拼到凌晨,6.jpg
\档案馆\2016-2019 高中\高三六\陈宇豪生日，送了他一个模型船，在他家，四个人，拼到凌晨,4.jpg
\档案馆\2016-2019 高中\高三六\陈宇豪生日，送了他一个模型船，在他家，四个人，拼到凌晨,5.jpg
\档案馆\2016-2019 高中\高三六\陈宇豪生日，送了他一个模型船，在他家，四个人，拼到凌晨,3.jpg
\档案馆\2016-2019 高中\高三六\陈宇豪生日，送了他一个模型船，在他家，四个人，拼到凌晨,2.jpg
\档案馆\2016-2019 高中\高三六\陈宇豪生日，送了他一个模型船，在他家，四个人，拼到凌晨,1.jpg
\档案馆\2016-2019 高中\高三六,一堆课程表和考试安排
\档案馆\2016-2019 高中\高三六\一堆课程表和考试安排,高二升高三暑假课程表.jpg
\档案馆\2016-2019 高中\高三六\一堆课程表和考试安排,高三周六上课课表.jpg
\档案馆\2016-2019 高中\高三六\一堆课程表和考试安排,高三上学期课程表.jpg
\档案馆\2016-2019 高中\高三六,高二升高三暑假，在摩玛咖啡写暑假作业.jpg
\档案馆\2016-2019 高中\高三六,高中最后一个生日 2.png
\档案馆\2016-2019 高中\高三六,高二升高三的暑假......两个无聊的老师.png
\档案馆\2016-2019 高中\高三六,高中最后一个生日 1.png
\档案馆\2016-2019 高中\高三六,画手2-3.jpg
\档案馆\2016-2019 高中\高三六,画手2-2.jpg
\档案馆\2016-2019 高中\高三六,画手2-1.jpg
\档案馆\2016-2019 高中\高三六,画手1-1.jpg
\档案馆\2016-2019 高中\高三六,地铁跑酷超厉害 1.png
\档案馆\2016-2019 高中\高三六,心理测试.png
\档案馆\2016-2019 高中\高三六,同学拍大勇抽烟.mp4
\档案馆\2016-2019 高中\高三六,地铁跑酷超厉害 2.png
\档案馆\2016-2019 高中\高三六,画手1-2.jpg
\档案馆\2016-2019 高中\高三六,晚自习的学校 1.jpg
\档案馆\2016-2019 高中\高三六,喊楼前.jpg
\档案馆\2016-2019 高中\高三六,晚自习的学校 2.jpg
\档案馆\2016-2019 高中\高三六,2011福州十八中科藝節《深呼吸》陳焱&孙雷——意外在网上发现陈焱以前唱歌的视频.mp4
\档案馆\2016-2019 高中\高三六,哈哈哈 2.png
\档案馆\2016-2019 高中\高三六,cy—2019.1.12—截图于2019.1.13.png
\档案馆\2016-2019 高中\高三六,哈哈哈 1.png
\档案馆\2016-2019 高中,志愿者
\档案馆\2016-2019 高中\志愿者,高一上和严龙萍在西湖.jpg
\档案馆\2016-2019 高中\志愿者,三坊七巷家风家训馆 2.jpg
\档案馆\2016-2019 高中\志愿者,三坊七巷家风家训馆 1.jpg
\档案馆\2016-2019 高中,高一十
\档案馆\2016-2019 高中\高一十,我和雷杰，高一同桌.jpg
\档案馆\2016-2019 高中\高一十,汉服.jpg
\档案馆\2016-2019 高中\高一十,乌山自拍，人生第一张自拍.jpg
\档案馆\2016-2019 高中\高一十,三坊七巷油纸伞展览.jpg
\档案馆\2016-2019 高中\高一十,游戏城投篮.jpg
\档案馆\2016-2019 高中\高一十,国旗下讲话--内容（高一时候干的事）.doc
\档案馆\2016-2019 高中\高一十,第一幅如此酷的画.jpg
\档案馆\2016-2019 高中\高一十,电子百拼省赛.jpg
\档案馆\2016-2019 高中\高一十,踏春.jpg
\档案馆\2016-2019 高中\高一十,电子百拼名次.jpg
\档案馆\2016-2019 高中\高一十,我和泽姐咏春下课.jpg
\档案馆\2016-2019 高中\高一十,奖牌和奖状.jpg
\档案馆\2016-2019 高中\高一十,志愿者感想.doc
\档案馆\2016-2019 高中\高一十,一月份穿短袖.jpg
\档案馆\2016-2019 高中\高一十,MR.jpg
\档案馆\2016-2019 高中\高一十,(＾－＾)V.jpg
\档案馆\2016-2019 高中\高一十,一夹子抓两个，那只熊送给兰景森了.jpg
\档案馆\2016-2019 高中,卓卷
\档案馆\2016-2019 高中\卓卷,天生我才
\档案馆\2016-2019 高中\卓卷\天生我才,酒店.jpg
\档案馆\2016-2019 高中\卓卷\天生我才,去的时候飞机晚点.jpg
\档案馆\2016-2019 高中\卓卷\天生我才,坐地铁回家.jpg
\档案馆\2016-2019 高中\卓卷,助教 （向骄傲出发）
\档案馆\2016-2019 高中\卓卷\助教 （向骄傲出发）,2.jpg
\档案馆\2016-2019 高中\卓卷\助教 （向骄傲出发）,3.jpg
\档案馆\2016-2019 高中\卓卷\助教 （向骄傲出发）,1.jpg
\档案馆\2016-2019 高中\卓卷,导图.jpg
\档案馆\2016-2019 高中\卓卷,第三次导图展.jpg
\档案馆,2013-2016 初中
\档案馆\2013-2016 初中,零散
\档案馆\2013-2016 初中\零散,8.jpg
\档案馆\2013-2016 初中\零散,9.jpg
\档案馆\2013-2016 初中\零散,第一次密室逃脱前的烤肉 1.jpg
\档案馆\2013-2016 初中\零散,去东山游泳.jpg
\档案馆\2013-2016 初中\零散,第一次密室逃脱前的烤肉 2.jpg
\档案馆\2013-2016 初中\零散,33.jpg
\档案馆\2013-2016 初中\零散,32.jpg
\档案馆\2013-2016 初中\零散,3.jpg
\档案馆\2013-2016 初中\零散,29.jpg
\档案馆\2013-2016 初中\零散,30.jpg
\档案馆\2013-2016 初中\零散,36.jpg
\档案馆\2013-2016 初中\零散,34.jpg
\档案馆\2013-2016 初中\零散,35.jpg
\档案馆\2013-2016 初中\零散,38.jpg
\档案馆\2013-2016 初中\零散,4.jpg
\档案馆\2013-2016 初中\零散,6.jpg
\档案馆\2013-2016 初中\零散,39.jpg
\档案馆\2013-2016 初中\零散,37.jpg
\档案馆\2013-2016 初中\零散,7.jpg
\档案馆\2013-2016 初中\零散,5.jpg
\档案馆\2013-2016 初中\零散,27.jpg
\档案馆\2013-2016 初中\零散,28.jpg
\档案馆\2013-2016 初中\零散,26.jpg
\档案馆\2013-2016 初中\零散,25.jpg
\档案馆\2013-2016 初中\零散,24.jpg
\档案馆\2013-2016 初中\零散,11.jpg
\档案馆\2013-2016 初中\零散,14.jpg
\档案馆\2013-2016 初中\零散,20.jpg
\档案馆\2013-2016 初中\零散,12.jpg
\档案馆\2013-2016 初中\零散,2.jpg
\档案馆\2013-2016 初中\零散,18.jpg
\档案馆\2013-2016 初中\零散,19.jpg
\档案馆\2013-2016 初中\零散,13.jpg
\档案馆\2013-2016 初中\零散,10.jpg
\档案馆\2013-2016 初中\零散,1.jpg
\档案馆\2013-2016 初中\零散,16.jpg
\档案馆\2013-2016 初中\零散,22.jpg
\档案馆\2013-2016 初中\零散,21.jpg
\档案馆\2013-2016 初中\零散,23.jpg
\档案馆\2013-2016 初中\零散,15.jpg
\档案馆\2013-2016 初中\零散,17.jpg
\档案馆\2013-2016 初中,校园
\档案馆\2013-2016 初中\校园,门口的大厅2.jpg
\档案馆\2013-2016 初中\校园,门口的大厅5.jpg
\档案馆\2013-2016 初中\校园,门口的大厅3.jpg
\档案馆\2013-2016 初中\校园,门口的大厅4.jpg
\档案馆\2013-2016 初中\校园,楼梯 1.jpg
\档案馆\2013-2016 初中\校园,楼梯 2.jpg
\档案馆\2013-2016 初中\校园,校门口生物园.jpg
\档案馆\2013-2016 初中\校园,门口的大厅1.jpg
\档案馆\2013-2016 初中\校园,校门口1.jpg
\档案馆\2013-2016 初中\校园,明星墙 2.jpg
\档案馆\2013-2016 初中\校园,校门口2.jpg
\档案馆\2013-2016 初中\校园,综合楼前小空地.jpg
\档案馆\2013-2016 初中\校园,那颗高大的木棉树.jpg
\档案馆\2013-2016 初中\校园,铜盘的楼.jpg
\档案馆\2013-2016 初中\校园,围墙.jpg
\档案馆\2013-2016 初中\校园,小花园.jpg
\档案馆\2013-2016 初中\校园,操场 2.jpg
\档案馆\2013-2016 初中\校园,我最后的位置.jpg
\档案馆\2013-2016 初中\校园,图书馆，会议厅都在的楼.jpg
\档案馆\2013-2016 初中\校园,明星墙 1.jpg
\档案馆\2013-2016 初中\校园,大厅上楼的楼梯.jpg
\档案馆\2013-2016 初中\校园,大厅里报告厅.jpg
\档案馆\2013-2016 初中\校园,办公楼与高中楼.jpg
\档案馆\2013-2016 初中\校园,操场 1.jpg
\档案馆\2013-2016 初中\校园,初中楼 1.jpg
\档案馆\2013-2016 初中\校园,初三老师办公室.jpg
\档案馆\2013-2016 初中\校园,初中楼一楼.jpg
\档案馆\2013-2016 初中\校园,初中楼 2.jpg
\档案馆\2013-2016 初中\校园,初中楼前 2.jpg
\档案馆\2013-2016 初中\校园,初中楼前 3.jpg
\档案馆\2013-2016 初中\校园,初中楼前 5.jpg
\档案馆\2013-2016 初中\校园,初三五教室3.jpg
\档案馆\2013-2016 初中\校园,初中楼前 4.jpg
\档案馆\2013-2016 初中\校园,初中楼前 1.jpg
\档案馆\2013-2016 初中\校园,初三五教室2.jpg
\档案馆\2013-2016 初中\校园,休息的长椅.jpg
\档案馆\2013-2016 初中\校园,从楼上看操场.jpg
\档案馆\2013-2016 初中\校园,五楼的廊桥3.jpg
\档案馆\2013-2016 初中\校园,五楼的廊桥1.jpg
\档案馆\2013-2016 初中\校园,初三五教室1.jpg
\档案馆\2013-2016 初中\校园,五楼的廊桥2.jpg
\档案馆\2013-2016 初中\校园,初三五.jpg
\档案馆\2013-2016 初中\校园,公告栏.jpg
\档案馆\2013-2016 初中\校园,初一办公室门口.jpg
\档案馆\2013-2016 初中\校园,五楼入口.jpg
\档案馆\2013-2016 初中\校园,一楼去往小卖部的路 1.jpg
\档案馆\2013-2016 初中\校园,一楼去往小卖部的路 2.jpg
\档案馆\2013-2016 初中,卓卷
\档案馆\2013-2016 初中\卓卷,丽江志行天下
\档案馆\2013-2016 初中\卓卷\丽江志行天下,印象丽江.mp4
\档案馆\2013-2016 初中\卓卷\丽江志行天下,玉液湖.jpg
\档案馆\2013-2016 初中\卓卷\丽江志行天下,耶.jpg
\档案馆\2013-2016 初中\卓卷\丽江志行天下,营地我房间门口.jpg
\档案馆\2013-2016 初中\卓卷\丽江志行天下,机场2.jpg
\档案馆\2013-2016 初中\卓卷\丽江志行天下,机场1.jpg
\档案馆\2013-2016 初中\卓卷\丽江志行天下,机场3.jpg
\档案馆\2013-2016 初中\卓卷\丽江志行天下,印象丽江.jpg
\档案馆\2013-2016 初中\卓卷,助教
\档案馆\2013-2016 初中\卓卷\助教,黑客发给我的第一次当助教照片.jpg
\档案馆\2013-2016 初中\卓卷\助教,第一次当助教帮忙画导图.jpg
\档案馆\2013-2016 初中\卓卷\助教,第二次当助教.jpg
\档案馆\2013-2016 初中\卓卷\助教,第一次当助教，mary是学员.jpg
\档案馆\2013-2016 初中\卓卷\助教,第二次当助教口诀.jpg
\档案馆\2013-2016 初中\卓卷\助教,第一次当助教.jpg
\档案馆\2013-2016 初中\卓卷,一阶
\档案馆\2013-2016 初中\卓卷\一阶,结营典礼
\档案馆\2013-2016 初中\卓卷\一阶\结营典礼,8.3gp
\档案馆\2013-2016 初中\卓卷\一阶\结营典礼,1.mp4
\档案馆\2013-2016 初中\卓卷\一阶\结营典礼,2.3gp
\档案馆\2013-2016 初中\卓卷\一阶\结营典礼,4.3gp
\档案馆\2013-2016 初中\卓卷\一阶\结营典礼,3.3gp
\档案馆\2013-2016 初中\卓卷\一阶\结营典礼,5.3gp
\档案馆\2013-2016 初中\卓卷\一阶\结营典礼,9.3gp
\档案馆\2013-2016 初中\卓卷\一阶\结营典礼,11.3gp
\档案馆\2013-2016 初中\卓卷\一阶\结营典礼,6.3gp
\档案馆\2013-2016 初中\卓卷\一阶\结营典礼,7.3gp
\档案馆\2013-2016 初中\卓卷\一阶\结营典礼,10.3gp
\档案馆\2013-2016 初中\卓卷\一阶,采访.jpg
\档案馆\2013-2016 初中\卓卷\一阶,桂林山水.jpg
\档案馆\2013-2016 初中\卓卷\一阶,superbear.jpg
\档案馆\2013-2016 初中\卓卷\一阶,大象.jpg
\档案馆\2013-2016 初中\卓卷,三阶
\档案馆\2013-2016 初中\卓卷\三阶,梦中的婚礼2.jpg
\档案馆\2013-2016 初中\卓卷\三阶,梦中的婚礼1.jpg
\档案馆\2013-2016 初中\卓卷\三阶,梦中的婚礼3.jpg
\档案馆\2013-2016 初中\卓卷\三阶,到达北京.jpg
\档案馆\2013-2016 初中\卓卷,圣诞节 1.mp4
\档案馆\2013-2016 初中\卓卷,圣诞节 2.jpg
\档案馆\2013-2016 初中\卓卷,天天向上 2.jpg
\档案馆\2013-2016 初中\卓卷,天天向上 3.jpg
\档案馆\2013-2016 初中\卓卷,天天向上 1.jpg
\档案馆\2013-2016 初中\卓卷,天天向上 5.jpg
\档案馆\2013-2016 初中\卓卷,无聊导图.jpg
\档案馆\2013-2016 初中\卓卷,体验课 1.jpg
\档案馆\2013-2016 初中\卓卷,体验课 2.jpg
\档案馆\2013-2016 初中,初一五
\档案馆\2013-2016 初中\初一五,军训（马保）
\档案馆\2013-2016 初中\初一五\军训（马保）,合照2.jpg
\档案馆\2013-2016 初中\初一五\军训（马保）,最后几天的彩排.jpg
\档案馆\2013-2016 初中\初一五\军训（马保）,军训进行时.jpg
\档案馆\2013-2016 初中\初一五\军训（马保）,合照1.jpg
\档案馆\2013-2016 初中\初一五,乔登
\档案馆\2013-2016 初中\初一五\乔登,马2.jpg
\档案馆\2013-2016 初中\初一五\乔登,刨坑 2.jpg
\档案馆\2013-2016 初中\初一五\乔登,我种的树.jpg
\档案馆\2013-2016 初中\初一五\乔登,刨坑 3.jpg
\档案馆\2013-2016 初中\初一五\乔登,刨坑 4.jpg
\档案馆\2013-2016 初中\初一五\乔登,磨豆浆.jpg
\档案馆\2013-2016 初中\初一五\乔登,James.jpg
\档案馆\2013-2016 初中\初一五\乔登,Jamie和James.jpg
\档案馆\2013-2016 初中\初一五\乔登,我钓的鱼.jpg
\档案馆\2013-2016 初中\初一五\乔登,刨坑 1.jpg
\档案馆\2013-2016 初中\初一五\乔登,马1.jpg
\档案馆\2013-2016 初中\初一五\乔登,走走走.jpg
\档案馆\2013-2016 初中\初一五\乔登,班级.jpg
\档案馆\2013-2016 初中\初一五\乔登,这里有只花.jpg
\档案馆\2013-2016 初中\初一五,吉他表演.jpg
\档案馆\2013-2016 初中\初一五,英语老师.jpg
\档案馆\2013-2016 初中\初一五,运动会.jpg
\档案馆\2013-2016 初中\初一五,上课.jpg
\档案馆\2013-2016 初中,初二五
\档案馆\2013-2016 初中\初二五,福州魔方赛，第一次参赛
\档案馆\2013-2016 初中\初二五\福州魔方赛，第一次参赛,三阶 1.mp4
\档案馆\2013-2016 初中\初二五\福州魔方赛，第一次参赛,三阶 2.mp4
\档案馆\2013-2016 初中\初二五\福州魔方赛，第一次参赛,金字塔.mp4
\档案馆\2013-2016 初中\初二五\福州魔方赛，第一次参赛,二阶.mp4
\档案馆\2013-2016 初中\初二五\福州魔方赛，第一次参赛,成绩.png
\档案馆\2013-2016 初中\初二五\福州魔方赛，第一次参赛,等.jpg
\档案馆\2013-2016 初中\初二五\福州魔方赛，第一次参赛,2015WCA福州魔方公开赛.jpg
\档案馆\2013-2016 初中\初二五\福州魔方赛，第一次参赛,斜转ok.jpg
\档案馆\2013-2016 初中\初二五,师大二附中模联
\档案馆\2013-2016 初中\初二五\师大二附中模联,结束后.jpg
\档案馆\2013-2016 初中\初二五\师大二附中模联,我和我的高二助理.jpg
\档案馆\2013-2016 初中\初二五\师大二附中模联,开始前.jpg
\档案馆\2013-2016 初中\初二五,我和喵喵.jpg
\档案馆\2013-2016 初中\初二五,军训（龙翔）宿舍发癫.JPG
\档案馆\2013-2016 初中\初二五,会考前白羊发短信鼓励.jpg
\档案馆\2013-2016 初中,初三五
\档案馆\2013-2016 初中\初三五,班班有歌声
\档案馆\2013-2016 初中\初三五\班班有歌声,班班有歌声2.mp4
\档案馆\2013-2016 初中\初三五\班班有歌声,班班有歌声1.mp4
\档案馆\2013-2016 初中\初三五\班班有歌声,合唱.jpg
\档案馆\2013-2016 初中\初三五,中考&毕业
\档案馆\2013-2016 初中\初三五\中考&毕业,5班语文小题得分.xls
\档案馆\2013-2016 初中\初三五\中考&毕业,毕业典礼 2.jpg
\档案馆\2013-2016 初中\初三五\中考&毕业,初三成绩表.xls
\档案馆\2013-2016 初中\初三五\中考&毕业,毕业典礼 1.jpg
\档案馆\2013-2016 初中\初三五\中考&毕业,谢师宴.jpg
\档案馆\2013-2016 初中\初三五\中考&毕业,新目标 2.jpg
\档案馆\2013-2016 初中\初三五\中考&毕业,新目标 1.jpg
\档案馆\2013-2016 初中\初三五\中考&毕业,中考成绩.png
\档案馆\2013-2016 初中\初三五\中考&毕业,5班小题得分.xls
\档案馆\2013-2016 初中\初三五,小物件
\档案馆\2013-2016 初中\初三五\小物件,校卡的窝 3.jpg
\档案馆\2013-2016 初中\初三五\小物件,校卡的窝 2.jpg
\档案馆\2013-2016 初中\初三五\小物件,英语书恶搞.jpg
\档案馆\2013-2016 初中\初三五\小物件,校服.jpg
\档案馆\2013-2016 初中\初三五\小物件,政治书恶搞.jpg
\档案馆\2013-2016 初中\初三五\小物件,书桌.jpg
\档案馆\2013-2016 初中\初三五\小物件,校卡的窝 1.jpg
\档案馆\2013-2016 初中\初三五,课程表.jpg
\档案馆\2013-2016 初中\初三五,运动会，在文博.jpg
\档案馆,2007-2013 小学
\档案馆\2007-2013 小学,英语演讲比赛.mp4
\档案馆\2007-2013 小学,三牧自主招生.jpg
\档案馆\2007-2013 小学,电子琴考级证书.jpg
\档案馆\2007-2013 小学,第一张身份证.jpg
\档案馆\2007-2013 小学,跆拳道比赛1.jpg
\档案馆\2007-2013 小学,中考准考证.jpg
\档案馆\2007-2013 小学,跆拳道比赛2.jpg
\档案馆\2007-2013 小学,IMG_20240316_072416.jpg
\档案馆,2001-2006 学龄前
\档案馆\2001-2006 学龄前,IMG_20220209_231028.jpg
\档案馆\2001-2006 学龄前,IMG_20220209_223549.jpg
\档案馆\2001-2006 学龄前,IMG_20220209_224001.jpg
\档案馆\2001-2006 学龄前,IMG_20220209_224652.jpg
\档案馆\2001-2006 学龄前,IMG_20220209_224452.jpg
\档案馆\2001-2006 学龄前,IMG_20220209_222858.jpg
\档案馆\2001-2006 学龄前,IMG_20220209_230939.jpg
\档案馆\2001-2006 学龄前,mmexport1687676512556.jpg
\档案馆\2001-2006 学龄前,IMG_20220209_225532.jpg
\写点东西,诗句
\写点东西\诗句,句子.docx
\写点东西\诗句,打油诗.docx
\写点东西,梦
\写点东西\梦,孤狼.docx
\写点东西\梦,柏树.docx
