所在文件夹,文件名,文件大小(KB),文件夹总大小(KB),文件夹文件总数
H:\核心存储\B站视频,10_20240508_沉浸观察：吃饱喝足伸懒腰——从吃到睡需要绕场一周_20260327.mp4,325226.9,7982905.46,27
H:\核心存储\B站视频,11_20240508_沉浸观察：仓鼠重要日程——藏宝+口水浴_20260327.mp4,858585.15,7982905.46,27
H:\核心存储\B站视频,12_20240509_仓鼠脑子小，所以呆呆的_20260330.mp4,807071.65,7982905.46,27
H:\核心存储\B站视频,13_20240509_沉浸观察：仓鼠激情跑步，夜间活动速度超快_20260403.mp4,310704.18,7982905.46,27
H:\核心存储\B站视频,14_20240509_沉浸观察：仓鼠吃饭——是在玩，还是想把大块食物摔碎，也可能是想把不爱吃的扔掉_20260405.mp4,278592.86,7982905.46,27
H:\核心存储\B站视频,15_20240510_伸懒腰，喝水，钻纸筒，睡跑盘_20260405.mp4,73691.23,7982905.46,27
H:\核心存储\B站视频,16_20240510_沉浸观察：鼠牌小马达_20260408.mp4,177050.9,7982905.46,27
H:\核心存储\B站视频,17_20240511_只用单边颊囊的蓬松小鼠_20260410.mp4,164511.47,7982905.46,27
H:\核心存储\B站视频,18_20240512_苹果枝调戏小仓鼠_20260416.mp4,194493.84,7982905.46,27
H:\核心存储\B站视频,19_20240512_仓鼠是用鼻子探索世界的_20260417.mp4,126497.86,7982905.46,27
H:\核心存储\B站视频,1_20240425~20240427_因为木有耳朵，所以叫木耳_20260320.mp4,283649.09,7982905.46,27
H:\核心存储\B站视频,20_20240512_仓鼠和纸筒较劲_20260417.mp4,118117.94,7982905.46,27
H:\核心存储\B站视频,21_20240512_外带杯托可以拿给仓鼠玩_20260417.mp4,70026.59,7982905.46,27
H:\核心存储\B站视频,22_20240513_探索世界未半而中道找地睡觉_20260418.mp4,217203.85,7982905.46,27
H:\核心存储\B站视频,23_20240512_沉浸观察：比起堂食还是更喜欢打包_20260419.mp4,273596.34,7982905.46,27
H:\核心存储\B站视频,24_20240513~20240514_打呵欠，睡大觉，鼠鼠的日常就是自在_20260419.mp4,449476.75,7982905.46,27
H:\核心存储\B站视频,25_20240514_沉浸观察：不知道一晚上能发几度电的四驱肥瓜子_20260419.mp4,288444.5,7982905.46,27
H:\核心存储\B站视频,26_20240514_沉浸观察：有新粮就不吃旧屎了_20260501.mp4,993502.84,7982905.46,27
H:\核心存储\B站视频,2_20240428~20240429_换了收纳箱，买了磨牙棒，用闲置早餐机的烤盘当冰垫_20260322.mp4,198020.89,7982905.46,27
H:\核心存储\B站视频,3_20240429_沉浸观察：吃→自清洁→吃→睡觉预备_20260322.mp4,338427.87,7982905.46,27
H:\核心存储\B站视频,4_20240430~20240501_风吹草动先翘脚_20260324.mp4,125249.8,7982905.46,27
H:\核心存储\B站视频,5_20240501_天朗气清好睡觉——仓鼠的花样睡姿_20260324.mp4,90000.49,7982905.46,27
H:\核心存储\B站视频,6_20240501_沉浸观察：揉揉脸，动动嘴，原地进食4分钟_20260324.mp4,795765.63,7982905.46,27
H:\核心存储\B站视频,7_20240502~20240503_刚认识没多久，看什么都新鲜，喝水也能看很久_20260325.mp4,78618.59,7982905.46,27
H:\核心存储\B站视频,8_20240504~20240507_仓鼠的脑袋里也有烦恼吗_20260325.mp4,249296.32,7982905.46,27
H:\核心存储\B站视频,9_20240508~20240509_鼠生就是吃吃睡睡洗洗动动_20260327.mp4,97081.94,7982905.46,27
H:\核心存储\B站视频,视频序号_拍摄日期_视频标题_剪辑日期.txt,0.0,7982905.46,27
H:\核心存储\B站视频\剪映BGM工程文件截图,10.png,961.75,18830.47,21
H:\核心存储\B站视频\剪映BGM工程文件截图,12.png,793.93,18830.47,21
H:\核心存储\B站视频\剪映BGM工程文件截图,14-1.png,1002.36,18830.47,21
H:\核心存储\B站视频\剪映BGM工程文件截图,14-2.png,1002.69,18830.47,21
H:\核心存储\B站视频\剪映BGM工程文件截图,15.png,921.93,18830.47,21
H:\核心存储\B站视频\剪映BGM工程文件截图,16.png,608.5,18830.47,21
H:\核心存储\B站视频\剪映BGM工程文件截图,18.png,1278.14,18830.47,21
H:\核心存储\B站视频\剪映BGM工程文件截图,23.png,1311.2,18830.47,21
H:\核心存储\B站视频\剪映BGM工程文件截图,24.png,674.47,18830.47,21
H:\核心存储\B站视频\剪映BGM工程文件截图,26-1.png,867.94,18830.47,21
H:\核心存储\B站视频\剪映BGM工程文件截图,26-2.png,815.43,18830.47,21
H:\核心存储\B站视频\剪映BGM工程文件截图,26-3.png,817.98,18830.47,21
H:\核心存储\B站视频\剪映BGM工程文件截图,26-4.png,829.88,18830.47,21
H:\核心存储\B站视频\剪映BGM工程文件截图,26-5.png,727.32,18830.47,21
H:\核心存储\B站视频\剪映BGM工程文件截图,26-6.png,810.67,18830.47,21
H:\核心存储\B站视频\剪映BGM工程文件截图,4.png,900.63,18830.47,21
H:\核心存储\B站视频\剪映BGM工程文件截图,5.png,859.27,18830.47,21
H:\核心存储\B站视频\剪映BGM工程文件截图,6.png,902.62,18830.47,21
H:\核心存储\B站视频\剪映BGM工程文件截图,7.png,923.63,18830.47,21
H:\核心存储\B站视频\剪映BGM工程文件截图,8.png,920.83,18830.47,21
H:\核心存储\B站视频\剪映BGM工程文件截图,9.png,899.3,18830.47,21
H:\核心存储\写点东西\梦,孤狼.docx,17.99,33.55,2
H:\核心存储\写点东西\梦,柏树.docx,15.56,33.55,2
H:\核心存储\写点东西\诗句,句子.docx,14.49,27.85,2
H:\核心存储\写点东西\诗句,打油诗.docx,13.36,27.85,2
H:\核心存储\收藏馆（核心馆）\博物馆\上海博物馆\中国古代青铜器,20260223_140352.jpg,1785.27,64114.9,39
H:\核心存储\收藏馆（核心馆）\博物馆\上海博物馆\中国古代青铜器,20260223_140430.jpg,919.07,64114.9,39
H:\核心存储\收藏馆（核心馆）\博物馆\上海博物馆\中国古代青铜器,20260223_140517.jpg,2193.24,64114.9,39
H:\核心存储\收藏馆（核心馆）\博物馆\上海博物馆\中国古代青铜器,20260223_140803.jpg,1699.97,64114.9,39
H:\核心存储\收藏馆（核心馆）\博物馆\上海博物馆\中国古代青铜器,20260223_140833.jpg,1639.14,64114.9,39
H:\核心存储\收藏馆（核心馆）\博物馆\上海博物馆\中国古代青铜器,20260223_141140.jpg,1983.98,64114.9,39
H:\核心存储\收藏馆（核心馆）\博物馆\上海博物馆\中国古代青铜器,20260223_141245.jpg,1765.96,64114.9,39
H:\核心存储\收藏馆（核心馆）\博物馆\上海博物馆\中国古代青铜器,20260223_141316.jpg,1457.75,64114.9,39
H:\核心存储\收藏馆（核心馆）\博物馆\上海博物馆\中国古代青铜器,20260223_141322.jpg,1497.87,64114.9,39
H:\核心存储\收藏馆（核心馆）\博物馆\上海博物馆\中国古代青铜器,20260223_141329.jpg,1455.95,64114.9,39
H:\核心存储\收藏馆（核心馆）\博物馆\上海博物馆\中国古代青铜器,20260223_141403.jpg,1667.66,64114.9,39
H:\核心存储\收藏馆（核心馆）\博物馆\上海博物馆\中国古代青铜器,20260223_141433.jpg,1654.01,64114.9,39
H:\核心存储\收藏馆（核心馆）\博物馆\上海博物馆\中国古代青铜器,20260223_141551.jpg,2221.08,64114.9,39
H:\核心存储\收藏馆（核心馆）\博物馆\上海博物馆\中国古代青铜器,20260223_141609.jpg,1339.57,64114.9,39
H:\核心存储\收藏馆（核心馆）\博物馆\上海博物馆\中国古代青铜器,20260223_141703.jpg,1948.31,64114.9,39
H:\核心存储\收藏馆（核心馆）\博物馆\上海博物馆\中国古代青铜器,20260223_141852.jpg,1951.14,64114.9,39
H:\核心存储\收藏馆（核心馆）\博物馆\上海博物馆\中国古代青铜器,20260223_141921.jpg,1763.77,64114.9,39
H:\核心存储\收藏馆（核心馆）\博物馆\上海博物馆\中国古代青铜器,20260223_142033.jpg,2043.77,64114.9,39
H:\核心存储\收藏馆（核心馆）\博物馆\上海博物馆\中国古代青铜器,20260223_142124.jpg,1674.77,64114.9,39
H:\核心存储\收藏馆（核心馆）\博物馆\上海博物馆\中国古代青铜器,20260223_142158.jpg,1772.9,64114.9,39
H:\核心存储\收藏馆（核心馆）\博物馆\上海博物馆\中国古代青铜器,20260223_142218.jpg,1685.06,64114.9,39
H:\核心存储\收藏馆（核心馆）\博物馆\上海博物馆\中国古代青铜器,20260223_142301.jpg,2075.77,64114.9,39
H:\核心存储\收藏馆（核心馆）\博物馆\上海博物馆\中国古代青铜器,20260223_142412.jpg,1845.47,64114.9,39
H:\核心存储\收藏馆（核心馆）\博物馆\上海博物馆\中国古代青铜器,20260223_142445.jpg,2391.82,64114.9,39
H:\核心存储\收藏馆（核心馆）\博物馆\上海博物馆\中国古代青铜器,20260223_142604.jpg,1744.55,64114.9,39
H:\核心存储\收藏馆（核心馆）\博物馆\上海博物馆\中国古代青铜器,20260223_142609.jpg,1567.81,64114.9,39
H:\核心存储\收藏馆（核心馆）\博物馆\上海博物馆\中国古代青铜器,20260223_142628.jpg,1493.66,64114.9,39
H:\核心存储\收藏馆（核心馆）\博物馆\上海博物馆\中国古代青铜器,20260223_142724.jpg,785.5,64114.9,39
H:\核心存储\收藏馆（核心馆）\博物馆\上海博物馆\中国古代青铜器,20260223_142750.jpg,1668.08,64114.9,39
H:\核心存储\收藏馆（核心馆）\博物馆\上海博物馆\中国古代青铜器,20260223_142900.jpg,1394.7,64114.9,39
H:\核心存储\收藏馆（核心馆）\博物馆\上海博物馆\中国古代青铜器,20260223_142907.jpg,1393.2,64114.9,39
H:\核心存储\收藏馆（核心馆）\博物馆\上海博物馆\中国古代青铜器,20260223_142912.jpg,1359.28,64114.9,39
H:\核心存储\收藏馆（核心馆）\博物馆\上海博物馆\中国古代青铜器,20260223_142940.jpg,1202.82,64114.9,39
H:\核心存储\收藏馆（核心馆）\博物馆\上海博物馆\中国古代青铜器,20260223_143014.jpg,1691.29,64114.9,39
H:\核心存储\收藏馆（核心馆）\博物馆\上海博物馆\中国古代青铜器,20260223_143040.jpg,2195.45,64114.9,39
H:\核心存储\收藏馆（核心馆）\博物馆\上海博物馆\中国古代青铜器,20260223_143231.jpg,1117.72,64114.9,39
H:\核心存储\收藏馆（核心馆）\博物馆\上海博物馆\中国古代青铜器,20260223_143254.jpg,1668.96,64114.9,39
H:\核心存储\收藏馆（核心馆）\博物馆\上海博物馆\中国古代青铜器,20260223_143310.jpg,1682.32,64114.9,39
H:\核心存储\收藏馆（核心馆）\博物馆\上海博物馆\中国古代青铜器,20260223_143323.jpg,716.25,64114.9,39
H:\核心存储\收藏馆（核心馆）\博物馆\上海博物馆\融古烁新——宋元明清铜器的复古与创新,20260222_134246.jpg,1349.04,61186.59,33
H:\核心存储\收藏馆（核心馆）\博物馆\上海博物馆\融古烁新——宋元明清铜器的复古与创新,20260222_134439.jpg,1114.69,61186.59,33
H:\核心存储\收藏馆（核心馆）\博物馆\上海博物馆\融古烁新——宋元明清铜器的复古与创新,20260222_134641.jpg,1492.64,61186.59,33
H:\核心存储\收藏馆（核心馆）\博物馆\上海博物馆\融古烁新——宋元明清铜器的复古与创新,20260222_135408.jpg,2315.15,61186.59,33
H:\核心存储\收藏馆（核心馆）\博物馆\上海博物馆\融古烁新——宋元明清铜器的复古与创新,20260222_135527.jpg,2385.33,61186.59,33
H:\核心存储\收藏馆（核心馆）\博物馆\上海博物馆\融古烁新——宋元明清铜器的复古与创新,20260222_135746.jpg,2222.33,61186.59,33
H:\核心存储\收藏馆（核心馆）\博物馆\上海博物馆\融古烁新——宋元明清铜器的复古与创新,20260222_135812.jpg,2090.48,61186.59,33
H:\核心存储\收藏馆（核心馆）\博物馆\上海博物馆\融古烁新——宋元明清铜器的复古与创新,20260222_135852.jpg,2418.6,61186.59,33
H:\核心存储\收藏馆（核心馆）\博物馆\上海博物馆\融古烁新——宋元明清铜器的复古与创新,20260222_140233.jpg,1576.53,61186.59,33
H:\核心存储\收藏馆（核心馆）\博物馆\上海博物馆\融古烁新——宋元明清铜器的复古与创新,20260222_140247.jpg,1338.32,61186.59,33
H:\核心存储\收藏馆（核心馆）\博物馆\上海博物馆\融古烁新——宋元明清铜器的复古与创新,20260222_140258.jpg,1450.56,61186.59,33
H:\核心存储\收藏馆（核心馆）\博物馆\上海博物馆\融古烁新——宋元明清铜器的复古与创新,20260222_140316.jpg,1809.42,61186.59,33
H:\核心存储\收藏馆（核心馆）\博物馆\上海博物馆\融古烁新——宋元明清铜器的复古与创新,20260222_140339.jpg,1627.17,61186.59,33
H:\核心存储\收藏馆（核心馆）\博物馆\上海博物馆\融古烁新——宋元明清铜器的复古与创新,20260222_140452.jpg,1967.47,61186.59,33
H:\核心存储\收藏馆（核心馆）\博物馆\上海博物馆\融古烁新——宋元明清铜器的复古与创新,20260222_140544.jpg,1674.54,61186.59,33
H:\核心存储\收藏馆（核心馆）\博物馆\上海博物馆\融古烁新——宋元明清铜器的复古与创新,20260222_140553.jpg,1356.31,61186.59,33
H:\核心存储\收藏馆（核心馆）\博物馆\上海博物馆\融古烁新——宋元明清铜器的复古与创新,20260222_140713.jpg,2114.47,61186.59,33
H:\核心存储\收藏馆（核心馆）\博物馆\上海博物馆\融古烁新——宋元明清铜器的复古与创新,20260222_140750.jpg,1618.44,61186.59,33
H:\核心存储\收藏馆（核心馆）\博物馆\上海博物馆\融古烁新——宋元明清铜器的复古与创新,20260222_140753.jpg,1351.66,61186.59,33
H:\核心存储\收藏馆（核心馆）\博物馆\上海博物馆\融古烁新——宋元明清铜器的复古与创新,20260222_140759.jpg,1658.13,61186.59,33
H:\核心存储\收藏馆（核心馆）\博物馆\上海博物馆\融古烁新——宋元明清铜器的复古与创新,20260222_140828.jpg,1397.82,61186.59,33
H:\核心存储\收藏馆（核心馆）\博物馆\上海博物馆\融古烁新——宋元明清铜器的复古与创新,20260222_140830.jpg,1904.65,61186.59,33
H:\核心存储\收藏馆（核心馆）\博物馆\上海博物馆\融古烁新——宋元明清铜器的复古与创新,20260222_140931.jpg,2219.51,61186.59,33
H:\核心存储\收藏馆（核心馆）\博物馆\上海博物馆\融古烁新——宋元明清铜器的复古与创新,20260222_141023.jpg,2185.51,61186.59,33
H:\核心存储\收藏馆（核心馆）\博物馆\上海博物馆\融古烁新——宋元明清铜器的复古与创新,20260222_141038.jpg,1988.55,61186.59,33
H:\核心存储\收藏馆（核心馆）\博物馆\上海博物馆\融古烁新——宋元明清铜器的复古与创新,20260222_141102.jpg,1556.12,61186.59,33
H:\核心存储\收藏馆（核心馆）\博物馆\上海博物馆\融古烁新——宋元明清铜器的复古与创新,20260222_141148.jpg,1607.93,61186.59,33
H:\核心存储\收藏馆（核心馆）\博物馆\上海博物馆\融古烁新——宋元明清铜器的复古与创新,20260222_141155.jpg,1688.62,61186.59,33
H:\核心存储\收藏馆（核心馆）\博物馆\上海博物馆\融古烁新——宋元明清铜器的复古与创新,20260222_141238.jpg,2557.39,61186.59,33
H:\核心存储\收藏馆（核心馆）\博物馆\上海博物馆\融古烁新——宋元明清铜器的复古与创新,20260222_141331.jpg,2245.77,61186.59,33
H:\核心存储\收藏馆（核心馆）\博物馆\上海博物馆\融古烁新——宋元明清铜器的复古与创新,20260222_141358.jpg,1955.55,61186.59,33
H:\核心存储\收藏馆（核心馆）\博物馆\上海博物馆\融古烁新——宋元明清铜器的复古与创新,20260222_141444.jpg,2469.07,61186.59,33
H:\核心存储\收藏馆（核心馆）\博物馆\上海博物馆\融古烁新——宋元明清铜器的复古与创新,20260222_141453.jpg,2478.82,61186.59,33
H:\核心存储\收藏馆（核心馆）\博物馆\昙石山遗址博物馆,IMG_20231021_115445.jpg,5742.77,38897.66,10
H:\核心存储\收藏馆（核心馆）\博物馆\昙石山遗址博物馆,IMG_20231021_115531.jpg,5282.77,38897.66,10
H:\核心存储\收藏馆（核心馆）\博物馆\昙石山遗址博物馆,IMG_20231021_121344.jpg,3269.54,38897.66,10
H:\核心存储\收藏馆（核心馆）\博物馆\昙石山遗址博物馆,IMG_20231021_121534.jpg,2741.82,38897.66,10
H:\核心存储\收藏馆（核心馆）\博物馆\昙石山遗址博物馆,IMG_20231021_121602.jpg,2553.04,38897.66,10
H:\核心存储\收藏馆（核心馆）\博物馆\昙石山遗址博物馆,IMG_20231021_121758.jpg,2945.23,38897.66,10
H:\核心存储\收藏馆（核心馆）\博物馆\昙石山遗址博物馆,IMG_20231021_122312.jpg,5208.07,38897.66,10
H:\核心存储\收藏馆（核心馆）\博物馆\昙石山遗址博物馆,IMG_20231021_122419.jpg,2748.66,38897.66,10
H:\核心存储\收藏馆（核心馆）\博物馆\昙石山遗址博物馆,IMG_20231021_122433.jpg,4445.75,38897.66,10
H:\核心存储\收藏馆（核心馆）\博物馆\昙石山遗址博物馆,IMG_20231021_125139.jpg,3960.01,38897.66,10
H:\核心存储\收藏馆（核心馆）\博物馆\福建博物院,德化白瓷展入口.jpg,1665.92,2890.62,2
H:\核心存储\收藏馆（核心馆）\博物馆\福建博物院,海上丝绸之路的印记入口.jpg,1224.7,2890.62,2
H:\核心存储\收藏馆（核心馆）\博物馆\福建博物院\大唐盛世 法门珍宝,IMG_20231205_171112.jpg,3324.6,73549.57,22
H:\核心存储\收藏馆（核心馆）\博物馆\福建博物院\大唐盛世 法门珍宝,IMG_20231205_172005.jpg,3827.81,73549.57,22
H:\核心存储\收藏馆（核心馆）\博物馆\福建博物院\大唐盛世 法门珍宝,IMG_20231205_172051.jpg,4239.54,73549.57,22
H:\核心存储\收藏馆（核心馆）\博物馆\福建博物院\大唐盛世 法门珍宝,IMG_20231205_172601.jpg,3285.64,73549.57,22
H:\核心存储\收藏馆（核心馆）\博物馆\福建博物院\大唐盛世 法门珍宝,IMG_20231205_172754.jpg,2369.32,73549.57,22
H:\核心存储\收藏馆（核心馆）\博物馆\福建博物院\大唐盛世 法门珍宝,IMG_20231205_172940.jpg,3387.24,73549.57,22
H:\核心存储\收藏馆（核心馆）\博物馆\福建博物院\大唐盛世 法门珍宝,IMG_20231205_173000.jpg,4582.57,73549.57,22
H:\核心存储\收藏馆（核心馆）\博物馆\福建博物院\大唐盛世 法门珍宝,IMG_20231205_173042.jpg,2666.62,73549.57,22
H:\核心存储\收藏馆（核心馆）\博物馆\福建博物院\大唐盛世 法门珍宝,IMG_20231205_173710.jpg,3940.93,73549.57,22
H:\核心存储\收藏馆（核心馆）\博物馆\福建博物院\大唐盛世 法门珍宝,IMG_20231205_173727.jpg,3622.46,73549.57,22
H:\核心存储\收藏馆（核心馆）\博物馆\福建博物院\大唐盛世 法门珍宝,IMG_20231205_173731.jpg,3308.33,73549.57,22
H:\核心存储\收藏馆（核心馆）\博物馆\福建博物院\大唐盛世 法门珍宝,IMG_20231205_173747.jpg,3997.11,73549.57,22
H:\核心存储\收藏馆（核心馆）\博物馆\福建博物院\大唐盛世 法门珍宝,IMG_20231205_174339.jpg,2405.46,73549.57,22
H:\核心存储\收藏馆（核心馆）\博物馆\福建博物院\大唐盛世 法门珍宝,IMG_20231205_174428.jpg,2380.87,73549.57,22
H:\核心存储\收藏馆（核心馆）\博物馆\福建博物院\大唐盛世 法门珍宝,IMG_20231205_174526.jpg,2141.42,73549.57,22
H:\核心存储\收藏馆（核心馆）\博物馆\福建博物院\大唐盛世 法门珍宝,IMG_20240222_171219.jpg,2803.67,73549.57,22
H:\核心存储\收藏馆（核心馆）\博物馆\福建博物院\大唐盛世 法门珍宝,IMG_20240222_171734.jpg,3505.42,73549.57,22
H:\核心存储\收藏馆（核心馆）\博物馆\福建博物院\大唐盛世 法门珍宝,IMG_20240222_172357.jpg,3263.37,73549.57,22
H:\核心存储\收藏馆（核心馆）\博物馆\福建博物院\大唐盛世 法门珍宝,IMG_20240222_172424.jpg,3378.98,73549.57,22
H:\核心存储\收藏馆（核心馆）\博物馆\福建博物院\大唐盛世 法门珍宝,IMG_20240222_172510.jpg,3659.92,73549.57,22
H:\核心存储\收藏馆（核心馆）\博物馆\福建博物院\大唐盛世 法门珍宝,IMG_20240222_172517.jpg,3483.85,73549.57,22
H:\核心存储\收藏馆（核心馆）\博物馆\福建博物院\大唐盛世 法门珍宝,IMG_20240222_172522.jpg,3974.43,73549.57,22
H:\核心存储\收藏馆（核心馆）\博物馆\福建博物院\宋词里的福建,IMG_20240912_164901.jpg,3596.03,13365.21,4
H:\核心存储\收藏馆（核心馆）\博物馆\福建博物院\宋词里的福建,IMG_20240916_172843.jpg,3410.45,13365.21,4
H:\核心存储\收藏馆（核心馆）\博物馆\福建博物院\宋词里的福建,IMG_20240916_172904.jpg,3340.18,13365.21,4
H:\核心存储\收藏馆（核心馆）\博物馆\福建博物院\宋词里的福建,IMG_20240916_182753.jpg,3018.56,13365.21,4
H:\核心存储\收藏馆（核心馆）\博物馆\福建博物院\故宫·茶世界,IMG_20240103_145452.jpg,2662.0,253647.46,66
H:\核心存储\收藏馆（核心馆）\博物馆\福建博物院\故宫·茶世界,IMG_20240103_150322.jpg,2699.2,253647.46,66
H:\核心存储\收藏馆（核心馆）\博物馆\福建博物院\故宫·茶世界,IMG_20240103_150347.jpg,2123.03,253647.46,66
H:\核心存储\收藏馆（核心馆）\博物馆\福建博物院\故宫·茶世界,IMG_20240103_162156.jpg,2930.1,253647.46,66
H:\核心存储\收藏馆（核心馆）\博物馆\福建博物院\故宫·茶世界,IMG_20240103_163013.jpg,5060.93,253647.46,66
H:\核心存储\收藏馆（核心馆）\博物馆\福建博物院\故宫·茶世界,IMG_20240103_163041.jpg,5296.39,253647.46,66
H:\核心存储\收藏馆（核心馆）\博物馆\福建博物院\故宫·茶世界,IMG_20240103_163149.jpg,5516.42,253647.46,66
H:\核心存储\收藏馆（核心馆）\博物馆\福建博物院\故宫·茶世界,IMG_20240103_163315.jpg,2689.23,253647.46,66
H:\核心存储\收藏馆（核心馆）\博物馆\福建博物院\故宫·茶世界,IMG_20240103_163327.jpg,2743.23,253647.46,66
H:\核心存储\收藏馆（核心馆）\博物馆\福建博物院\故宫·茶世界,IMG_20240103_163553.jpg,3915.48,253647.46,66
H:\核心存储\收藏馆（核心馆）\博物馆\福建博物院\故宫·茶世界,IMG_20240103_163613.jpg,4018.74,253647.46,66
H:\核心存储\收藏馆（核心馆）\博物馆\福建博物院\故宫·茶世界,IMG_20240103_163700.jpg,5337.39,253647.46,66
H:\核心存储\收藏馆（核心馆）\博物馆\福建博物院\故宫·茶世界,IMG_20240103_163706.jpg,5324.69,253647.46,66
H:\核心存储\收藏馆（核心馆）\博物馆\福建博物院\故宫·茶世界,IMG_20240103_163707.jpg,5018.91,253647.46,66
H:\核心存储\收藏馆（核心馆）\博物馆\福建博物院\故宫·茶世界,IMG_20240103_163717.jpg,4979.29,253647.46,66
H:\核心存储\收藏馆（核心馆）\博物馆\福建博物院\故宫·茶世界,IMG_20240103_163729.jpg,6024.42,253647.46,66
H:\核心存储\收藏馆（核心馆）\博物馆\福建博物院\故宫·茶世界,IMG_20240103_163739.jpg,3653.87,253647.46,66
H:\核心存储\收藏馆（核心馆）\博物馆\福建博物院\故宫·茶世界,IMG_20240103_163902.jpg,5465.75,253647.46,66
H:\核心存储\收藏馆（核心馆）\博物馆\福建博物院\故宫·茶世界,IMG_20240103_164031.jpg,5890.9,253647.46,66
H:\核心存储\收藏馆（核心馆）\博物馆\福建博物院\故宫·茶世界,IMG_20240103_164057.jpg,4347.38,253647.46,66
H:\核心存储\收藏馆（核心馆）\博物馆\福建博物院\故宫·茶世界,IMG_20240103_164112.jpg,2961.37,253647.46,66
H:\核心存储\收藏馆（核心馆）\博物馆\福建博物院\故宫·茶世界,IMG_20240103_164115.jpg,3019.08,253647.46,66
H:\核心存储\收藏馆（核心馆）\博物馆\福建博物院\故宫·茶世界,IMG_20240103_164139.jpg,4457.43,253647.46,66
H:\核心存储\收藏馆（核心馆）\博物馆\福建博物院\故宫·茶世界,IMG_20240103_164428.jpg,2195.37,253647.46,66
H:\核心存储\收藏馆（核心馆）\博物馆\福建博物院\故宫·茶世界,IMG_20240103_164503.jpg,2580.33,253647.46,66
H:\核心存储\收藏馆（核心馆）\博物馆\福建博物院\故宫·茶世界,IMG_20240103_164655.jpg,3062.33,253647.46,66
H:\核心存储\收藏馆（核心馆）\博物馆\福建博物院\故宫·茶世界,IMG_20240103_164705.jpg,3225.77,253647.46,66
H:\核心存储\收藏馆（核心馆）\博物馆\福建博物院\故宫·茶世界,IMG_20240103_164758.jpg,4113.13,253647.46,66
H:\核心存储\收藏馆（核心馆）\博物馆\福建博物院\故宫·茶世界,IMG_20240103_164916.jpg,2844.82,253647.46,66
H:\核心存储\收藏馆（核心馆）\博物馆\福建博物院\故宫·茶世界,IMG_20240103_164927.jpg,3268.19,253647.46,66
H:\核心存储\收藏馆（核心馆）\博物馆\福建博物院\故宫·茶世界,IMG_20240103_164935.jpg,3873.11,253647.46,66
H:\核心存储\收藏馆（核心馆）\博物馆\福建博物院\故宫·茶世界,IMG_20240103_164952.jpg,3129.95,253647.46,66
H:\核心存储\收藏馆（核心馆）\博物馆\福建博物院\故宫·茶世界,IMG_20240103_165004.jpg,3522.12,253647.46,66
H:\核心存储\收藏馆（核心馆）\博物馆\福建博物院\故宫·茶世界,IMG_20240103_165012.jpg,3071.79,253647.46,66
H:\核心存储\收藏馆（核心馆）\博物馆\福建博物院\故宫·茶世界,IMG_20240103_165041.jpg,3194.06,253647.46,66
H:\核心存储\收藏馆（核心馆）\博物馆\福建博物院\故宫·茶世界,IMG_20240103_165311.jpg,2154.08,253647.46,66
H:\核心存储\收藏馆（核心馆）\博物馆\福建博物院\故宫·茶世界,IMG_20240103_165510.jpg,3004.67,253647.46,66
H:\核心存储\收藏馆（核心馆）\博物馆\福建博物院\故宫·茶世界,IMG_20240103_165523.jpg,2744.59,253647.46,66
H:\核心存储\收藏馆（核心馆）\博物馆\福建博物院\故宫·茶世界,IMG_20240103_165629.jpg,3847.79,253647.46,66
H:\核心存储\收藏馆（核心馆）\博物馆\福建博物院\故宫·茶世界,IMG_20240103_165641.jpg,4178.75,253647.46,66
H:\核心存储\收藏馆（核心馆）\博物馆\福建博物院\故宫·茶世界,IMG_20240103_165658.jpg,2948.48,253647.46,66
H:\核心存储\收藏馆（核心馆）\博物馆\福建博物院\故宫·茶世界,IMG_20240103_165912.jpg,3074.44,253647.46,66
H:\核心存储\收藏馆（核心馆）\博物馆\福建博物院\故宫·茶世界,IMG_20240103_165941.jpg,2930.51,253647.46,66
H:\核心存储\收藏馆（核心馆）\博物馆\福建博物院\故宫·茶世界,IMG_20240103_170001.jpg,3960.04,253647.46,66
H:\核心存储\收藏馆（核心馆）\博物馆\福建博物院\故宫·茶世界,IMG_20240103_170008.jpg,2734.1,253647.46,66
H:\核心存储\收藏馆（核心馆）\博物馆\福建博物院\故宫·茶世界,IMG_20240103_170054.jpg,2352.24,253647.46,66
H:\核心存储\收藏馆（核心馆）\博物馆\福建博物院\故宫·茶世界,IMG_20240103_170102.jpg,2458.26,253647.46,66
H:\核心存储\收藏馆（核心馆）\博物馆\福建博物院\故宫·茶世界,IMG_20240103_170224.jpg,4180.82,253647.46,66
H:\核心存储\收藏馆（核心馆）\博物馆\福建博物院\故宫·茶世界,IMG_20240103_170339_1.jpg,4477.96,253647.46,66
H:\核心存储\收藏馆（核心馆）\博物馆\福建博物院\故宫·茶世界,IMG_20240103_170352.jpg,6247.2,253647.46,66
H:\核心存储\收藏馆（核心馆）\博物馆\福建博物院\故宫·茶世界,IMG_20240103_170355.jpg,6117.48,253647.46,66
H:\核心存储\收藏馆（核心馆）\博物馆\福建博物院\故宫·茶世界,IMG_20240103_170417.jpg,5374.8,253647.46,66
H:\核心存储\收藏馆（核心馆）\博物馆\福建博物院\故宫·茶世界,IMG_20240103_170426.jpg,5466.77,253647.46,66
H:\核心存储\收藏馆（核心馆）\博物馆\福建博物院\故宫·茶世界,IMG_20240103_170437.jpg,5643.0,253647.46,66
H:\核心存储\收藏馆（核心馆）\博物馆\福建博物院\故宫·茶世界,IMG_20240103_170441.jpg,5355.1,253647.46,66
H:\核心存储\收藏馆（核心馆）\博物馆\福建博物院\故宫·茶世界,IMG_20240103_170557.jpg,4442.29,253647.46,66
H:\核心存储\收藏馆（核心馆）\博物馆\福建博物院\故宫·茶世界,IMG_20240103_170603.jpg,5725.02,253647.46,66
H:\核心存储\收藏馆（核心馆）\博物馆\福建博物院\故宫·茶世界,IMG_20240222_161346.jpg,4084.89,253647.46,66
H:\核心存储\收藏馆（核心馆）\博物馆\福建博物院\故宫·茶世界,IMG_20240222_161353.jpg,3091.85,253647.46,66
H:\核心存储\收藏馆（核心馆）\博物馆\福建博物院\故宫·茶世界,IMG_20240222_161540.jpg,3812.86,253647.46,66
H:\核心存储\收藏馆（核心馆）\博物馆\福建博物院\故宫·茶世界,IMG_20240222_161833.jpg,3655.62,253647.46,66
H:\核心存储\收藏馆（核心馆）\博物馆\福建博物院\故宫·茶世界,IMG_20240222_161923.jpg,3366.24,253647.46,66
H:\核心存储\收藏馆（核心馆）\博物馆\福建博物院\故宫·茶世界,IMG_20240222_162040.jpg,2919.96,253647.46,66
H:\核心存储\收藏馆（核心馆）\博物馆\福建博物院\故宫·茶世界,IMG_20240222_162121.jpg,2525.95,253647.46,66
H:\核心存储\收藏馆（核心馆）\博物馆\福建博物院\故宫·茶世界,IMG_20240222_162903.jpg,2939.93,253647.46,66
H:\核心存储\收藏馆（核心馆）\博物馆\福建博物院\故宫·茶世界,IMG_20240222_162915.jpg,3615.58,253647.46,66
H:\核心存储\收藏馆（核心馆）\博物馆\福建博物院\遇见西夏,20260226_133152.jpg,2782.64,4119.81,2
H:\核心存储\收藏馆（核心馆）\博物馆\福建博物院\遇见西夏,20260226_133459.jpg,1337.17,4119.81,2
H:\核心存储\收藏馆（核心馆）\运动,全身拉伸.mp4,454484.3,716003.22,2
H:\核心存储\收藏馆（核心馆）\运动,拉筋柔韧.mp4,261518.91,716003.22,2
H:\核心存储\收藏馆（核心馆）\音乐\Jazz&Funk&Groove,Always Remember (Live At Capitol Records (Studio A)2009) - Brian Culbertson.flac,54010.17,1971292.78,65
H:\核心存储\收藏馆（核心馆）\音乐\Jazz&Funk&Groove,Always Remember - Brian Culbertson.flac,30824.5,1971292.78,65
H:\核心存储\收藏馆（核心馆）\音乐\Jazz&Funk&Groove,Back In The Day (Live At Capitol Records (Studio A)2009) - Brian Culbertson.flac,18931.99,1971292.78,65
H:\核心存储\收藏馆（核心馆）\音乐\Jazz&Funk&Groove,Back in the Day - Brian Culbertson.flac,29508.51,1971292.78,65
H:\核心存储\收藏馆（核心馆）\音乐\Jazz&Funk&Groove,Bags of Funk - Brother Strut.flac,27225.07,1971292.78,65
H:\核心存储\收藏馆（核心馆）\音乐\Jazz&Funk&Groove,Blind Eye - Brother Strut&Megan Henwood.flac,29109.42,1971292.78,65
H:\核心存储\收藏馆（核心馆）\音乐\Jazz&Funk&Groove,Chicago - Brother Strut.flac,24963.74,1971292.78,65
H:\核心存储\收藏馆（核心馆）\音乐\Jazz&Funk&Groove,City Lights (feat. Lee Ritenour) - Brian Culbertson&Lee Ritenour.flac,71759.89,1971292.78,65
H:\核心存储\收藏馆（核心馆）\音乐\Jazz&Funk&Groove,Come On Up (feat. Norman Brown) - Brian Culbertson.flac,25124.04,1971292.78,65
H:\核心存储\收藏馆（核心馆）\音乐\Jazz&Funk&Groove,Days Gone By - Brian Culbertson.flac,29696.78,1971292.78,65
H:\核心存储\收藏馆（核心馆）\音乐\Jazz&Funk&Groove,Do You Really Love Me - Brian Culbertson.flac,28617.76,1971292.78,65
H:\核心存储\收藏馆（核心馆）\音乐\Jazz&Funk&Groove,Everyday Joe - Brother Strut.flac,21055.88,1971292.78,65
H:\核心存储\收藏馆（核心馆）\音乐\Jazz&Funk&Groove,Fly High (feat. Rahsaan Patterson) - Brian Culbertson&Rahsaan Patterson.flac,24031.87,1971292.78,65
H:\核心存储\收藏馆（核心馆）\音乐\Jazz&Funk&Groove,Forbidden Love (Album Version) - Brian Culbertson.flac,28478.23,1971292.78,65
H:\核心存储\收藏馆（核心馆）\音乐\Jazz&Funk&Groove,Funkin' Like My Father - Brian Culbertson.flac,36938.34,1971292.78,65
H:\核心存储\收藏馆（核心馆）\音乐\Jazz&Funk&Groove,Get It On (Live At Capitol Records (Studio A)2009) - Brian Culbertson.flac,85421.45,1971292.78,65
H:\核心存储\收藏馆（核心馆）\音乐\Jazz&Funk&Groove,Get It On - Brian Culbertson.flac,27228.72,1971292.78,65
H:\核心存储\收藏馆（核心馆）\音乐\Jazz&Funk&Groove,Go (Live At Capitol Records (Studio A)2009) - Brian Culbertson.flac,48619.92,1971292.78,65
H:\核心存储\收藏馆（核心馆）\音乐\Jazz&Funk&Groove,I Could Get Used To This - Brian Culbertson.mp3,6212.87,1971292.78,65
H:\核心存储\收藏馆（核心馆）\音乐\Jazz&Funk&Groove,Into the New - Brother Strut.flac,16909.41,1971292.78,65
H:\核心存储\收藏馆（核心馆）\音乐\Jazz&Funk&Groove,It's On Tonight (Album Version) - Brian Culbertson&Will Downing.flac,34833.77,1971292.78,65
H:\核心存储\收藏馆（核心馆）\音乐\Jazz&Funk&Groove,It's Time - Brian Culbertson.flac,26968.47,1971292.78,65
H:\核心存储\收藏馆（核心馆）\音乐\Jazz&Funk&Groove,Last Night (feat. Rick Braun) - Brian Culbertson.flac,31151.89,1971292.78,65
H:\核心存储\收藏馆（核心馆）\音乐\Jazz&Funk&Groove,Later Tonight - Brian Culbertson.flac,31519.8,1971292.78,65
H:\核心存储\收藏馆（核心馆）\音乐\Jazz&Funk&Groove,Let's Get Started (Album Version) - Brian Culbertson.flac,25957.59,1971292.78,65
H:\核心存储\收藏馆（核心馆）\音乐\Jazz&Funk&Groove,Let's Get Started (Live At Capitol Records (Studio A)2009) - Brian Culbertson.flac,40273.74,1971292.78,65
H:\核心存储\收藏馆（核心馆）\音乐\Jazz&Funk&Groove,Let's Stay In Tonight - Brian Culbertson.flac,33884.78,1971292.78,65
H:\核心存储\收藏馆（核心馆）\音乐\Jazz&Funk&Groove,Like a girl - JABBERLOOP.mp3,11631.3,1971292.78,65
H:\核心存储\收藏馆（核心馆）\音乐\Jazz&Funk&Groove,Metropolis - Brother Strut.flac,40490.4,1971292.78,65
H:\核心存储\收藏馆（核心馆）\音乐\Jazz&Funk&Groove,Midnight (feat. Marcus Miller & Steve Cole) - Brian Culbertson.flac,27372.67,1971292.78,65
H:\核心存储\收藏馆（核心馆）\音乐\Jazz&Funk&Groove,MISSING MY BIRD - JABBERLOOP.flac,28917.0,1971292.78,65
H:\核心存储\收藏馆（核心馆）\音乐\Jazz&Funk&Groove,On My Mind - Brian Culbertson.flac,25916.22,1971292.78,65
H:\核心存储\收藏馆（核心馆）\音乐\Jazz&Funk&Groove,One More Day - Brian Culbertson.flac,28972.06,1971292.78,65
H:\核心存储\收藏馆（核心馆）\音乐\Jazz&Funk&Groove,Orange - JABBERLOOP.flac,29179.8,1971292.78,65
H:\核心存储\收藏馆（核心馆）\音乐\Jazz&Funk&Groove,Private eyes - JABBERLOOP.flac,51222.76,1971292.78,65
H:\核心存储\收藏馆（核心馆）\音乐\Jazz&Funk&Groove,SASURAI - JABBERLOOP.flac,35357.8,1971292.78,65
H:\核心存储\收藏馆（核心馆）\音乐\Jazz&Funk&Groove,Sensuality (Album Version) - Brian Culbertson.flac,37004.35,1971292.78,65
H:\核心存储\收藏馆（核心馆）\音乐\Jazz&Funk&Groove,Sensuality - Brian Culbertson&Adrian Crutchfield.flac,70788.18,1971292.78,65
H:\核心存储\收藏馆（核心馆）\音乐\Jazz&Funk&Groove,Sir - JABBERLOOP.flac,27020.95,1971292.78,65
H:\核心存储\收藏馆（核心馆）\音乐\Jazz&Funk&Groove,So Good (Live At Capitol Records (Studio A)2009) - Brian Culbertson.flac,49653.94,1971292.78,65
H:\核心存储\收藏馆（核心馆）\音乐\Jazz&Funk&Groove,So Good - Brian Culbertson.flac,25897.73,1971292.78,65
H:\核心存储\收藏馆（核心馆）\音乐\Jazz&Funk&Groove,Southern Nights - Frank Chacksfield Orchestra.flac,13129.32,1971292.78,65
H:\核心存储\收藏馆（核心馆）\音乐\Jazz&Funk&Groove,spice - JABBERLOOP.flac,44801.93,1971292.78,65
H:\核心存储\收藏馆（核心馆）\音乐\Jazz&Funk&Groove,Straight To The Heart - Brian Culbertson.flac,23820.77,1971292.78,65
H:\核心存储\收藏馆（核心馆）\音乐\Jazz&Funk&Groove,That's Life - Brian Culbertson&Earl Klugh.flac,28862.78,1971292.78,65
H:\核心存储\收藏馆（核心馆）\音乐\Jazz&Funk&Groove,The Next Hundred Years - Frank Chacksfield Orchestra.flac,19256.4,1971292.78,65
H:\核心存储\收藏馆（核心馆）\音乐\Jazz&Funk&Groove,The Way You Feel (Album Version) - Brian Culbertson&Boney James.flac,28209.41,1971292.78,65
H:\核心存储\收藏馆（核心馆）\音乐\Jazz&Funk&Groove,Think Big - Brian Culbertson&Christian Scott&Keb' Mo'&Marcus Miller&Dave Koz.flac,36860.01,1971292.78,65
H:\核心存储\收藏馆（核心馆）\音乐\Jazz&Funk&Groove,Trolley Dolley - Brother Strut.flac,25453.91,1971292.78,65
H:\核心存储\收藏馆（核心馆）\音乐\Jazz&Funk&Groove,Vinyl is My Bible - Brother Strut.flac,27951.25,1971292.78,65
H:\核心存储\收藏馆（核心馆）\音乐\Jazz&Funk&Groove,Waiting for You - Brian Culbertson.flac,26333.67,1971292.78,65
H:\核心存储\收藏馆（核心馆）\音乐\Jazz&Funk&Groove,Without Your Love - Brian Culbertson.flac,28258.1,1971292.78,65
H:\核心存储\收藏馆（核心馆）\音乐\Jazz&Funk&Groove,You Don't Have to Be a Star - Frank Chacksfield Orchestra.flac,15523.22,1971292.78,65
H:\核心存储\收藏馆（核心馆）\音乐\Jazz&Funk&Groove,You'll Never Find - Brian Culbertson.flac,28373.97,1971292.78,65
H:\核心存储\收藏馆（核心馆）\音乐\Jazz&Funk&Groove,You're Magic - Brian Culbertson.flac,28180.9,1971292.78,65
H:\核心存储\收藏馆（核心馆）\音乐\Jazz&Funk&Groove,You're My Music - Brian Culbertson&Noel Gourdin.flac,30255.75,1971292.78,65
H:\核心存储\收藏馆（核心馆）\音乐\Jazz&Funk&Groove,You're The One - Brian Culbertson.flac,34747.55,1971292.78,65
H:\核心存储\收藏馆（核心馆）\音乐\Jazz&Funk&Groove,イナズマ - JABBERLOOP.mp3,8557.17,1971292.78,65
H:\核心存储\收藏馆（核心馆）\音乐\Jazz&Funk&Groove,エンドレスブルー - JABBERLOOP.flac,29994.78,1971292.78,65
H:\核心存储\收藏馆（核心馆）\音乐\Jazz&Funk&Groove,ソレソレ - JABBERLOOP.flac,34303.06,1971292.78,65
H:\核心存储\收藏馆（核心馆）\音乐\Jazz&Funk&Groove,タマシイ - JABBERLOOP.mp3,10944.55,1971292.78,65
H:\核心存储\收藏馆（核心馆）\音乐\Jazz&Funk&Groove,ヤングスター - JABBERLOOP.mp3,11021.46,1971292.78,65
H:\核心存储\收藏馆（核心馆）\音乐\Jazz&Funk&Groove,母乳 - JABBERLOOP.mp3,11469.39,1971292.78,65
H:\核心存储\收藏馆（核心馆）\音乐\Jazz&Funk&Groove,涙の屑 - JABBERLOOP.mp3,11112.91,1971292.78,65
H:\核心存储\收藏馆（核心馆）\音乐\Jazz&Funk&Groove,爱の鼓动 - JABBERLOOP.flac,35186.76,1971292.78,65
H:\核心存储\收藏馆（核心馆）\音乐\中国,Bad Boy - 张惠妹.flac,57087.45,4310172.62,163
H:\核心存储\收藏馆（核心馆）\音乐\中国,Don't cry Don't cry - 魏如萱.flac,59213.39,4310172.62,163
H:\核心存储\收藏馆（核心馆）\音乐\中国,Now You See Me - 周杰伦.mp3,6859.4,4310172.62,163
H:\核心存储\收藏馆（核心馆）\音乐\中国,一个师傅仨徒弟 - 吸引力合唱组.flac,21511.55,4310172.62,163
H:\核心存储\收藏馆（核心馆）\音乐\中国,一年级 - 陈学冬&宋佳&First Girl.flac,24038.71,4310172.62,163
H:\核心存储\收藏馆（核心馆）\音乐\中国,一生一阕歌(Live) - 王铮亮.mp3,10923.37,4310172.62,163
H:\核心存储\收藏馆（核心馆）\音乐\中国,一生有你 - 水木年华.flac,27932.84,4310172.62,163
H:\核心存储\收藏馆（核心馆）\音乐\中国,下一站天后 - Twins.flac,22854.73,4310172.62,163
H:\核心存储\收藏馆（核心馆）\音乐\中国,下一页的我 - 王心凌.flac,39383.53,4310172.62,163
H:\核心存储\收藏馆（核心馆）\音乐\中国,不潮不用花钱 - 林俊杰.flac,47647.74,4310172.62,163
H:\核心存储\收藏馆（核心馆）\音乐\中国,东风破 - 周杰伦.mp3,12323.59,4310172.62,163
H:\核心存储\收藏馆（核心馆）\音乐\中国,乘风破浪 - 金志文.flac,27968.0,4310172.62,163
H:\核心存储\收藏馆（核心馆）\音乐\中国,云山 - 凤凰传奇.flac,33091.13,4310172.62,163
H:\核心存储\收藏馆（核心馆）\音乐\中国,亡命之徒 - 纵贯线.flac,45838.71,4310172.62,163
H:\核心存储\收藏馆（核心馆）\音乐\中国,亲亲我的宝贝 - 周华健.flac,19553.11,4310172.62,163
H:\核心存储\收藏馆（核心馆）\音乐\中国,他不懂 - 张杰.flac,23079.1,4310172.62,163
H:\核心存储\收藏馆（核心馆）\音乐\中国,传奇 - 周华健.flac,29838.87,4310172.62,163
H:\核心存储\收藏馆（核心馆）\音乐\中国,你不要那样看着我的眼睛 - 蔡琴.flac,32383.06,4310172.62,163
H:\核心存储\收藏馆（核心馆）\音乐\中国,倒带 - 蔡依林.flac,33324.21,4310172.62,163
H:\核心存储\收藏馆（核心馆）\音乐\中国,像梦一样自由 - 汪峰.flac,30140.66,4310172.62,163
H:\核心存储\收藏馆（核心馆）\音乐\中国,光明 - 汪峰.flac,40978.44,4310172.62,163
H:\核心存储\收藏馆（核心馆）\音乐\中国,公路 - 纵贯线.flac,28221.7,4310172.62,163
H:\核心存储\收藏馆（核心馆）\音乐\中国,其实不想走 - 周华健.flac,37455.42,4310172.62,163
H:\核心存储\收藏馆（核心馆）\音乐\中国,再飞行 - 逃跑计划.mp3,3873.21,4310172.62,163
H:\核心存储\收藏馆（核心馆）\音乐\中国,冻结 - 林俊杰.flac,32780.62,4310172.62,163
H:\核心存储\收藏馆（核心馆）\音乐\中国,刀剑如梦 - 周华健.flac,24692.9,4310172.62,163
H:\核心存储\收藏馆（核心馆）\音乐\中国,别害怕 - 罗震环.flac,46368.38,4310172.62,163
H:\核心存储\收藏馆（核心馆）\音乐\中国,别看我只是一只羊 - 古倩敏&杨沛宜.mp3,6566.45,4310172.62,163
H:\核心存储\收藏馆（核心馆）\音乐\中国,别看我只是一只羊 - 古倩敏.flac,14291.35,4310172.62,163
H:\核心存储\收藏馆（核心馆）\音乐\中国,剑心 - 张杰.flac,49970.96,4310172.62,163
H:\核心存储\收藏馆（核心馆）\音乐\中国,勇敢的心 - 汪峰.flac,35602.08,4310172.62,163
H:\核心存储\收藏馆（核心馆）\音乐\中国,千千阕歌 - 陈慧娴.flac,36181.81,4310172.62,163
H:\核心存储\收藏馆（核心馆）\音乐\中国,卿卿如晤 - 蔡琴.flac,34216.71,4310172.62,163
H:\核心存储\收藏馆（核心馆）\音乐\中国,双截棍 - 周杰伦.mp3,7855.23,4310172.62,163
H:\核心存储\收藏馆（核心馆）\音乐\中国,发如雪 - 周杰伦.mp3,11691.96,4310172.62,163
H:\核心存储\收藏馆（核心馆）\音乐\中国,君生吾未生 - 于毅.flac,24043.99,4310172.62,163
H:\核心存储\收藏馆（核心馆）\音乐\中国,告诉我你爱我 - 周华健.flac,28030.99,4310172.62,163
H:\核心存储\收藏馆（核心馆）\音乐\中国,哪吒 - GAI周延&大痒痒.mp3,6376.65,4310172.62,163
H:\核心存储\收藏馆（核心馆）\音乐\中国,夜空中最亮的星 - 逃跑计划.flac,31590.89,4310172.62,163
H:\核心存储\收藏馆（核心馆）\音乐\中国,大城小爱 - 王力宏.mp3,8789.99,4310172.62,163
H:\核心存储\收藏馆（核心馆）\音乐\中国,大家一起喜羊羊 - 周笔畅.flac,26412.62,4310172.62,163
H:\核心存储\收藏馆（核心馆）\音乐\中国,大艺术家 - 蔡依林.flac,25310.32,4310172.62,163
H:\核心存储\收藏馆（核心馆）\音乐\中国,天后 - 陈势安.flac,31562.71,4310172.62,163
H:\核心存储\收藏馆（核心馆）\音乐\中国,失恋阵线联盟 - 草蜢.flac,19889.12,4310172.62,163
H:\核心存储\收藏馆（核心馆）\音乐\中国,奇思妙想喜羊羊 - 喜羊羊童星合唱团.flac,11462.67,4310172.62,163
H:\核心存储\收藏馆（核心馆）\音乐\中国,奔跑 - 黄征&羽·泉.flac,22334.22,4310172.62,163
H:\核心存储\收藏馆（核心馆）\音乐\中国,女皇 - 陈伟霆.flac,30404.69,4310172.62,163
H:\核心存储\收藏馆（核心馆）\音乐\中国,将军令 - 吴克群.mp3,8722.57,4310172.62,163
H:\核心存储\收藏馆（核心馆）\音乐\中国,就现在 - 吴莫愁.flac,26858.43,4310172.62,163
H:\核心存储\收藏馆（核心馆）\音乐\中国,左手右手 - 杨沛宜.flac,18948.44,4310172.62,163
H:\核心存储\收藏馆（核心馆）\音乐\中国,平凡之路 - 朴树.flac,33043.07,4310172.62,163
H:\核心存储\收藏馆（核心馆）\音乐\中国,张三的歌 - 蔡琴.flac,32291.43,4310172.62,163
H:\核心存储\收藏馆（核心馆）\音乐\中国,弯弯的月亮 - 蔡琴.flac,25639.37,4310172.62,163
H:\核心存储\收藏馆（核心馆）\音乐\中国,当你 - 林俊杰.flac,50193.3,4310172.62,163
H:\核心存储\收藏馆（核心馆）\音乐\中国,心中的日月 - 王力宏.mp3,9267.54,4310172.62,163
H:\核心存储\收藏馆（核心馆）\音乐\中国,心电心 - 王心凌.flac,30921.28,4310172.62,163
H:\核心存储\收藏馆（核心馆）\音乐\中国,志铭 - 犬儒乐队.flac,61235.82,4310172.62,163
H:\核心存储\收藏馆（核心馆）\音乐\中国,快乐星猫 - 牛奶咖啡.flac,25738.93,4310172.62,163
H:\核心存储\收藏馆（核心馆）\音乐\中国,怒放的生命 - 汪峰.mp3,10753.18,4310172.62,163
H:\核心存储\收藏馆（核心馆）\音乐\中国,戏文说 - 叫宝宝&祥嘞嘞.mp3,6649.1,4310172.62,163
H:\核心存储\收藏馆（核心馆）\音乐\中国,我们都一样 - 棉花糖.flac,22097.41,4310172.62,163
H:\核心存储\收藏馆（核心馆）\音乐\中国,我的未来不是梦 - 张雨生.flac,33291.34,4310172.62,163
H:\核心存储\收藏馆（核心馆）\音乐\中国,我的未来式 - 郭采洁.flac,24736.15,4310172.62,163
H:\核心存储\收藏馆（核心馆）\音乐\中国,我相信 - 杨培安.flac,29588.74,4310172.62,163
H:\核心存储\收藏馆（核心馆）\音乐\中国,我记得 - 赵雷.flac,63763.8,4310172.62,163
H:\核心存储\收藏馆（核心馆）\音乐\中国,护花使者 - 李克勤.flac,25706.33,4310172.62,163
H:\核心存储\收藏馆（核心馆）\音乐\中国,改变自己 - 王力宏.mp3,7584.89,4310172.62,163
H:\核心存储\收藏馆（核心馆）\音乐\中国,新鸳鸯蝴蝶梦 - 黄安.flac,25618.91,4310172.62,163
H:\核心存储\收藏馆（核心馆）\音乐\中国,无名的人 - 毛不易.flac,27109.23,4310172.62,163
H:\核心存储\收藏馆（核心馆）\音乐\中国,无常 - 吴奇隆.flac,24390.0,4310172.62,163
H:\核心存储\收藏馆（核心馆）\音乐\中国,日不落 - 蔡依林.flac,29474.96,4310172.62,163
H:\核心存储\收藏馆（核心馆）\音乐\中国,"明天, 你好 - 牛奶咖啡.mp3",10620.53,4310172.62,163
H:\核心存储\收藏馆（核心馆）\音乐\中国,春天花会开 - 任贤齐.flac,29870.74,4310172.62,163
H:\核心存储\收藏馆（核心馆）\音乐\中国,春天里 - 汪峰.flac,33438.2,4310172.62,163
H:\核心存储\收藏馆（核心馆）\音乐\中国,春暖花开 - 那英.mp3,8467.47,4310172.62,163
H:\核心存储\收藏馆（核心馆）\音乐\中国,晴天 - 周杰伦.mp3,10539.92,4310172.62,163
H:\核心存储\收藏馆（核心馆）\音乐\中国,最真的梦 - 周华健.flac,21132.08,4310172.62,163
H:\核心存储\收藏馆（核心馆）\音乐\中国,有没有一首歌会让你想起我 - 周华健.flac,36379.03,4310172.62,163
H:\核心存储\收藏馆（核心馆）\音乐\中国,朋友 - 周华健.flac,32956.51,4310172.62,163
H:\核心存储\收藏馆（核心馆）\音乐\中国,本草纲目 - 周杰伦.mp3,8202.85,4310172.62,163
H:\核心存储\收藏馆（核心馆）\音乐\中国,梦想纪念日 - 郁可唯.flac,33494.41,4310172.62,163
H:\核心存储\收藏馆（核心馆）\音乐\中国,流光记 - 银临.flac,54271.83,4310172.62,163
H:\核心存储\收藏馆（核心馆）\音乐\中国,浪花一朵朵 - 任贤齐&阿牛&光良.flac,24718.38,4310172.62,163
H:\核心存储\收藏馆（核心馆）\音乐\中国,海底 (Live) - 凤凰传奇.flac,29393.47,4310172.62,163
H:\核心存储\收藏馆（核心馆）\音乐\中国,漂洋过海来看你 - 娃娃.flac,33922.79,4310172.62,163
H:\核心存储\收藏馆（核心馆）\音乐\中国,漂洋过海来看你(Live). - 周华健&李宗盛.flac,30080.53,4310172.62,163
H:\核心存储\收藏馆（核心馆）\音乐\中国,爱 - 小虎队.flac,32349.48,4310172.62,163
H:\核心存储\收藏馆（核心馆）\音乐\中国,爱 欲 浮世绘 - 张震岳.flac,33933.94,4310172.62,163
H:\核心存储\收藏馆（核心馆）\音乐\中国,爱你 - 王心凌.flac,31385.47,4310172.62,163
H:\核心存储\收藏馆（核心馆）\音乐\中国,爱你没错 - 张信哲.mp3,9971.55,4310172.62,163
H:\核心存储\收藏馆（核心馆）\音乐\中国,爱就一个字 - 张信哲.flac,32309.9,4310172.62,163
H:\核心存储\收藏馆（核心馆）\音乐\中国,爱爱爱 - 方大同.flac,24661.04,4310172.62,163
H:\核心存储\收藏馆（核心馆）\音乐\中国,爱的主打歌 - 萧亚轩.flac,37721.68,4310172.62,163
H:\核心存储\收藏馆（核心馆）\音乐\中国,爱的初体验 - 张震岳.flac,31275.77,4310172.62,163
H:\核心存储\收藏馆（核心馆）\音乐\中国,爱的回归线 - 陈韵若&陈每文.mp3,10046.04,4310172.62,163
H:\核心存储\收藏馆（核心馆）\音乐\中国,爱的就是你 - 王力宏.flac,58159.29,4310172.62,163
H:\核心存储\收藏馆（核心馆）\音乐\中国,爱要坦荡荡 - 萧潇.flac,28904.7,4310172.62,163
H:\核心存储\收藏馆（核心馆）\音乐\中国,牛仔很忙 - 周杰伦.mp3,6499.1,4310172.62,163
H:\核心存储\收藏馆（核心馆）\音乐\中国,牡丹江 - 南拳妈妈.mp3,9282.78,4310172.62,163
H:\核心存储\收藏馆（核心馆）\音乐\中国,猪猪侠 - 陈洁丽.flac,25034.83,4310172.62,163
H:\核心存储\收藏馆（核心馆）\音乐\中国,王妃 - 萧敬腾.flac,29234.88,4310172.62,163
H:\核心存储\收藏馆（核心馆）\音乐\中国,生如夏花 - 朴树.flac,33354.5,4310172.62,163
H:\核心存储\收藏馆（核心馆）\音乐\中国,男儿当自強 - 林子祥.flac,52678.27,4310172.62,163
H:\核心存储\收藏馆（核心馆）\音乐\中国,男儿当自强 - 成龙.flac,51987.71,4310172.62,163
H:\核心存储\收藏馆（核心馆）\音乐\中国,男儿当自强(狮王争霸大合唱) -  Albert Lui&Tam Sik Hay&Patrick Lui&Donald Cheung.flac,32192.95,4310172.62,163
H:\核心存储\收藏馆（核心馆）\音乐\中国,看月亮爬上来 - 张杰.flac,23552.91,4310172.62,163
H:\核心存储\收藏馆（核心馆）\音乐\中国,真心英雄 - 周华健&成龙&李宗盛.flac,34700.22,4310172.62,163
H:\核心存储\收藏馆（核心馆）\音乐\中国,睫毛弯弯 - 王心凌.mp3,9570.62,4310172.62,163
H:\核心存储\收藏馆（核心馆）\音乐\中国,离开 - 张震岳&MC HotDog 热狗.flac,36781.87,4310172.62,163
H:\核心存储\收藏馆（核心馆）\音乐\中国,稳稳的幸福 - 陈奕迅.flac,19554.28,4310172.62,163
H:\核心存储\收藏馆（核心馆）\音乐\中国,稻香 - 周杰伦.mp3,8731.76,4310172.62,163
H:\核心存储\收藏馆（核心馆）\音乐\中国,突然的自我 - 伍佰&China Blue.flac,25890.96,4310172.62,163
H:\核心存储\收藏馆（核心馆）\音乐\中国,童话 - 光良.flac,29728.28,4310172.62,163
H:\核心存储\收藏馆（核心馆）\音乐\中国,红房间 - Ice Paper.flac,20889.38,4310172.62,163
H:\核心存储\收藏馆（核心馆）\音乐\中国,红日 - 李克勤.flac,37298.33,4310172.62,163
H:\核心存储\收藏馆（核心馆）\音乐\中国,红蜻蜓 - 小虎队.flac,31903.75,4310172.62,163
H:\核心存储\收藏馆（核心馆）\音乐\中国,给我一首歌的时间 - 周杰伦.mp3,9907.2,4310172.62,163
H:\核心存储\收藏馆（核心馆）\音乐\中国,缺口 - 林凡Freya.mp3,9477.74,4310172.62,163
H:\核心存储\收藏馆（核心馆）\音乐\中国,老子说 - 吴克群.mp3,7624.68,4310172.62,163
H:\核心存储\收藏馆（核心馆）\音乐\中国,耍猴儿 - 二手玫瑰&MC HotDog 热狗&Capper Tizzy.flac,35934.7,4310172.62,163
H:\核心存储\收藏馆（核心馆）\音乐\中国,至少还有你 - 林忆莲.flac,31318.42,4310172.62,163
H:\核心存储\收藏馆（核心馆）\音乐\中国,花好月圆夜(国语) - 杨千嬅&任贤齐.flac,16095.7,4310172.62,163
H:\核心存储\收藏馆（核心馆）\音乐\中国,花好月圆夜(粤语) - 杨千嬅&任贤齐.flac,15593.21,4310172.62,163
H:\核心存储\收藏馆（核心馆）\音乐\中国,花心 - 周华健.flac,27449.72,4310172.62,163
H:\核心存储\收藏馆（核心馆）\音乐\中国,苦茶 - 棒棒堂&黑Girl.flac,35463.84,4310172.62,163
H:\核心存储\收藏馆（核心馆）\音乐\中国,荷塘月色 - 凤凰传奇.flac,30231.36,4310172.62,163
H:\核心存储\收藏馆（核心馆）\音乐\中国,落空 - 印子月.flac,27057.03,4310172.62,163
H:\核心存储\收藏馆（核心馆）\音乐\中国,蓝莲花 - 许巍.flac,31019.15,4310172.62,163
H:\核心存储\收藏馆（核心馆）\音乐\中国,虹之间 - 金贵晟.flac,23562.25,4310172.62,163
H:\核心存储\收藏馆（核心馆）\音乐\中国,蝴蝶泉边 - 黄雅莉.flac,25656.62,4310172.62,163
H:\核心存储\收藏馆（核心馆）\音乐\中国,蝴蝶飞呀 - 小虎队.flac,30362.53,4310172.62,163
H:\核心存储\收藏馆（核心馆）\音乐\中国,见习爱神 - Twins.flac,26960.06,4310172.62,163
H:\核心存储\收藏馆（核心馆）\音乐\中国,让一让 - 菲比Febe.flac,26901.66,4310172.62,163
H:\核心存储\收藏馆（核心馆）\音乐\中国,让我欢喜让我忧 - 周华健.flac,31831.29,4310172.62,163
H:\核心存储\收藏馆（核心馆）\音乐\中国,说说 - 棒棒堂.flac,33918.75,4310172.62,163
H:\核心存储\收藏馆（核心馆）\音乐\中国,豆浆油条 - 林俊杰.flac,30594.66,4310172.62,163
H:\核心存储\收藏馆（核心馆）\音乐\中国,路过人间 - 郁可唯.mp3,9608.36,4310172.62,163
H:\核心存储\收藏馆（核心馆）\音乐\中国,这里是神奇的赛尔号 - 张杰.mp3,7908.39,4310172.62,163
H:\核心存储\收藏馆（核心馆）\音乐\中国,迟来的人 - 蔡琴.flac,42173.22,4310172.62,163
H:\核心存储\收藏馆（核心馆）\音乐\中国,迷宫物语 - 蔡琴.flac,44536.78,4310172.62,163
H:\核心存储\收藏馆（核心馆）\音乐\中国,迷途羔羊 - 张震岳&大渊.flac,49970.3,4310172.62,163
H:\核心存储\收藏馆（核心馆）\音乐\中国,送你一朵小红花 - 赵英俊.mp3,9084.82,4310172.62,163
H:\核心存储\收藏馆（核心馆）\音乐\中国,逆光 - 孙燕姿.flac,32156.54,4310172.62,163
H:\核心存储\收藏馆（核心馆）\音乐\中国,逆相思 - 何晟铭.mp3,10548.94,4310172.62,163
H:\核心存储\收藏馆（核心馆）\音乐\中国,造飞机 - 义欣.mp3,9592.48,4310172.62,163
H:\核心存储\收藏馆（核心馆）\音乐\中国,那个远方 - 陈楚生.mp3,10787.88,4310172.62,163
H:\核心存储\收藏馆（核心馆）\音乐\中国,那些花儿 - 朴树.flac,33566.62,4310172.62,163
H:\核心存储\收藏馆（核心馆）\音乐\中国,那盏茶 - 金志文.flac,18290.4,4310172.62,163
H:\核心存储\收藏馆（核心馆）\音乐\中国,阳光宅男 - 周杰伦.mp3,8707.3,4310172.62,163
H:\核心存储\收藏馆（核心馆）\音乐\中国,阿呦阿呦 - 闪闪.mp3,3708.29,4310172.62,163
H:\核心存储\收藏馆（核心馆）\音乐\中国,雨中城市 - 蔡琴.flac,30732.36,4310172.62,163
H:\核心存储\收藏馆（核心馆）\音乐\中国,霍元甲 - 周杰伦.mp3,10796.04,4310172.62,163
H:\核心存储\收藏馆（核心馆）\音乐\中国,青花 - 周传雄.flac,36159.03,4310172.62,163
H:\核心存储\收藏馆（核心馆）\音乐\中国,青花瓷 - 周杰伦.mp3,9268.49,4310172.62,163
H:\核心存储\收藏馆（核心馆）\音乐\中国,靠近 - 罗震环.mp3,8996.06,4310172.62,163
H:\核心存储\收藏馆（核心馆）\音乐\中国,靠近我，如果你懂 - 蔡琴.flac,41328.17,4310172.62,163
H:\核心存储\收藏馆（核心馆）\音乐\中国,风雨无阻 - 周华健.flac,51866.84,4310172.62,163
H:\核心存储\收藏馆（核心馆）\音乐\中国,飞得更高 - 汪峰.flac,41332.68,4310172.62,163
H:\核心存储\收藏馆（核心馆）\音乐\中国,驾鹤西去 - 裁缝铺.flac,31961.96,4310172.62,163
H:\核心存储\收藏馆（核心馆）\音乐\中国,麦芽糖 - 周杰伦.mp3,10173.4,4310172.62,163
H:\核心存储\收藏馆（核心馆）\音乐\中国,黄昏 - 周传雄.flac,36796.71,4310172.62,163
H:\核心存储\收藏馆（核心馆）\音乐\中国,龙卷风 - 周杰伦.mp3,9782.78,4310172.62,163
H:\核心存储\收藏馆（核心馆）\音乐\中国,龙拳 - 周杰伦.mp3,10728.7,4310172.62,163
H:\核心存储\收藏馆（核心馆）\音乐\日韩,All Day (模范出租车 OST Part.4) - 车智妍.flac,46084.59,1272418.56,43
H:\核心存储\收藏馆（核心馆）\音乐\日韩,Angel - 尹美莱&Tiger JK&Bizzy.flac,33568.12,1272418.56,43
H:\核心存储\收藏馆（核心馆）\音乐\日韩,Bloody Mary Girl - She Her Her Hers.flac,29294.0,1272418.56,43
H:\核心存储\收藏馆（核心馆）\音乐\日韩,Gasshow - illion.flac,21145.92,1272418.56,43
H:\核心存储\收藏馆（核心馆）\音乐\日韩,Groovin' - 黒沢薫.flac,51373.66,1272418.56,43
H:\核心存储\收藏馆（核心馆）\音乐\日韩,Oh! What a Shiny Night - Crying Nut.flac,30150.64,1272418.56,43
H:\核心存储\收藏馆（核心馆）\音乐\日韩,summer - keshi.flac,17402.47,1272418.56,43
H:\核心存储\收藏馆（核心馆）\音乐\日韩,Tiny - こっちのけんと.flac,45267.12,1272418.56,43
H:\核心存储\收藏馆（核心馆）\音乐\日韩,Week End - 星野源.flac,31367.56,1272418.56,43
H:\核心存储\收藏馆（核心馆）\音乐\日韩,いろは - こっちのけんと.flac,22030.22,1272418.56,43
H:\核心存储\收藏馆（核心馆）\音乐\日韩,うちで踊ろう (大晦日) - 星野源.flac,24464.39,1272418.56,43
H:\核心存储\收藏馆（核心馆）\音乐\日韩,おどるポンポコリン - B.B.クイーンズ.flac,24974.0,1272418.56,43
H:\核心存储\收藏馆（核心馆）\音乐\日韩,それが大事 - 大事MANブラザーズバンド.flac,36144.3,1272418.56,43
H:\核心存储\收藏馆（核心馆）\音乐\日韩,なんでもないや (Movie ver.) - RADWIMPS.flac,37626.89,1272418.56,43
H:\核心存储\收藏馆（核心馆）\音乐\日韩,はいよろこんで - こっちのけんと.flac,20004.39,1272418.56,43
H:\核心存储\收藏馆（核心馆）\音乐\日韩,もう恋なんてしない - 槇原敬之.flac,32566.92,1272418.56,43
H:\核心存储\收藏馆（核心馆）\音乐\日韩,ヤキモチ - 高橋優.flac,37684.26,1272418.56,43
H:\核心存储\收藏馆（核心馆）\音乐\日韩,リセット - 向井太一.flac,26445.59,1272418.56,43
H:\核心存储\收藏馆（核心馆）\音乐\日韩,世界が終るまでは··· - WANDS.flac,40316.18,1272418.56,43
H:\核心存储\收藏馆（核心馆）\音乐\日韩,世界が終るまでは…~TV Version~ - WANDS.flac,12766.53,1272418.56,43
H:\核心存储\收藏馆（核心馆）\音乐\日韩,世界に一つだけの花 - 槇原敬之.flac,34517.74,1272418.56,43
H:\核心存储\收藏馆（核心馆）\音乐\日韩,今晩はお月さん - ハンバート ハンバート.flac,20101.68,1272418.56,43
H:\核心存储\收藏馆（核心馆）\音乐\日韩,何なんw - 藤井风.flac,40723.8,1272418.56,43
H:\核心存储\收藏馆（核心馆）\音乐\日韩,前前前世 (Movie ver.) - RADWIMPS.flac,38688.21,1272418.56,43
H:\核心存储\收藏馆（核心馆）\音乐\日韩,喜劇 - 星野源.flac,28604.2,1272418.56,43
H:\核心存储\收藏馆（核心馆）\音乐\日韩,夢灯籠 - RADWIMPS.flac,15011.22,1272418.56,43
H:\核心存储\收藏馆（核心馆）\音乐\日韩,恋 - 星野源.flac,30515.98,1272418.56,43
H:\核心存储\收藏馆（核心馆）\音乐\日韩,恋するフォーチュンクッキー - AKB48.flac,59859.37,1272418.56,43
H:\核心存储\收藏馆（核心馆）\音乐\日韩,月恋歌 (圈套片尾曲) - 熊谷育美.flac,25386.09,1272418.56,43
H:\核心存储\收藏馆（核心馆）\音乐\日韩,月恋歌 - 熊谷育美.mp3,4094.09,1272418.56,43
H:\核心存储\收藏馆（核心馆）\音乐\日韩,潮風 - 岡崎体育.flac,34388.85,1272418.56,43
H:\核心存储\收藏馆（核心馆）\音乐\日韩,祈りのメロディ - 家入レオ.flac,35055.14,1272418.56,43
H:\核心存储\收藏馆（核心馆）\音乐\日韩,神のまにまに (神的随波逐流) - 三无Marblue&子弥.mp3,10816.85,1272418.56,43
H:\核心存储\收藏馆（核心馆）\音乐\日韩,胸がドキドキ - ↑THE HIGH - LOWS↓.flac,30495.79,1272418.56,43
H:\核心存储\收藏馆（核心馆）\音乐\日韩,踊り子 - Vaundy.flac,21730.52,1272418.56,43
H:\核心存储\收藏馆（核心馆）\音乐\日韩,風見鶏 - 嵐.flac,35327.9,1272418.56,43
H:\核心存储\收藏馆（核心馆）\音乐\日韩,飛行艇 - King Gnu.flac,37366.28,1272418.56,43
H:\核心存储\收藏馆（核心馆）\音乐\日韩,넌 내게 반했어 (Drama Ver.) - 미도와 파라솔.flac,27930.5,1272418.56,43
H:\核心存储\收藏馆（核心馆）\音乐\日韩,밤이 깊었네 (Drama Ver.) - 미도와 파라솔.flac,18853.24,1272418.56,43
H:\核心存储\收藏馆（核心馆）\音乐\日韩,밤이 깊었네 Oh! What a Shiny Night - Crying Nut.flac,30150.67,1272418.56,43
H:\核心存储\收藏馆（核心馆）\音乐\日韩,썸 - 多愿&秀斌&雪娥&郑基高.mp3,8123.01,1272418.56,43
H:\核心存储\收藏馆（核心馆）\音乐\日韩,으르렁 (Growl) - EXO.flac,27149.97,1272418.56,43
H:\核心存储\收藏馆（核心馆）\音乐\日韩,잘 알지도 못하면서 (明明都不知道) - 金艺林.flac,36849.75,1272418.56,43
H:\核心存储\收藏馆（核心馆）\音乐\欧美,Blind Eye - Brother Strut&Megan Henwood.flac,29109.42,580190.39,20
H:\核心存储\收藏馆（核心馆）\音乐\欧美,Blood on the Dance Floor - Michael Jackson.flac,51293.11,580190.39,20
H:\核心存储\收藏馆（核心馆）\音乐\欧美,Everyday Joe - Brother Strut.flac,21055.88,580190.39,20
H:\核心存储\收藏馆（核心馆）\音乐\欧美,Funkin' Like My Father - Brian Culbertson.flac,36938.34,580190.39,20
H:\核心存储\收藏馆（核心馆）\音乐\欧美,Hearts Like a Knife - Far Lands.flac,19315.63,580190.39,20
H:\核心存储\收藏馆（核心馆）\音乐\欧美,I Blame You - Ledisi.flac,30329.47,580190.39,20
H:\核心存储\收藏馆（核心馆）\音乐\欧美,I'm Callin' - Tennis.flac,24200.51,580190.39,20
H:\核心存储\收藏馆（核心馆）\音乐\欧美,In My Life (Remastered) - The Beatles.flac,27865.85,580190.39,20
H:\核心存储\收藏馆（核心馆）\音乐\欧美,Last Christmas - Wham!.flac,30509.4,580190.39,20
H:\核心存储\收藏馆（核心馆）\音乐\欧美,Morning Sun - Robin Thicke.flac,24603.92,580190.39,20
H:\核心存储\收藏馆（核心馆）\音乐\欧美,Not Angry - Chris James.flac,18753.85,580190.39,20
H:\核心存储\收藏馆（核心馆）\音乐\欧美,P.Y.T.(Pretty Young Thing) - Michael Jackson.flac,30118.73,580190.39,20
H:\核心存储\收藏馆（核心馆）\音乐\欧美,Play That Funky Music - Wild Cherry.flac,33547.08,580190.39,20
H:\核心存储\收藏馆（核心馆）\音乐\欧美,Smooth Criminal - Michael Jackson.flac,33220.29,580190.39,20
H:\核心存储\收藏馆（核心馆）\音乐\欧美,Southern Nights - Glen Campbell.flac,21221.8,580190.39,20
H:\核心存储\收藏馆（核心馆）\音乐\欧美,Stayin' Alive - Bee Gees.flac,37544.17,580190.39,20
H:\核心存储\收藏馆（核心馆）\音乐\欧美,Tonight(Best You Ever Had) - John Legend&Ludacris.flac,28568.26,580190.39,20
H:\核心存储\收藏馆（核心馆）\音乐\欧美,Vinyl is My Bible - Brother Strut.flac,27951.25,580190.39,20
H:\核心存储\收藏馆（核心馆）\音乐\欧美,You're My Music - Brian Culbertson&Noel Gourdin.flac,30255.75,580190.39,20
H:\核心存储\收藏馆（核心馆）\音乐\欧美,Your Style - J. Williams&Erakah.flac,23787.66,580190.39,20
H:\核心存储\收藏馆（核心馆）\音乐\纯音乐,4機捜 - 得田真裕.flac,14657.93,573097.03,40
H:\核心存储\收藏馆（核心馆）\音乐\纯音乐,Echoes of the Eye - Andrew Prahlow.flac,27491.53,573097.03,40
H:\核心存储\收藏馆（核心馆）\音乐\纯音乐,green to blue - Aurenth.flac,13324.95,573097.03,40
H:\核心存储\收藏馆（核心馆）\音乐\纯音乐,IKEMEN Boogie - 河野伸.flac,38888.21,573097.03,40
H:\核心存储\收藏馆（核心馆）\音乐\纯音乐,IKEMEN BoogieNights - 河野伸.flac,17264.01,573097.03,40
H:\核心存储\收藏馆（核心馆）\音乐\纯音乐,Les rues de Paris - Nicolas Godin.flac,10676.51,573097.03,40
H:\核心存储\收藏馆（核心馆）\音乐\纯音乐,Merry Christmas Mr. Lawrence - 坂本龍一.flac,48126.95,573097.03,40
H:\核心存储\收藏馆（核心馆）\音乐\纯音乐,Merry Christmas Mr. Lawrence(钢琴) - 坂本龍一.flac,22829.7,573097.03,40
H:\核心存储\收藏馆（核心馆）\音乐\纯音乐,Mother - 久石譲.flac,9170.55,573097.03,40
H:\核心存储\收藏馆（核心馆）\音乐\纯音乐,Outer Wilds - Andrew Prahlow.mp3,5810.52,573097.03,40
H:\核心存储\收藏馆（核心馆）\音乐\纯音乐,Travelers (From Outer Wilds) - Kain White.flac,47411.48,573097.03,40
H:\核心存储\收藏馆（核心馆）\音乐\纯音乐,Tyndall - Youzee Music.flac,14076.07,573097.03,40
H:\核心存储\收藏馆（核心馆）\音乐\纯音乐,Welcome Back - Brasstracks.flac,23842.71,573097.03,40
H:\核心存储\收藏馆（核心馆）\音乐\纯音乐,かたわれ時 - RADWIMPS.flac,12418.23,573097.03,40
H:\核心存储\收藏馆（核心馆）\音乐\纯音乐,ファーザー・クリスマス - 坂本龍一.flac,12364.73,573097.03,40
H:\核心存储\收藏馆（核心馆）\音乐\纯音乐,メリー・クリスマス・Mr.ローレンス - 坂本龍一.flac,26901.63,573097.03,40
H:\核心存储\收藏馆（核心馆）\音乐\纯音乐,主题 - 孟可.mp3,3109.18,573097.03,40
H:\核心存储\收藏馆（核心馆）\音乐\纯音乐,主题 动态版 - 孟可.flac,5463.03,573097.03,40
H:\核心存储\收藏馆（核心馆）\音乐\纯音乐,主题2 舒缓版 - 孟可.mp3,1147.47,573097.03,40
H:\核心存储\收藏馆（核心馆）\音乐\纯音乐,双门洞 - 林桦柽.flac,26805.22,573097.03,40
H:\核心存储\收藏馆（核心馆）\音乐\纯音乐,君生吾未生(前世) - 灵魂摆渡插曲.mp3,8757.19,573097.03,40
H:\核心存储\收藏馆（核心馆）\音乐\纯音乐,君生吾未生(来世) - 灵魂摆渡插曲.mp3,7298.44,573097.03,40
H:\核心存储\收藏馆（核心馆）\音乐\纯音乐,君生吾未生(离别) - 灵魂摆渡插曲.mp3,7996.88,573097.03,40
H:\核心存储\收藏馆（核心馆）\音乐\纯音乐,君生吾未生(重逢) - 灵魂摆渡插曲.mp3,7537.5,573097.03,40
H:\核心存储\收藏馆（核心馆）\音乐\纯音乐,大主题 - 孟可.mp3,3819.72,573097.03,40
H:\核心存储\收藏馆（核心馆）\音乐\纯音乐,帰ってこなかったらどうしよう - 得田真裕.mp3,4833.84,573097.03,40
H:\核心存储\收藏馆（核心馆）\音乐\纯音乐,弱水三千(箫) - 箫音如水 .flac,11359.97,573097.03,40
H:\核心存储\收藏馆（核心馆）\音乐\纯音乐,志摩一未 - 得田真裕.mp3,5584.39,573097.03,40
H:\核心存储\收藏馆（核心馆）\音乐\纯音乐,忘川之繁花相送 - 穆清风&韩君.flac,17688.91,573097.03,40
H:\核心存储\收藏馆（核心馆）\音乐\纯音乐,江东(伴奏) - 艳子.flac,15094.66,573097.03,40
H:\核心存储\收藏馆（核心馆）\音乐\纯音乐,混形 - 西皮士.flac,18885.6,573097.03,40
H:\核心存储\收藏馆（核心馆）\音乐\纯音乐,灵魂君生 - 灵魂摆渡插曲.mp3,6427.97,573097.03,40
H:\核心存储\收藏馆（核心馆）\音乐\纯音乐,缺口(伴奏) - 林凡.mp3,2786.39,573097.03,40
H:\核心存储\收藏馆（核心馆）\音乐\纯音乐,缺口(钢琴) - 林凡.mp3,1398.01,573097.03,40
H:\核心存储\收藏馆（核心馆）\音乐\纯音乐,耍猴儿(无人声) - (av285503916).mp3,2144.49,573097.03,40
H:\核心存储\收藏馆（核心馆）\音乐\纯音乐,象王行(特别版) - 关大洲.mp3,2787.77,573097.03,40
H:\核心存储\收藏馆（核心馆）\音乐\纯音乐,起风了(南箫) - (av44867905).mp3,4899.01,573097.03,40
H:\核心存储\收藏馆（核心馆）\音乐\纯音乐,路过人间 - 王小卫David.mp3,10370.07,573097.03,40
H:\核心存储\收藏馆（核心馆）\音乐\纯音乐,青石巷 - 魏琮霏.flac,32458.39,573097.03,40
H:\核心存储\收藏馆（核心馆）\音乐\纯音乐,鹤形 - 西皮士.flac,19187.24,573097.03,40
H:\核心存储\收藏馆（核心馆）\默读广播剧,默读.第1季.01.mp3,63320.19,5481618.68,85
H:\核心存储\收藏馆（核心馆）\默读广播剧,默读.第1季.02.mp3,94886.34,5481618.68,85
H:\核心存储\收藏馆（核心馆）\默读广播剧,默读.第1季.03.mp3,88490.34,5481618.68,85
H:\核心存储\收藏馆（核心馆）\默读广播剧,默读.第1季.04.mp3,89594.34,5481618.68,85
H:\核心存储\收藏馆（核心馆）\默读广播剧,默读.第1季.05.mp3,29526.34,5481618.68,85
H:\核心存储\收藏馆（核心馆）\默读广播剧,默读.第1季.06.mp3,95382.34,5481618.68,85
H:\核心存储\收藏馆（核心馆）\默读广播剧,默读.第1季.07.MP3,34054.34,5481618.68,85
H:\核心存储\收藏馆（核心馆）\默读广播剧,默读.第1季.08.mp3,63993.36,5481618.68,85
H:\核心存储\收藏馆（核心馆）\默读广播剧,默读.第1季.09.mp3,94394.34,5481618.68,85
H:\核心存储\收藏馆（核心馆）\默读广播剧,默读.第1季.10.mp3,95487.44,5481618.68,85
H:\核心存储\收藏馆（核心馆）\默读广播剧,默读.第1季.中秋特供小剧场《送月饼》.mp3,10034.34,5481618.68,85
H:\核心存储\收藏馆（核心馆）\默读广播剧,默读.第2季.小剧场.圣诞特别篇.mp3,11638.34,5481618.68,85
H:\核心存储\收藏馆（核心馆）\默读广播剧,默读.第2季.第01话.mp3,82146.34,5481618.68,85
H:\核心存储\收藏馆（核心馆）\默读广播剧,默读.第2季.第02话.mp3,79482.34,5481618.68,85
H:\核心存储\收藏馆（核心馆）\默读广播剧,默读.第2季.第03话.mp3,74666.34,5481618.68,85
H:\核心存储\收藏馆（核心馆）\默读广播剧,默读.第2季.第04话.mp3,35306.34,5481618.68,85
H:\核心存储\收藏馆（核心馆）\默读广播剧,默读.第2季.第05话.mp3,78394.34,5481618.68,85
H:\核心存储\收藏馆（核心馆）\默读广播剧,默读.第2季.第06话.MP3,31326.34,5481618.68,85
H:\核心存储\收藏馆（核心馆）\默读广播剧,默读.第2季.第07话.MP3,32634.34,5481618.68,85
H:\核心存储\收藏馆（核心馆）\默读广播剧,默读.第2季.第08话.mp3,89126.34,5481618.68,85
H:\核心存储\收藏馆（核心馆）\默读广播剧,默读.第2季.第09话.mp3,36270.34,5481618.68,85
H:\核心存储\收藏馆（核心馆）\默读广播剧,默读.第2季.第10话.MP3,34926.34,5481618.68,85
H:\核心存储\收藏馆（核心馆）\默读广播剧,默读.第2季.第11话.MP3,37578.34,5481618.68,85
H:\核心存储\收藏馆（核心馆）\默读广播剧,默读.第3季.新春特别篇.片儿汤侠.mp3,28879.27,5481618.68,85
H:\核心存储\收藏馆（核心馆）\默读广播剧,默读.第3季.甜甜生日特别篇.mp3,12802.74,5481618.68,85
H:\核心存储\收藏馆（核心馆）\默读广播剧,默读.第3季.第01话.mp3,83454.34,5481618.68,85
H:\核心存储\收藏馆（核心馆）\默读广播剧,默读.第3季.第02话.mp3,75586.34,5481618.68,85
H:\核心存储\收藏馆（核心馆）\默读广播剧,默读.第3季.第03话.mp3,74906.34,5481618.68,85
H:\核心存储\收藏馆（核心馆）\默读广播剧,默读.第3季.第04话.mp3,74294.34,5481618.68,85
H:\核心存储\收藏馆（核心馆）\默读广播剧,默读.第3季.第05话.mp3,70214.34,5481618.68,85
H:\核心存储\收藏馆（核心馆）\默读广播剧,默读.第3季.第06话.mp3,76786.34,5481618.68,85
H:\核心存储\收藏馆（核心馆）\默读广播剧,默读.第3季.第07话.mp3,33654.34,5481618.68,85
H:\核心存储\收藏馆（核心馆）\默读广播剧,默读.第3季.第08话.mp3,82102.34,5481618.68,85
H:\核心存储\收藏馆（核心馆）\默读广播剧,默读.第3季.第09话.mp3,87150.34,5481618.68,85
H:\核心存储\收藏馆（核心馆）\默读广播剧,默读.第3季.第09话重制版.mp3,39310.34,5481618.68,85
H:\核心存储\收藏馆（核心馆）\默读广播剧,默读.第3季.第10话.mp3,79374.34,5481618.68,85
H:\核心存储\收藏馆（核心馆）\默读广播剧,默读.第3季.第11话.mp3,80310.34,5481618.68,85
H:\核心存储\收藏馆（核心馆）\默读广播剧,默读.第3季.第12话.mp3,84786.34,5481618.68,85
H:\核心存储\收藏馆（核心馆）\默读广播剧,默读.第3季.第13话END.mp3,89150.34,5481618.68,85
H:\核心存储\收藏馆（核心馆）\默读广播剧,默读.第4季.01.mp3,49454.34,5481618.68,85
H:\核心存储\收藏馆（核心馆）\默读广播剧,默读.第4季.02.mp3,82546.34,5481618.68,85
H:\核心存储\收藏馆（核心馆）\默读广播剧,默读.第4季.03.mp3,75350.34,5481618.68,85
H:\核心存储\收藏馆（核心馆）\默读广播剧,默读.第4季.04.mp3,75930.34,5481618.68,85
H:\核心存储\收藏馆（核心馆）\默读广播剧,默读.第4季.05.mp3,83006.34,5481618.68,85
H:\核心存储\收藏馆（核心馆）\默读广播剧,默读.第4季.06.mp3,73068.05,5481618.68,85
H:\核心存储\收藏馆（核心馆）\默读广播剧,默读.第4季.07.mp3,75826.34,5481618.68,85
H:\核心存储\收藏馆（核心馆）\默读广播剧,默读.第4季.08.mp3,86162.34,5481618.68,85
H:\核心存储\收藏馆（核心馆）\默读广播剧,默读.第4季.09.mp3,81851.72,5481618.68,85
H:\核心存储\收藏馆（核心馆）\默读广播剧,默读.第4季.10.mp3,81490.34,5481618.68,85
H:\核心存储\收藏馆（核心馆）\默读广播剧,默读.第4季.11.mp3,35162.34,5481618.68,85
H:\核心存储\收藏馆（核心馆）\默读广播剧,默读.第4季.12.mp3,31934.34,5481618.68,85
H:\核心存储\收藏馆（核心馆）\默读广播剧,默读.第4季.13.mp3,79014.34,5481618.68,85
H:\核心存储\收藏馆（核心馆）\默读广播剧,默读.第4季.14.mp3,74022.34,5481618.68,85
H:\核心存储\收藏馆（核心馆）\默读广播剧,默读.第4季.15.mp3,88054.34,5481618.68,85
H:\核心存储\收藏馆（核心馆）\默读广播剧,默读.第4季.16END.mp3,43442.34,5481618.68,85
H:\核心存储\收藏馆（核心馆）\默读广播剧,默读.第4季.中秋小剧场.mp3,10978.34,5481618.68,85
H:\核心存储\收藏馆（核心馆）\默读广播剧,默读.第4季.圣诞小剧场·骆一锅的一天.mp3,14326.34,5481618.68,85
H:\核心存储\收藏馆（核心馆）\默读广播剧,默读.第5季.01.mp3,82818.59,5481618.68,85
H:\核心存储\收藏馆（核心馆）\默读广播剧,默读.第5季.02.mp3,82856.09,5481618.68,85
H:\核心存储\收藏馆（核心馆）\默读广播剧,默读.第5季.03.mp3,75816.4,5481618.68,85
H:\核心存储\收藏馆（核心馆）\默读广播剧,默读.第5季.04.mp3,30375.21,5481618.68,85
H:\核心存储\收藏馆（核心馆）\默读广播剧,默读.第5季.05.mp3,35251.71,5481618.68,85
H:\核心存储\收藏馆（核心馆）\默读广播剧,默读.第5季.06.mp3,88824.21,5481618.68,85
H:\核心存储\收藏馆（核心馆）\默读广播剧,默读.第5季.07.mp3,88807.34,5481618.68,85
H:\核心存储\收藏馆（核心馆）\默读广播剧,默读.第5季.08.mp3,85134.21,5481618.68,85
H:\核心存储\收藏馆（核心馆）\默读广播剧,默读.第5季.09.mp3,90509.84,5481618.68,85
H:\核心存储\收藏馆（核心馆）\默读广播剧,默读.第5季.10.mp3,75130.15,5481618.68,85
H:\核心存储\收藏馆（核心馆）\默读广播剧,默读.第5季.11.mp3,94645.15,5481618.68,85
H:\核心存储\收藏馆（核心馆）\默读广播剧,默读.第5季.12.mp3,82434.21,5481618.68,85
H:\核心存储\收藏馆（核心馆）\默读广播剧,默读.第5季.13.mp3,77335.15,5481618.68,85
H:\核心存储\收藏馆（核心馆）\默读广播剧,默读.第5季.14.mp3,74224.52,5481618.68,85
H:\核心存储\收藏馆（核心馆）\默读广播剧,默读.第5季.15.mp3,56343.59,5481618.68,85
H:\核心存储\收藏馆（核心馆）\默读广播剧,默读.第5季.16.mp3,83642.65,5481618.68,85
H:\核心存储\收藏馆（核心馆）\默读广播剧,默读.第5季.17.mp3,87544.52,5481618.68,85
H:\核心存储\收藏馆（核心馆）\默读广播剧,默读.第5季.18.mp3,52840.9,5481618.68,85
H:\核心存储\收藏馆（核心馆）\默读广播剧,默读.第5季.19.mp3,88838.27,5481618.68,85
H:\核心存储\收藏馆（核心馆）\默读广播剧,默读.第5季.20.mp3,60835.71,5481618.68,85
H:\核心存储\收藏馆（核心馆）\默读广播剧,默读.第5季.21.mp3,56343.59,5481618.68,85
H:\核心存储\收藏馆（核心馆）\默读广播剧,默读.第5季.22 END.mp3,164681.09,5481618.68,85
H:\核心存储\收藏馆（核心馆）\默读广播剧,默读.第5季.完结番外01·向阳而生.mp3,22281.57,5481618.68,85
H:\核心存储\收藏馆（核心馆）\默读广播剧,默读.第5季.完结番外02·从今以后.mp3,28939.89,5481618.68,85
H:\核心存储\收藏馆（核心馆）\默读广播剧,默读.第5季.完结番外03·脚印.mp3,25856.45,5481618.68,85
H:\核心存储\收藏馆（核心馆）\默读广播剧,默读.第5季.完结番外04·一地猫毛.mp3,20448.13,5481618.68,85
H:\核心存储\收藏馆（核心馆）\默读广播剧,默读.第5季.完结番外05·小猫猫.mp3,34078.93,5481618.68,85
H:\核心存储\收藏馆（核心馆）\默读广播剧,默读.第5季.完结番外06·万家灯火.mp3,37737.06,5481618.68,85
H:\核心存储\档案馆\2001-2006 学龄前,IMG_20220209_222858.jpg,3009.37,27972.84,9
H:\核心存储\档案馆\2001-2006 学龄前,IMG_20220209_223549.jpg,3031.52,27972.84,9
H:\核心存储\档案馆\2001-2006 学龄前,IMG_20220209_224001.jpg,3265.04,27972.84,9
H:\核心存储\档案馆\2001-2006 学龄前,IMG_20220209_224452.jpg,3368.59,27972.84,9
H:\核心存储\档案馆\2001-2006 学龄前,IMG_20220209_224652.jpg,3932.2,27972.84,9
H:\核心存储\档案馆\2001-2006 学龄前,IMG_20220209_225532.jpg,2878.26,27972.84,9
H:\核心存储\档案馆\2001-2006 学龄前,IMG_20220209_230939.jpg,3176.84,27972.84,9
H:\核心存储\档案馆\2001-2006 学龄前,IMG_20220209_231028.jpg,3103.51,27972.84,9
H:\核心存储\档案馆\2001-2006 学龄前,mmexport1687676512556.jpg,2207.51,27972.84,9
H:\核心存储\档案馆\2007-2013 小学,IMG_20240316_072416.jpg,3749.02,59092.65,8
H:\核心存储\档案馆\2007-2013 小学,三牧自主招生.jpg,1137.5,59092.65,8
H:\核心存储\档案馆\2007-2013 小学,中考准考证.jpg,978.36,59092.65,8
H:\核心存储\档案馆\2007-2013 小学,电子琴考级证书.jpg,252.72,59092.65,8
H:\核心存储\档案馆\2007-2013 小学,第一张身份证.jpg,58.23,59092.65,8
H:\核心存储\档案馆\2007-2013 小学,英语演讲比赛.mp4,52372.33,59092.65,8
H:\核心存储\档案馆\2007-2013 小学,跆拳道比赛1.jpg,287.01,59092.65,8
H:\核心存储\档案馆\2007-2013 小学,跆拳道比赛2.jpg,257.49,59092.65,8
H:\核心存储\档案馆\2013-2016 初中\初一五,上课.jpg,109.07,686.38,4
H:\核心存储\档案馆\2013-2016 初中\初一五,吉他表演.jpg,310.18,686.38,4
H:\核心存储\档案馆\2013-2016 初中\初一五,英语老师.jpg,86.38,686.38,4
H:\核心存储\档案馆\2013-2016 初中\初一五,运动会.jpg,180.75,686.38,4
H:\核心存储\档案馆\2013-2016 初中\初一五\乔登,James.jpg,1122.84,20056.12,14
H:\核心存储\档案馆\2013-2016 初中\初一五\乔登,Jamie和James.jpg,1936.72,20056.12,14
H:\核心存储\档案馆\2013-2016 初中\初一五\乔登,刨坑 1.jpg,1174.86,20056.12,14
H:\核心存储\档案馆\2013-2016 初中\初一五\乔登,刨坑 2.jpg,1626.03,20056.12,14
H:\核心存储\档案馆\2013-2016 初中\初一五\乔登,刨坑 3.jpg,2035.8,20056.12,14
H:\核心存储\档案馆\2013-2016 初中\初一五\乔登,刨坑 4.jpg,1781.02,20056.12,14
H:\核心存储\档案馆\2013-2016 初中\初一五\乔登,我种的树.jpg,1379.33,20056.12,14
H:\核心存储\档案馆\2013-2016 初中\初一五\乔登,我钓的鱼.jpg,1296.23,20056.12,14
H:\核心存储\档案馆\2013-2016 初中\初一五\乔登,班级.jpg,1277.67,20056.12,14
H:\核心存储\档案馆\2013-2016 初中\初一五\乔登,磨豆浆.jpg,784.25,20056.12,14
H:\核心存储\档案馆\2013-2016 初中\初一五\乔登,走走走.jpg,1555.85,20056.12,14
H:\核心存储\档案馆\2013-2016 初中\初一五\乔登,这里有只花.jpg,1874.66,20056.12,14
H:\核心存储\档案馆\2013-2016 初中\初一五\乔登,马1.jpg,1071.12,20056.12,14
H:\核心存储\档案馆\2013-2016 初中\初一五\乔登,马2.jpg,1139.74,20056.12,14
H:\核心存储\档案馆\2013-2016 初中\初一五\军训（马保）,军训进行时.jpg,243.5,698.6,4
H:\核心存储\档案馆\2013-2016 初中\初一五\军训（马保）,合照1.jpg,82.73,698.6,4
H:\核心存储\档案馆\2013-2016 初中\初一五\军训（马保）,合照2.jpg,150.94,698.6,4
H:\核心存储\档案馆\2013-2016 初中\初一五\军训（马保）,最后几天的彩排.jpg,221.43,698.6,4
H:\核心存储\档案馆\2013-2016 初中\初三五,课程表.jpg,64.92,499.9,2
H:\核心存储\档案馆\2013-2016 初中\初三五,运动会，在文博.jpg,434.99,499.9,2
H:\核心存储\档案馆\2013-2016 初中\初三五\中考&毕业,5班小题得分.xls,31.0,759.7,9
H:\核心存储\档案馆\2013-2016 初中\初三五\中考&毕业,5班语文小题得分.xls,40.5,759.7,9
H:\核心存储\档案馆\2013-2016 初中\初三五\中考&毕业,中考成绩.png,100.74,759.7,9
H:\核心存储\档案馆\2013-2016 初中\初三五\中考&毕业,初三成绩表.xls,28.5,759.7,9
H:\核心存储\档案馆\2013-2016 初中\初三五\中考&毕业,新目标 1.jpg,86.26,759.7,9
H:\核心存储\档案馆\2013-2016 初中\初三五\中考&毕业,新目标 2.jpg,237.2,759.7,9
H:\核心存储\档案馆\2013-2016 初中\初三五\中考&毕业,毕业典礼 1.jpg,96.37,759.7,9
H:\核心存储\档案馆\2013-2016 初中\初三五\中考&毕业,毕业典礼 2.jpg,57.39,759.7,9
H:\核心存储\档案馆\2013-2016 初中\初三五\中考&毕业,谢师宴.jpg,81.74,759.7,9
H:\核心存储\档案馆\2013-2016 初中\初三五\小物件,书桌.jpg,261.57,740.74,7
H:\核心存储\档案馆\2013-2016 初中\初三五\小物件,政治书恶搞.jpg,114.64,740.74,7
H:\核心存储\档案馆\2013-2016 初中\初三五\小物件,校卡的窝 1.jpg,69.1,740.74,7
H:\核心存储\档案馆\2013-2016 初中\初三五\小物件,校卡的窝 2.jpg,54.22,740.74,7
H:\核心存储\档案馆\2013-2016 初中\初三五\小物件,校卡的窝 3.jpg,58.11,740.74,7
H:\核心存储\档案馆\2013-2016 初中\初三五\小物件,校服.jpg,75.63,740.74,7
H:\核心存储\档案馆\2013-2016 初中\初三五\小物件,英语书恶搞.jpg,107.48,740.74,7
H:\核心存储\档案馆\2013-2016 初中\初三五\班班有歌声,合唱.jpg,111.67,66492.57,3
H:\核心存储\档案馆\2013-2016 初中\初三五\班班有歌声,班班有歌声1.mp4,37774.5,66492.57,3
H:\核心存储\档案馆\2013-2016 初中\初三五\班班有歌声,班班有歌声2.mp4,28606.39,66492.57,3
H:\核心存储\档案馆\2013-2016 初中\初二五,会考前白羊发短信鼓励.jpg,260.01,461.25,3
H:\核心存储\档案馆\2013-2016 初中\初二五,军训（龙翔）宿舍发癫.JPG,22.65,461.25,3
H:\核心存储\档案馆\2013-2016 初中\初二五,我和喵喵.jpg,178.6,461.25,3
H:\核心存储\档案馆\2013-2016 初中\初二五\师大二附中模联,开始前.jpg,759.3,2818.56,3
H:\核心存储\档案馆\2013-2016 初中\初二五\师大二附中模联,我和我的高二助理.jpg,851.02,2818.56,3
H:\核心存储\档案馆\2013-2016 初中\初二五\师大二附中模联,结束后.jpg,1208.25,2818.56,3
H:\核心存储\档案馆\2013-2016 初中\初二五\福州魔方赛，第一次参赛,2015WCA福州魔方公开赛.jpg,844.19,60484.25,8
H:\核心存储\档案馆\2013-2016 初中\初二五\福州魔方赛，第一次参赛,三阶 1.mp4,23168.74,60484.25,8
H:\核心存储\档案馆\2013-2016 初中\初二五\福州魔方赛，第一次参赛,三阶 2.mp4,17136.83,60484.25,8
H:\核心存储\档案馆\2013-2016 初中\初二五\福州魔方赛，第一次参赛,二阶.mp4,7037.6,60484.25,8
H:\核心存储\档案馆\2013-2016 初中\初二五\福州魔方赛，第一次参赛,成绩.png,147.39,60484.25,8
H:\核心存储\档案馆\2013-2016 初中\初二五\福州魔方赛，第一次参赛,斜转ok.jpg,889.43,60484.25,8
H:\核心存储\档案馆\2013-2016 初中\初二五\福州魔方赛，第一次参赛,等.jpg,899.83,60484.25,8
H:\核心存储\档案馆\2013-2016 初中\初二五\福州魔方赛，第一次参赛,金字塔.mp4,10360.24,60484.25,8
H:\核心存储\档案馆\2013-2016 初中\卓卷,体验课 1.jpg,661.94,13646.69,9
H:\核心存储\档案馆\2013-2016 初中\卓卷,体验课 2.jpg,571.98,13646.69,9
H:\核心存储\档案馆\2013-2016 初中\卓卷,圣诞节 1.mp4,8333.68,13646.69,9
H:\核心存储\档案馆\2013-2016 初中\卓卷,圣诞节 2.jpg,878.72,13646.69,9
H:\核心存储\档案馆\2013-2016 初中\卓卷,天天向上 1.jpg,1087.89,13646.69,9
H:\核心存储\档案馆\2013-2016 初中\卓卷,天天向上 2.jpg,989.92,13646.69,9
H:\核心存储\档案馆\2013-2016 初中\卓卷,天天向上 3.jpg,695.85,13646.69,9
H:\核心存储\档案馆\2013-2016 初中\卓卷,天天向上 5.jpg,370.68,13646.69,9
H:\核心存储\档案馆\2013-2016 初中\卓卷,无聊导图.jpg,56.03,13646.69,9
H:\核心存储\档案馆\2013-2016 初中\卓卷\一阶,superbear.jpg,37.27,79.88,4
H:\核心存储\档案馆\2013-2016 初中\卓卷\一阶,大象.jpg,18.96,79.88,4
H:\核心存储\档案馆\2013-2016 初中\卓卷\一阶,桂林山水.jpg,18.03,79.88,4
H:\核心存储\档案馆\2013-2016 初中\卓卷\一阶,采访.jpg,5.6,79.88,4
H:\核心存储\档案馆\2013-2016 初中\卓卷\一阶\结营典礼,1.mp4,622465.99,1355409.29,11
H:\核心存储\档案馆\2013-2016 初中\卓卷\一阶\结营典礼,10.3gp,7633.29,1355409.29,11
H:\核心存储\档案馆\2013-2016 初中\卓卷\一阶\结营典礼,11.3gp,61745.69,1355409.29,11
H:\核心存储\档案馆\2013-2016 初中\卓卷\一阶\结营典礼,2.3gp,92456.96,1355409.29,11
H:\核心存储\档案馆\2013-2016 初中\卓卷\一阶\结营典礼,3.3gp,72405.43,1355409.29,11
H:\核心存储\档案馆\2013-2016 初中\卓卷\一阶\结营典礼,4.3gp,95917.63,1355409.29,11
H:\核心存储\档案馆\2013-2016 初中\卓卷\一阶\结营典礼,5.3gp,71371.97,1355409.29,11
H:\核心存储\档案馆\2013-2016 初中\卓卷\一阶\结营典礼,6.3gp,11246.23,1355409.29,11
H:\核心存储\档案馆\2013-2016 初中\卓卷\一阶\结营典礼,7.3gp,1003.82,1355409.29,11
H:\核心存储\档案馆\2013-2016 初中\卓卷\一阶\结营典礼,8.3gp,273089.14,1355409.29,11
H:\核心存储\档案馆\2013-2016 初中\卓卷\一阶\结营典礼,9.3gp,46073.12,1355409.29,11
H:\核心存储\档案馆\2013-2016 初中\卓卷\三阶,到达北京.jpg,47.97,440.64,4
H:\核心存储\档案馆\2013-2016 初中\卓卷\三阶,梦中的婚礼1.jpg,317.59,440.64,4
H:\核心存储\档案馆\2013-2016 初中\卓卷\三阶,梦中的婚礼2.jpg,34.87,440.64,4
H:\核心存储\档案馆\2013-2016 初中\卓卷\三阶,梦中的婚礼3.jpg,40.21,440.64,4
H:\核心存储\档案馆\2013-2016 初中\卓卷\丽江志行天下,印象丽江.jpg,288.61,159168.16,8
H:\核心存储\档案馆\2013-2016 初中\卓卷\丽江志行天下,印象丽江.mp4,154265.54,159168.16,8
H:\核心存储\档案馆\2013-2016 初中\卓卷\丽江志行天下,机场1.jpg,1155.86,159168.16,8
H:\核心存储\档案馆\2013-2016 初中\卓卷\丽江志行天下,机场2.jpg,1278.51,159168.16,8
H:\核心存储\档案馆\2013-2016 初中\卓卷\丽江志行天下,机场3.jpg,1257.33,159168.16,8
H:\核心存储\档案馆\2013-2016 初中\卓卷\丽江志行天下,玉液湖.jpg,361.75,159168.16,8
H:\核心存储\档案馆\2013-2016 初中\卓卷\丽江志行天下,耶.jpg,303.29,159168.16,8
H:\核心存储\档案馆\2013-2016 初中\卓卷\丽江志行天下,营地我房间门口.jpg,257.28,159168.16,8
H:\核心存储\档案馆\2013-2016 初中\卓卷\助教,第一次当助教.jpg,136.3,2189.64,6
H:\核心存储\档案馆\2013-2016 初中\卓卷\助教,第一次当助教帮忙画导图.jpg,318.35,2189.64,6
H:\核心存储\档案馆\2013-2016 初中\卓卷\助教,第一次当助教，mary是学员.jpg,885.94,2189.64,6
H:\核心存储\档案馆\2013-2016 初中\卓卷\助教,第二次当助教.jpg,272.05,2189.64,6
H:\核心存储\档案馆\2013-2016 初中\卓卷\助教,第二次当助教口诀.jpg,271.49,2189.64,6
H:\核心存储\档案馆\2013-2016 初中\卓卷\助教,黑客发给我的第一次当助教照片.jpg,305.51,2189.64,6
H:\核心存储\档案馆\2013-2016 初中\校园,一楼去往小卖部的路 1.jpg,85.17,4344.93,47
H:\核心存储\档案馆\2013-2016 初中\校园,一楼去往小卖部的路 2.jpg,98.96,4344.93,47
H:\核心存储\档案馆\2013-2016 初中\校园,五楼入口.jpg,47.08,4344.93,47
H:\核心存储\档案馆\2013-2016 初中\校园,五楼的廊桥1.jpg,67.6,4344.93,47
H:\核心存储\档案馆\2013-2016 初中\校园,五楼的廊桥2.jpg,60.36,4344.93,47
H:\核心存储\档案馆\2013-2016 初中\校园,五楼的廊桥3.jpg,64.49,4344.93,47
H:\核心存储\档案馆\2013-2016 初中\校园,从楼上看操场.jpg,73.06,4344.93,47
H:\核心存储\档案馆\2013-2016 初中\校园,休息的长椅.jpg,98.24,4344.93,47
H:\核心存储\档案馆\2013-2016 初中\校园,公告栏.jpg,109.94,4344.93,47
H:\核心存储\档案馆\2013-2016 初中\校园,初一办公室门口.jpg,111.91,4344.93,47
H:\核心存储\档案馆\2013-2016 初中\校园,初三五.jpg,51.99,4344.93,47
H:\核心存储\档案馆\2013-2016 初中\校园,初三五教室1.jpg,66.98,4344.93,47
H:\核心存储\档案馆\2013-2016 初中\校园,初三五教室2.jpg,68.75,4344.93,47
H:\核心存储\档案馆\2013-2016 初中\校园,初三五教室3.jpg,84.88,4344.93,47
H:\核心存储\档案馆\2013-2016 初中\校园,初三老师办公室.jpg,47.92,4344.93,47
H:\核心存储\档案馆\2013-2016 初中\校园,初中楼 1.jpg,100.5,4344.93,47
H:\核心存储\档案馆\2013-2016 初中\校园,初中楼 2.jpg,118.73,4344.93,47
H:\核心存储\档案馆\2013-2016 初中\校园,初中楼一楼.jpg,82.07,4344.93,47
H:\核心存储\档案馆\2013-2016 初中\校园,初中楼前 1.jpg,116.75,4344.93,47
H:\核心存储\档案馆\2013-2016 初中\校园,初中楼前 2.jpg,97.34,4344.93,47
H:\核心存储\档案馆\2013-2016 初中\校园,初中楼前 3.jpg,107.76,4344.93,47
H:\核心存储\档案馆\2013-2016 初中\校园,初中楼前 4.jpg,126.3,4344.93,47
H:\核心存储\档案馆\2013-2016 初中\校园,初中楼前 5.jpg,123.55,4344.93,47
H:\核心存储\档案馆\2013-2016 初中\校园,办公楼与高中楼.jpg,111.25,4344.93,47
H:\核心存储\档案馆\2013-2016 初中\校园,围墙.jpg,118.29,4344.93,47
H:\核心存储\档案馆\2013-2016 初中\校园,图书馆，会议厅都在的楼.jpg,73.81,4344.93,47
H:\核心存储\档案馆\2013-2016 初中\校园,大厅上楼的楼梯.jpg,59.09,4344.93,47
H:\核心存储\档案馆\2013-2016 初中\校园,大厅里报告厅.jpg,76.9,4344.93,47
H:\核心存储\档案馆\2013-2016 初中\校园,小花园.jpg,110.24,4344.93,47
H:\核心存储\档案馆\2013-2016 初中\校园,我最后的位置.jpg,52.93,4344.93,47
H:\核心存储\档案馆\2013-2016 初中\校园,操场 1.jpg,102.38,4344.93,47
H:\核心存储\档案馆\2013-2016 初中\校园,操场 2.jpg,94.07,4344.93,47
H:\核心存储\档案馆\2013-2016 初中\校园,明星墙 1.jpg,106.52,4344.93,47
H:\核心存储\档案馆\2013-2016 初中\校园,明星墙 2.jpg,84.08,4344.93,47
H:\核心存储\档案馆\2013-2016 初中\校园,校门口1.jpg,134.49,4344.93,47
H:\核心存储\档案馆\2013-2016 初中\校园,校门口2.jpg,97.57,4344.93,47
H:\核心存储\档案馆\2013-2016 初中\校园,校门口生物园.jpg,106.29,4344.93,47
H:\核心存储\档案馆\2013-2016 初中\校园,楼梯 1.jpg,70.91,4344.93,47
H:\核心存储\档案馆\2013-2016 初中\校园,楼梯 2.jpg,74.18,4344.93,47
H:\核心存储\档案馆\2013-2016 初中\校园,综合楼前小空地.jpg,91.61,4344.93,47
H:\核心存储\档案馆\2013-2016 初中\校园,那颗高大的木棉树.jpg,199.67,4344.93,47
H:\核心存储\档案馆\2013-2016 初中\校园,铜盘的楼.jpg,86.08,4344.93,47
H:\核心存储\档案馆\2013-2016 初中\校园,门口的大厅1.jpg,85.45,4344.93,47
H:\核心存储\档案馆\2013-2016 初中\校园,门口的大厅2.jpg,99.01,4344.93,47
H:\核心存储\档案馆\2013-2016 初中\校园,门口的大厅3.jpg,93.68,4344.93,47
H:\核心存储\档案馆\2013-2016 初中\校园,门口的大厅4.jpg,95.98,4344.93,47
H:\核心存储\档案馆\2013-2016 初中\校园,门口的大厅5.jpg,110.14,4344.93,47
H:\核心存储\档案馆\2013-2016 初中\零散,1.jpg,1324.23,42564.43,41
H:\核心存储\档案馆\2013-2016 初中\零散,10.jpg,906.52,42564.43,41
H:\核心存储\档案馆\2013-2016 初中\零散,11.jpg,1667.14,42564.43,41
H:\核心存储\档案馆\2013-2016 初中\零散,12.jpg,1439.53,42564.43,41
H:\核心存储\档案馆\2013-2016 初中\零散,13.jpg,1428.05,42564.43,41
H:\核心存储\档案馆\2013-2016 初中\零散,14.jpg,1021.72,42564.43,41
H:\核心存储\档案馆\2013-2016 初中\零散,15.jpg,1573.77,42564.43,41
H:\核心存储\档案馆\2013-2016 初中\零散,16.jpg,865.57,42564.43,41
H:\核心存储\档案馆\2013-2016 初中\零散,17.jpg,1277.34,42564.43,41
H:\核心存储\档案馆\2013-2016 初中\零散,18.jpg,945.76,42564.43,41
H:\核心存储\档案馆\2013-2016 初中\零散,19.jpg,1047.55,42564.43,41
H:\核心存储\档案馆\2013-2016 初中\零散,2.jpg,906.34,42564.43,41
H:\核心存储\档案馆\2013-2016 初中\零散,20.jpg,1080.76,42564.43,41
H:\核心存储\档案馆\2013-2016 初中\零散,21.jpg,908.03,42564.43,41
H:\核心存储\档案馆\2013-2016 初中\零散,22.jpg,888.71,42564.43,41
H:\核心存储\档案馆\2013-2016 初中\零散,23.jpg,816.17,42564.43,41
H:\核心存储\档案馆\2013-2016 初中\零散,24.jpg,762.81,42564.43,41
H:\核心存储\档案馆\2013-2016 初中\零散,25.jpg,586.18,42564.43,41
H:\核心存储\档案馆\2013-2016 初中\零散,26.jpg,700.06,42564.43,41
H:\核心存储\档案馆\2013-2016 初中\零散,27.jpg,725.31,42564.43,41
H:\核心存储\档案馆\2013-2016 初中\零散,28.jpg,700.43,42564.43,41
H:\核心存储\档案馆\2013-2016 初中\零散,29.jpg,675.43,42564.43,41
H:\核心存储\档案馆\2013-2016 初中\零散,3.jpg,1228.25,42564.43,41
H:\核心存储\档案馆\2013-2016 初中\零散,30.jpg,1796.45,42564.43,41
H:\核心存储\档案馆\2013-2016 初中\零散,32.jpg,1910.85,42564.43,41
H:\核心存储\档案馆\2013-2016 初中\零散,33.jpg,1157.58,42564.43,41
H:\核心存储\档案馆\2013-2016 初中\零散,34.jpg,1915.09,42564.43,41
H:\核心存储\档案馆\2013-2016 初中\零散,35.jpg,954.24,42564.43,41
H:\核心存储\档案馆\2013-2016 初中\零散,36.jpg,1087.76,42564.43,41
H:\核心存储\档案馆\2013-2016 初中\零散,37.jpg,1095.91,42564.43,41
H:\核心存储\档案馆\2013-2016 初中\零散,38.jpg,1233.3,42564.43,41
H:\核心存储\档案馆\2013-2016 初中\零散,39.jpg,1106.32,42564.43,41
H:\核心存储\档案馆\2013-2016 初中\零散,4.jpg,1055.86,42564.43,41
H:\核心存储\档案馆\2013-2016 初中\零散,5.jpg,1621.94,42564.43,41
H:\核心存储\档案馆\2013-2016 初中\零散,6.jpg,880.58,42564.43,41
H:\核心存储\档案馆\2013-2016 初中\零散,7.jpg,564.95,42564.43,41
H:\核心存储\档案馆\2013-2016 初中\零散,8.jpg,850.41,42564.43,41
H:\核心存储\档案馆\2013-2016 初中\零散,9.jpg,820.56,42564.43,41
H:\核心存储\档案馆\2013-2016 初中\零散,去东山游泳.jpg,324.76,42564.43,41
H:\核心存储\档案馆\2013-2016 初中\零散,第一次密室逃脱前的烤肉 1.jpg,304.83,42564.43,41
H:\核心存储\档案馆\2013-2016 初中\零散,第一次密室逃脱前的烤肉 2.jpg,407.4,42564.43,41
H:\核心存储\档案馆\2016-2019 高中\卓卷,导图.jpg,699.08,814.26,2
H:\核心存储\档案馆\2016-2019 高中\卓卷,第三次导图展.jpg,115.17,814.26,2
H:\核心存储\档案馆\2016-2019 高中\卓卷\助教 （向骄傲出发）,1.jpg,249.08,1009.67,3
H:\核心存储\档案馆\2016-2019 高中\卓卷\助教 （向骄傲出发）,2.jpg,164.96,1009.67,3
H:\核心存储\档案馆\2016-2019 高中\卓卷\助教 （向骄傲出发）,3.jpg,595.62,1009.67,3
H:\核心存储\档案馆\2016-2019 高中\卓卷\天生我才,去的时候飞机晚点.jpg,362.28,912.22,3
H:\核心存储\档案馆\2016-2019 高中\卓卷\天生我才,坐地铁回家.jpg,250.88,912.22,3
H:\核心存储\档案馆\2016-2019 高中\卓卷\天生我才,酒店.jpg,299.06,912.22,3
H:\核心存储\档案馆\2016-2019 高中\志愿者,三坊七巷家风家训馆 1.jpg,3240.5,9704.51,3
H:\核心存储\档案馆\2016-2019 高中\志愿者,三坊七巷家风家训馆 2.jpg,3320.33,9704.51,3
H:\核心存储\档案馆\2016-2019 高中\志愿者,高一上和严龙萍在西湖.jpg,3143.68,9704.51,3
H:\核心存储\档案馆\2016-2019 高中\高一十,(＾－＾)V.jpg,1004.36,11398.27,17
H:\核心存储\档案馆\2016-2019 高中\高一十,MR.jpg,239.03,11398.27,17
H:\核心存储\档案馆\2016-2019 高中\高一十,一夹子抓两个，那只熊送给兰景森了.jpg,319.48,11398.27,17
H:\核心存储\档案馆\2016-2019 高中\高一十,一月份穿短袖.jpg,299.08,11398.27,17
H:\核心存储\档案馆\2016-2019 高中\高一十,三坊七巷油纸伞展览.jpg,2007.65,11398.27,17
H:\核心存储\档案馆\2016-2019 高中\高一十,乌山自拍，人生第一张自拍.jpg,316.26,11398.27,17
H:\核心存储\档案馆\2016-2019 高中\高一十,国旗下讲话--内容（高一时候干的事）.doc,29.5,11398.27,17
H:\核心存储\档案馆\2016-2019 高中\高一十,奖牌和奖状.jpg,331.18,11398.27,17
H:\核心存储\档案馆\2016-2019 高中\高一十,志愿者感想.doc,3289.0,11398.27,17
H:\核心存储\档案馆\2016-2019 高中\高一十,我和泽姐咏春下课.jpg,355.66,11398.27,17
H:\核心存储\档案馆\2016-2019 高中\高一十,我和雷杰，高一同桌.jpg,100.81,11398.27,17
H:\核心存储\档案馆\2016-2019 高中\高一十,汉服.jpg,1760.51,11398.27,17
H:\核心存储\档案馆\2016-2019 高中\高一十,游戏城投篮.jpg,340.72,11398.27,17
H:\核心存储\档案馆\2016-2019 高中\高一十,电子百拼名次.jpg,297.1,11398.27,17
H:\核心存储\档案馆\2016-2019 高中\高一十,电子百拼省赛.jpg,247.1,11398.27,17
H:\核心存储\档案馆\2016-2019 高中\高一十,第一幅如此酷的画.jpg,55.39,11398.27,17
H:\核心存储\档案馆\2016-2019 高中\高一十,踏春.jpg,405.43,11398.27,17
H:\核心存储\档案馆\2016-2019 高中\高三六,2011福州十八中科藝節《深呼吸》陳焱&孙雷——意外在网上发现陈焱以前唱歌的视频.mp4,9447.79,42385.92,20
H:\核心存储\档案馆\2016-2019 高中\高三六,cy—2019.1.12—截图于2019.1.13.png,734.86,42385.92,20
H:\核心存储\档案馆\2016-2019 高中\高三六,同学拍大勇抽烟.mp4,4085.2,42385.92,20
H:\核心存储\档案馆\2016-2019 高中\高三六,哈哈哈 1.png,287.1,42385.92,20
H:\核心存储\档案馆\2016-2019 高中\高三六,哈哈哈 2.png,148.15,42385.92,20
H:\核心存储\档案馆\2016-2019 高中\高三六,喊楼前.jpg,3401.43,42385.92,20
H:\核心存储\档案馆\2016-2019 高中\高三六,地铁跑酷超厉害 1.png,1032.79,42385.92,20
H:\核心存储\档案馆\2016-2019 高中\高三六,地铁跑酷超厉害 2.png,297.42,42385.92,20
H:\核心存储\档案馆\2016-2019 高中\高三六,心理测试.png,1152.81,42385.92,20
H:\核心存储\档案馆\2016-2019 高中\高三六,晚自习的学校 1.jpg,2094.8,42385.92,20
H:\核心存储\档案馆\2016-2019 高中\高三六,晚自习的学校 2.jpg,243.63,42385.92,20
H:\核心存储\档案馆\2016-2019 高中\高三六,画手1-1.jpg,487.22,42385.92,20
H:\核心存储\档案馆\2016-2019 高中\高三六,画手1-2.jpg,2041.52,42385.92,20
H:\核心存储\档案馆\2016-2019 高中\高三六,画手2-1.jpg,4818.57,42385.92,20
H:\核心存储\档案馆\2016-2019 高中\高三六,画手2-2.jpg,4258.99,42385.92,20
H:\核心存储\档案馆\2016-2019 高中\高三六,画手2-3.jpg,4355.02,42385.92,20
H:\核心存储\档案馆\2016-2019 高中\高三六,高中最后一个生日 1.png,90.9,42385.92,20
H:\核心存储\档案馆\2016-2019 高中\高三六,高中最后一个生日 2.png,501.09,42385.92,20
H:\核心存储\档案馆\2016-2019 高中\高三六,高二升高三暑假，在摩玛咖啡写暑假作业.jpg,2600.7,42385.92,20
H:\核心存储\档案馆\2016-2019 高中\高三六,高二升高三的暑假......两个无聊的老师.png,305.94,42385.92,20
H:\核心存储\档案馆\2016-2019 高中\高三六\一堆课程表和考试安排,高三上学期课程表.jpg,50.16,129.39,3
H:\核心存储\档案馆\2016-2019 高中\高三六\一堆课程表和考试安排,高三周六上课课表.jpg,35.76,129.39,3
H:\核心存储\档案馆\2016-2019 高中\高三六\一堆课程表和考试安排,高二升高三暑假课程表.jpg,43.48,129.39,3
H:\核心存储\档案馆\2016-2019 高中\高三六\陈宇豪生日，送了他一个模型船，在他家，四个人，拼到凌晨,1.jpg,182.48,1226.72,6
H:\核心存储\档案馆\2016-2019 高中\高三六\陈宇豪生日，送了他一个模型船，在他家，四个人，拼到凌晨,2.jpg,226.24,1226.72,6
H:\核心存储\档案馆\2016-2019 高中\高三六\陈宇豪生日，送了他一个模型船，在他家，四个人，拼到凌晨,3.jpg,198.93,1226.72,6
H:\核心存储\档案馆\2016-2019 高中\高三六\陈宇豪生日，送了他一个模型船，在他家，四个人，拼到凌晨,4.jpg,206.7,1226.72,6
H:\核心存储\档案馆\2016-2019 高中\高三六\陈宇豪生日，送了他一个模型船，在他家，四个人，拼到凌晨,5.jpg,211.33,1226.72,6
H:\核心存储\档案馆\2016-2019 高中\高三六\陈宇豪生日，送了他一个模型船，在他家，四个人，拼到凌晨,6.jpg,201.04,1226.72,6
H:\核心存储\档案馆\2016-2019 高中\高三六\高三运动会,“终于”哈哈哈，他从教几十年第一次拿第一哈哈哈.png,556.63,148658.19,57
H:\核心存储\档案馆\2016-2019 高中\高三六\高三运动会,他们在讨论我和肌肉.png,180.08,148658.19,57
H:\核心存储\档案馆\2016-2019 高中\高三六\高三运动会,原来不只是我以为拍粗了啊.png,175.05,148658.19,57
H:\核心存储\档案馆\2016-2019 高中\高三六\高三运动会,合照1.jpg,4477.86,148658.19,57
H:\核心存储\档案馆\2016-2019 高中\高三六\高三运动会,合照10.jpg,339.76,148658.19,57
H:\核心存储\档案馆\2016-2019 高中\高三六\高三运动会,合照11.jpg,7083.88,148658.19,57
H:\核心存储\档案馆\2016-2019 高中\高三六\高三运动会,合照12.jpg,117.28,148658.19,57
H:\核心存储\档案馆\2016-2019 高中\高三六\高三运动会,合照13.jpg,3102.1,148658.19,57
H:\核心存储\档案馆\2016-2019 高中\高三六\高三运动会,合照14.jpg,3384.66,148658.19,57
H:\核心存储\档案馆\2016-2019 高中\高三六\高三运动会,合照15.jpg,5605.91,148658.19,57
H:\核心存储\档案馆\2016-2019 高中\高三六\高三运动会,合照16.jpg,140.55,148658.19,57
H:\核心存储\档案馆\2016-2019 高中\高三六\高三运动会,合照17.jpg,170.17,148658.19,57
H:\核心存储\档案馆\2016-2019 高中\高三六\高三运动会,合照2.jpg,14801.09,148658.19,57
H:\核心存储\档案馆\2016-2019 高中\高三六\高三运动会,合照3.jpg,168.63,148658.19,57
H:\核心存储\档案馆\2016-2019 高中\高三六\高三运动会,合照4.jpg,3262.01,148658.19,57
H:\核心存储\档案馆\2016-2019 高中\高三六\高三运动会,合照5.jpg,342.02,148658.19,57
H:\核心存储\档案馆\2016-2019 高中\高三六\高三运动会,合照6.jpg,5575.98,148658.19,57
H:\核心存储\档案馆\2016-2019 高中\高三六\高三运动会,合照7.jpg,5248.42,148658.19,57
H:\核心存储\档案馆\2016-2019 高中\高三六\高三运动会,合照8.jpg,5560.33,148658.19,57
H:\核心存储\档案馆\2016-2019 高中\高三六\高三运动会,合照9.jpg,9596.75,148658.19,57
H:\核心存储\档案馆\2016-2019 高中\高三六\高三运动会,哈哈哈我的脚.png,173.81,148658.19,57
H:\核心存储\档案馆\2016-2019 高中\高三六\高三运动会,唯一！.png,208.71,148658.19,57
H:\核心存储\档案馆\2016-2019 高中\高三六\高三运动会,团结！.png,180.53,148658.19,57
H:\核心存储\档案馆\2016-2019 高中\高三六\高三运动会,奖状1.jpg,3661.33,148658.19,57
H:\核心存储\档案馆\2016-2019 高中\高三六\高三运动会,奖状2.jpg,153.79,148658.19,57
H:\核心存储\档案馆\2016-2019 高中\高三六\高三运动会,奖状3.jpg,175.01,148658.19,57
H:\核心存储\档案馆\2016-2019 高中\高三六\高三运动会,就是快.png,165.29,148658.19,57
H:\核心存储\档案馆\2016-2019 高中\高三六\高三运动会,心疼航拍一秒钟.png,294.07,148658.19,57
H:\核心存储\档案馆\2016-2019 高中\高三六\高三运动会,快到让人崩溃，甩七八十米不是开玩笑.jpg,56.01,148658.19,57
H:\核心存储\档案馆\2016-2019 高中\高三六\高三运动会,总分表.jpg,116.19,148658.19,57
H:\核心存储\档案馆\2016-2019 高中\高三六\高三运动会,我们班实力围观.png,1871.75,148658.19,57
H:\核心存储\档案馆\2016-2019 高中\高三六\高三运动会,我就出镜了腿.png,1642.74,148658.19,57
H:\核心存储\档案馆\2016-2019 高中\高三六\高三运动会,我是典礼一员诶.png,186.15,148658.19,57
H:\核心存储\档案馆\2016-2019 高中\高三六\高三运动会,比赛1.jpg,5582.29,148658.19,57
H:\核心存储\档案馆\2016-2019 高中\高三六\高三运动会,比赛10.JPG,6687.6,148658.19,57
H:\核心存储\档案馆\2016-2019 高中\高三六\高三运动会,比赛11.jpg,3903.49,148658.19,57
H:\核心存储\档案馆\2016-2019 高中\高三六\高三运动会,比赛12.jpg,6094.54,148658.19,57
H:\核心存储\档案馆\2016-2019 高中\高三六\高三运动会,比赛2.jpg,8.37,148658.19,57
H:\核心存储\档案馆\2016-2019 高中\高三六\高三运动会,比赛3.jpg,5676.0,148658.19,57
H:\核心存储\档案馆\2016-2019 高中\高三六\高三运动会,比赛4.jpg,5107.2,148658.19,57
H:\核心存储\档案馆\2016-2019 高中\高三六\高三运动会,比赛5.jpg,7051.85,148658.19,57
H:\核心存储\档案馆\2016-2019 高中\高三六\高三运动会,比赛6.jpg,6807.03,148658.19,57
H:\核心存储\档案馆\2016-2019 高中\高三六\高三运动会,比赛7.jpg,6687.6,148658.19,57
H:\核心存储\档案馆\2016-2019 高中\高三六\高三运动会,比赛8.JPG,6807.03,148658.19,57
H:\核心存储\档案馆\2016-2019 高中\高三六\高三运动会,比赛9.JPG,7051.85,148658.19,57
H:\核心存储\档案馆\2016-2019 高中\高三六\高三运动会,班牌.jpg,86.03,148658.19,57
H:\核心存储\档案馆\2016-2019 高中\高三六\高三运动会,班级.jpg,82.42,148658.19,57
H:\核心存储\档案馆\2016-2019 高中\高三六\高三运动会,男生们的衣服哈哈哈.png,174.17,148658.19,57
H:\核心存储\档案馆\2016-2019 高中\高三六\高三运动会,真的要给高一吹死，陈焱自己说的，一般拿第一的都是文科班，难得有个理科班哈哈哈.png,169.05,148658.19,57
H:\核心存储\档案馆\2016-2019 高中\高三六\高三运动会,确实，啥都差一点.png,186.54,148658.19,57
H:\核心存储\档案馆\2016-2019 高中\高三六\高三运动会,老师们1.jpg,505.1,148658.19,57
H:\核心存储\档案馆\2016-2019 高中\高三六\高三运动会,老师们2.jpg,702.85,148658.19,57
H:\核心存储\档案馆\2016-2019 高中\高三六\高三运动会,老师们3.jpg,21.84,148658.19,57
H:\核心存储\档案馆\2016-2019 高中\高三六\高三运动会,说我腿又细又白！.png,175.78,148658.19,57
H:\核心存储\档案馆\2016-2019 高中\高三六\高三运动会,赢得没毛病以及飘了的陈焱.jpg,53.41,148658.19,57
H:\核心存储\档案馆\2016-2019 高中\高三六\高三运动会,这人很了解陈焱.jpg,108.7,148658.19,57
H:\核心存储\档案馆\2016-2019 高中\高三六\高三运动会,陈焱破天荒两天发了六条朋友圈，在群里也很活跃，从没看他在社交软件上如此活跃.png,152.9,148658.19,57
H:\核心存储\档案馆\2016-2019 高中\高三六\高三运动会\比赛录像,女子400接力1.mp4,131248.92,2921238.01,9
H:\核心存储\档案馆\2016-2019 高中\高三六\高三运动会\比赛录像,女子400接力2.mp4,115134.54,2921238.01,9
H:\核心存储\档案馆\2016-2019 高中\高三六\高三运动会\比赛录像,混合12·100接力1.MOV,1501467.48,2921238.01,9
H:\核心存储\档案馆\2016-2019 高中\高三六\高三运动会\比赛录像,混合12·100接力2.mp4,361718.32,2921238.01,9
H:\核心存储\档案馆\2016-2019 高中\高三六\高三运动会\比赛录像,混合12·100接力3.mp4,317432.86,2921238.01,9
H:\核心存储\档案馆\2016-2019 高中\高三六\高三运动会\比赛录像,男子400接力1.MOV,245861.47,2921238.01,9
H:\核心存储\档案馆\2016-2019 高中\高三六\高三运动会\比赛录像,男子400接力2.MOV,58875.49,2921238.01,9
H:\核心存储\档案馆\2016-2019 高中\高三六\高三运动会\比赛录像,男子400接力3.MOV,94957.44,2921238.01,9
H:\核心存储\档案馆\2016-2019 高中\高三六\高三运动会\比赛录像,男子400接力4.mp4,94541.49,2921238.01,9
H:\核心存储\档案馆\2016-2019 高中\高三六\高考&毕业,一月市一检信息.jpg,1905.71,64867.93,25
H:\核心存储\档案馆\2016-2019 高中\高三六\高考&毕业,口试报名 1.png,62.68,64867.93,25
H:\核心存储\档案馆\2016-2019 高中\高三六\高考&毕业,口试报名 2.png,100.19,64867.93,25
H:\核心存储\档案馆\2016-2019 高中\高三六\高考&毕业,广州塔1.jpg,4347.17,64867.93,25
H:\核心存储\档案馆\2016-2019 高中\高三六\高考&毕业,广州塔2.jpg,4360.21,64867.93,25
H:\核心存储\档案馆\2016-2019 高中\高三六\高考&毕业,广州塔3.jpg,4426.71,64867.93,25
H:\核心存储\档案馆\2016-2019 高中\高三六\高考&毕业,广州塔4.jpg,1535.27,64867.93,25
H:\核心存储\档案馆\2016-2019 高中\高三六\高考&毕业,广州塔5.jpg,2229.54,64867.93,25
H:\核心存储\档案馆\2016-2019 高中\高三六\高考&毕业,广州塔6.jpg,1609.13,64867.93,25
H:\核心存储\档案馆\2016-2019 高中\高三六\高考&毕业,谢师宴1.jpg,1491.24,64867.93,25
H:\核心存储\档案馆\2016-2019 高中\高三六\高考&毕业,送给大勇.jpg,3935.28,64867.93,25
H:\核心存储\档案馆\2016-2019 高中\高三六\高考&毕业,高考1.jpg,749.09,64867.93,25
H:\核心存储\档案馆\2016-2019 高中\高三六\高考&毕业,高考2.jpg,871.36,64867.93,25
H:\核心存储\档案馆\2016-2019 高中\高三六\高考&毕业,高考外语口试成绩.png,73.91,64867.93,25
H:\核心存储\档案馆\2016-2019 高中\高三六\高考&毕业,高考录取信息.jpg,261.89,64867.93,25
H:\核心存储\档案馆\2016-2019 高中\高三六\高考&毕业,高考成绩.png,837.68,64867.93,25
H:\核心存储\档案馆\2016-2019 高中\高三六\高考&毕业,高考网上预报名 1.jpg,4666.32,64867.93,25
H:\核心存储\档案馆\2016-2019 高中\高三六\高考&毕业,高考网上预报名 2.jpg,5036.57,64867.93,25
H:\核心存储\档案馆\2016-2019 高中\高三六\高考&毕业,高考网上预报名 3.jpg,5605.24,64867.93,25
H:\核心存储\档案馆\2016-2019 高中\高三六\高考&毕业,高考网上预报名 4.jpg,3905.33,64867.93,25
H:\核心存储\档案馆\2016-2019 高中\高三六\高考&毕业,高考网上预报名 5.jpg,4945.05,64867.93,25
H:\核心存储\档案馆\2016-2019 高中\高三六\高考&毕业,高考网上预报名 6.jpg,5149.56,64867.93,25
H:\核心存储\档案馆\2016-2019 高中\高三六\高考&毕业,高考网上预报名 7.jpg,4280.61,64867.93,25
H:\核心存储\档案馆\2016-2019 高中\高三六\高考&毕业,高考网上预报名截屏.docx,2475.65,64867.93,25
H:\核心存储\档案馆\2016-2019 高中\高三六\高考&毕业,高考网上预报名表格.doc,6.54,64867.93,25
H:\核心存储\档案馆\2016-2019 高中\高二六,My Favorite  Painter（高二英语老师的作业）.ppt,1367.0,80659.16,30
H:\核心存储\档案馆\2016-2019 高中\高二六,体检表.jpg,5266.9,80659.16,30
H:\核心存储\档案馆\2016-2019 高中\高二六,侧脸自拍.jpg,688.93,80659.16,30
H:\核心存储\档案馆\2016-2019 高中\高二六,厦门 1.jpg,852.83,80659.16,30
H:\核心存储\档案馆\2016-2019 高中\高二六,厦门 2.JPG,18.21,80659.16,30
H:\核心存储\档案馆\2016-2019 高中\高二六,去动车站，回莆田.jpg,1419.28,80659.16,30
H:\核心存储\档案馆\2016-2019 高中\高二六,在当当看书，东百落地玻璃，俯瞰三坊七巷.jpg,3065.26,80659.16,30
H:\核心存储\档案馆\2016-2019 高中\高二六,外公做我的物理题目.jpg,4475.59,80659.16,30
H:\核心存储\档案馆\2016-2019 高中\高二六,大学PPT（高二时的班会课轮流讲）.ppt,1471.5,80659.16,30
H:\核心存储\档案馆\2016-2019 高中\高二六,学校要做的心理测试，心理健康报告.png,998.06,80659.16,30
H:\核心存储\档案馆\2016-2019 高中\高二六,宋狗屁.png,68.83,80659.16,30
H:\核心存储\档案馆\2016-2019 高中\高二六,物理作业情况.jpg,119.91,80659.16,30
H:\核心存储\档案馆\2016-2019 高中\高二六,电子百拼奖状1.jpg,358.05,80659.16,30
H:\核心存储\档案馆\2016-2019 高中\高二六,电子百拼奖状2.png,14415.59,80659.16,30
H:\核心存储\档案馆\2016-2019 高中\高二六,电子百拼奖状3.png,14291.13,80659.16,30
H:\核心存储\档案馆\2016-2019 高中\高二六,电子百拼奖状4.jpg,290.43,80659.16,30
H:\核心存储\档案馆\2016-2019 高中\高二六,画手.jpg,6931.12,80659.16,30
H:\核心存储\档案馆\2016-2019 高中\高二六,画给卓卷，导图展上拍卖了.jpg,940.36,80659.16,30
H:\核心存储\档案馆\2016-2019 高中\高二六,第一次一个人坐动车，厦门回福州.jpg,2803.39,80659.16,30
H:\核心存储\档案馆\2016-2019 高中\高二六,跳一跳创新纪录 1.png,64.34,80659.16,30
H:\核心存储\档案馆\2016-2019 高中\高二六,跳一跳创新纪录 2.png,65.46,80659.16,30
H:\核心存储\档案馆\2016-2019 高中\高二六,跳一跳创新纪录 3.png,161.01,80659.16,30
H:\核心存储\档案馆\2016-2019 高中\高二六,跳一跳破千1.png,65.27,80659.16,30
H:\核心存储\档案馆\2016-2019 高中\高二六,跳一跳破千2.png,62.79,80659.16,30
H:\核心存储\档案馆\2016-2019 高中\高二六,跳一跳破千3.png,144.57,80659.16,30
H:\核心存储\档案馆\2016-2019 高中\高二六,陈焱以前照片.jpg,65.27,80659.16,30
H:\核心存储\档案馆\2016-2019 高中\高二六,音乐公开课1.jpg,111.1,80659.16,30
H:\核心存储\档案馆\2016-2019 高中\高二六,音乐公开课2.jpg,155.95,80659.16,30
H:\核心存储\档案馆\2016-2019 高中\高二六,音乐考试.jpg,90.6,80659.16,30
H:\核心存储\档案馆\2016-2019 高中\高二六,高二班班有歌声.MP4,19830.42,80659.16,30
H:\核心存储\档案馆\2016-2019 高中\高二六\一堆课表和考试安排,1.09、1.11号会考冲刺课表.jpg,58.27,5603.15,10
H:\核心存储\档案馆\2016-2019 高中\高二六\一堆课表和考试安排,1.3-1.5课表.jpg,1425.41,5603.15,10
H:\核心存储\档案馆\2016-2019 高中\高二六\一堆课表和考试安排,会考冲刺周三下午安排.png,14.3,5603.15,10
H:\核心存储\档案馆\2016-2019 高中\高二六\一堆课表和考试安排,会考考室安排.jpg,115.83,5603.15,10
H:\核心存储\档案馆\2016-2019 高中\高二六\一堆课表和考试安排,文科会考考场安排.JPG,9.69,5603.15,10
H:\核心存储\档案馆\2016-2019 高中\高二六\一堆课表和考试安排,高二上会考前理科课表.jpg,68.39,5603.15,10
H:\核心存储\档案馆\2016-2019 高中\高二六\一堆课表和考试安排,高二上会考后理科课表.jpg,128.42,5603.15,10
H:\核心存储\档案馆\2016-2019 高中\高二六\一堆课表和考试安排,高二下期中考考试安排表1.jpg,1918.92,5603.15,10
H:\核心存储\档案馆\2016-2019 高中\高二六\一堆课表和考试安排,高二下期中考考试安排表2.jpg,1715.42,5603.15,10
H:\核心存储\档案馆\2016-2019 高中\高二六\一堆课表和考试安排,高二下课程表.jpg,148.5,5603.15,10
H:\核心存储\档案馆\2016-2019 高中\高二六\厦门魔方赛，第一次外地比赛,动车上.jpg,2973.32,11517.71,6
H:\核心存储\档案馆\2016-2019 高中\高二六\厦门魔方赛，第一次外地比赛,厦门站.jpg,3816.12,11517.71,6
H:\核心存储\档案馆\2016-2019 高中\高二六\厦门魔方赛，第一次外地比赛,厦门赛，第二次比赛，第一次出福州比赛.png,101.15,11517.71,6
H:\核心存储\档案馆\2016-2019 高中\高二六\厦门魔方赛，第一次外地比赛,参赛证.jpg,792.23,11517.71,6
H:\核心存储\档案馆\2016-2019 高中\高二六\厦门魔方赛，第一次外地比赛,赛场.jpg,940.61,11517.71,6
H:\核心存储\档案馆\2016-2019 高中\高二六\厦门魔方赛，第一次外地比赛,酒店大厅.jpg,2894.27,11517.71,6
H:\核心存储\档案馆\2016-2019 高中\高二六\研究性学习\网络文学（高二下）,演讲稿.doc,31.0,17325.0,2
H:\核心存储\档案馆\2016-2019 高中\高二六\研究性学习\网络文学（高二下）,网络文学对中学生的影响.ppt,17294.0,17325.0,2
H:\核心存储\档案馆\2016-2019 高中\高二六\社团,学校logo.jpg,61.55,12473.89,9
H:\核心存储\档案馆\2016-2019 高中\高二六\社团,社团部logo.jpg,19.66,12473.89,9
H:\核心存储\档案馆\2016-2019 高中\高二六\社团,科艺节 1.jpg,3898.32,12473.89,9
H:\核心存储\档案馆\2016-2019 高中\高二六\社团,科艺节 2.jpg,143.68,12473.89,9
H:\核心存储\档案馆\2016-2019 高中\高二六\社团,科艺节 3.jpg,8022.62,12473.89,9
H:\核心存储\档案馆\2016-2019 高中\高二六\社团,科艺节 4.jpg,151.74,12473.89,9
H:\核心存储\档案馆\2016-2019 高中\高二六\社团,章子.png,93.78,12473.89,9
H:\核心存储\档案馆\2016-2019 高中\高二六\社团,纪念.jpeg,70.22,12473.89,9
H:\核心存储\档案馆\2016-2019 高中\高二六\社团,魔方社纳新.JPG,12.32,12473.89,9
H:\核心存储\档案馆\2016-2019 高中\高二六\窗花（欢送外国人）,1.jpg,583.45,10614.0,9
H:\核心存储\档案馆\2016-2019 高中\高二六\窗花（欢送外国人）,2.jpg,798.51,10614.0,9
H:\核心存储\档案馆\2016-2019 高中\高二六\窗花（欢送外国人）,3.jpg,822.01,10614.0,9
H:\核心存储\档案馆\2016-2019 高中\高二六\窗花（欢送外国人）,4.jpg,778.73,10614.0,9
H:\核心存储\档案馆\2016-2019 高中\高二六\窗花（欢送外国人）,5.jpg,884.48,10614.0,9
H:\核心存储\档案馆\2016-2019 高中\高二六\窗花（欢送外国人）,6.jpg,734.73,10614.0,9
H:\核心存储\档案馆\2016-2019 高中\高二六\窗花（欢送外国人）,7.jpg,932.44,10614.0,9
H:\核心存储\档案馆\2016-2019 高中\高二六\窗花（欢送外国人）,8.jpg,953.91,10614.0,9
H:\核心存储\档案馆\2016-2019 高中\高二六\窗花（欢送外国人）,试刻.jpg,4125.74,10614.0,9
H:\核心存储\档案馆\2016-2019 高中\高二六\高二社会实践,1.jpg,2651.64,122359.86,44
H:\核心存储\档案馆\2016-2019 高中\高二六\高二社会实践,10.jpg,1633.83,122359.86,44
H:\核心存储\档案馆\2016-2019 高中\高二六\高二社会实践,11.jpg,2298.1,122359.86,44
H:\核心存储\档案馆\2016-2019 高中\高二六\高二社会实践,12.jpg,1804.64,122359.86,44
H:\核心存储\档案馆\2016-2019 高中\高二六\高二社会实践,13.jpg,1999.97,122359.86,44
H:\核心存储\档案馆\2016-2019 高中\高二六\高二社会实践,14.jpg,1161.46,122359.86,44
H:\核心存储\档案馆\2016-2019 高中\高二六\高二社会实践,15.jpg,3488.73,122359.86,44
H:\核心存储\档案馆\2016-2019 高中\高二六\高二社会实践,16.jpg,2513.68,122359.86,44
H:\核心存储\档案馆\2016-2019 高中\高二六\高二社会实践,17.jpg,2511.78,122359.86,44
H:\核心存储\档案馆\2016-2019 高中\高二六\高二社会实践,18.jpg,4961.64,122359.86,44
H:\核心存储\档案馆\2016-2019 高中\高二六\高二社会实践,19.jpg,4775.44,122359.86,44
H:\核心存储\档案馆\2016-2019 高中\高二六\高二社会实践,2.jpg,3037.7,122359.86,44
H:\核心存储\档案馆\2016-2019 高中\高二六\高二社会实践,20.jpg,3428.39,122359.86,44
H:\核心存储\档案馆\2016-2019 高中\高二六\高二社会实践,21.jpg,3041.26,122359.86,44
H:\核心存储\档案馆\2016-2019 高中\高二六\高二社会实践,22.jpg,3101.45,122359.86,44
H:\核心存储\档案馆\2016-2019 高中\高二六\高二社会实践,23.jpg,3260.8,122359.86,44
H:\核心存储\档案馆\2016-2019 高中\高二六\高二社会实践,24.jpg,3480.09,122359.86,44
H:\核心存储\档案馆\2016-2019 高中\高二六\高二社会实践,25.jpg,2656.97,122359.86,44
H:\核心存储\档案馆\2016-2019 高中\高二六\高二社会实践,26.jpg,3364.02,122359.86,44
H:\核心存储\档案馆\2016-2019 高中\高二六\高二社会实践,27.jpg,3558.78,122359.86,44
H:\核心存储\档案馆\2016-2019 高中\高二六\高二社会实践,28.jpg,4255.93,122359.86,44
H:\核心存储\档案馆\2016-2019 高中\高二六\高二社会实践,29.jpg,2532.26,122359.86,44
H:\核心存储\档案馆\2016-2019 高中\高二六\高二社会实践,3.jpg,2371.17,122359.86,44
H:\核心存储\档案馆\2016-2019 高中\高二六\高二社会实践,30.jpg,2600.47,122359.86,44
H:\核心存储\档案馆\2016-2019 高中\高二六\高二社会实践,31.jpg,2869.13,122359.86,44
H:\核心存储\档案馆\2016-2019 高中\高二六\高二社会实践,32.jpg,3643.87,122359.86,44
H:\核心存储\档案馆\2016-2019 高中\高二六\高二社会实践,33.jpg,2737.53,122359.86,44
H:\核心存储\档案馆\2016-2019 高中\高二六\高二社会实践,4.jpg,3157.21,122359.86,44
H:\核心存储\档案馆\2016-2019 高中\高二六\高二社会实践,5.jpg,2804.6,122359.86,44
H:\核心存储\档案馆\2016-2019 高中\高二六\高二社会实践,6.jpg,2607.08,122359.86,44
H:\核心存储\档案馆\2016-2019 高中\高二六\高二社会实践,7.jpg,2055.44,122359.86,44
H:\核心存储\档案馆\2016-2019 高中\高二六\高二社会实践,8.jpg,2181.43,122359.86,44
H:\核心存储\档案馆\2016-2019 高中\高二六\高二社会实践,9.jpg,89.09,122359.86,44
H:\核心存储\档案馆\2016-2019 高中\高二六\高二社会实践,拔河摔了1.jpg,4801.85,122359.86,44
H:\核心存储\档案馆\2016-2019 高中\高二六\高二社会实践,拔河摔了2.jpg,4583.08,122359.86,44
H:\核心存储\档案馆\2016-2019 高中\高二六\高二社会实践,拔河摔了3.jpg,5702.61,122359.86,44
H:\核心存储\档案馆\2016-2019 高中\高二六\高二社会实践,拔河摔了4.jpg,10014.9,122359.86,44
H:\核心存储\档案馆\2016-2019 高中\高二六\高二社会实践,拔河摔了5.jpg,3335.92,122359.86,44
H:\核心存储\档案馆\2016-2019 高中\高二六\高二社会实践,陈焱拍的，剪窗花1.jpg,62.42,122359.86,44
H:\核心存储\档案馆\2016-2019 高中\高二六\高二社会实践,陈焱拍的，剪窗花2.jpg,79.91,122359.86,44
H:\核心存储\档案馆\2016-2019 高中\高二六\高二社会实践,陈焱拍的，石膏模型1.jpg,58.69,122359.86,44
H:\核心存储\档案馆\2016-2019 高中\高二六\高二社会实践,陈焱拍的，石膏模型2.jpg,90.56,122359.86,44
H:\核心存储\档案馆\2016-2019 高中\高二六\高二社会实践,陈焱拍的，石膏模型3.jpg,138.99,122359.86,44
H:\核心存储\档案馆\2016-2019 高中\高二六\高二社会实践,陈焱拍风景还不错.jpg,855.34,122359.86,44
H:\核心存储\档案馆\2016-2019 高中\高二六\高二运动会,“终于等来”.png,926.11,11940.03,5
H:\核心存储\档案馆\2016-2019 高中\高二六\高二运动会,合影.jpg,484.57,11940.03,5
H:\核心存储\档案馆\2016-2019 高中\高二六\高二运动会,成绩表.jpg,259.62,11940.03,5
H:\核心存储\档案馆\2016-2019 高中\高二六\高二运动会,运动会接力赛第一棒.jpg,924.12,11940.03,5
H:\核心存储\档案馆\2016-2019 高中\高二六\高二运动会,高二运动会接力，我们女子组第一名哦.mp4,9345.6,11940.03,5
H:\核心存储\档案馆\2019-2023 大学,-2b1f104a3afed800.jpg,2399.03,75088.44,28
H:\核心存储\档案馆\2019-2023 大学,-35e6a712912cdac8.jpg,1350.86,75088.44,28
H:\核心存储\档案馆\2019-2023 大学,-5b7d497d525d0855.jpg,2003.62,75088.44,28
H:\核心存储\档案馆\2019-2023 大学,136795db79232d69.jpg,1599.73,75088.44,28
H:\核心存储\档案馆\2019-2023 大学,1656090748445.jpeg,581.78,75088.44,28
H:\核心存储\档案馆\2019-2023 大学,1656090776793.jpeg,182.76,75088.44,28
H:\核心存储\档案馆\2019-2023 大学,1656090832150.jpeg,64.88,75088.44,28
H:\核心存储\档案馆\2019-2023 大学,1656090838795.jpeg,217.91,75088.44,28
H:\核心存储\档案馆\2019-2023 大学,3ebcfff65e485217.jpg,1431.44,75088.44,28
H:\核心存储\档案馆\2019-2023 大学,CDA7DE1683AB1BF8E207BC7429E593A3.jpg,1113.46,75088.44,28
H:\核心存储\档案馆\2019-2023 大学,IMG_20220624_191912.jpg,2402.19,75088.44,28
H:\核心存储\档案馆\2019-2023 大学,IMG_20220624_194925.jpg,3484.99,75088.44,28
H:\核心存储\档案馆\2019-2023 大学,IMG_20220719_213038.jpg,422.44,75088.44,28
H:\核心存储\档案馆\2019-2023 大学,IMG_20240311_161419.jpg,2696.21,75088.44,28
H:\核心存储\档案馆\2019-2023 大学,mmexport1651056199957.jpg,89.37,75088.44,28
H:\核心存储\档案馆\2019-2023 大学,mmexport1651567851309.jpg,257.44,75088.44,28
H:\核心存储\档案馆\2019-2023 大学,mmexport1652704378601.jpg,1980.99,75088.44,28
H:\核心存储\档案馆\2019-2023 大学,mmexport1653638645235.mp4,877.87,75088.44,28
H:\核心存储\档案馆\2019-2023 大学,mmexport1653638763400.jpg,74.7,75088.44,28
H:\核心存储\档案馆\2019-2023 大学,mmexport1656329890764.jpg,2808.53,75088.44,28
H:\核心存储\档案馆\2019-2023 大学,mmexport1656329903585.jpg,3615.37,75088.44,28
H:\核心存储\档案馆\2019-2023 大学,mmexport1691768334601.jpg,141.8,75088.44,28
H:\核心存储\档案馆\2019-2023 大学,mmexport1691768705344.jpg,39.05,75088.44,28
H:\核心存储\档案馆\2019-2023 大学,mmexport1691768710213.jpg,118.53,75088.44,28
H:\核心存储\档案馆\2019-2023 大学,VID_20220617_043107.mp4,17214.46,75088.44,28
H:\核心存储\档案馆\2019-2023 大学,VID_20220619_020546.mp4,9000.34,75088.44,28
H:\核心存储\档案馆\2019-2023 大学,VID_20220622_024739.mp4,13487.78,75088.44,28
H:\核心存储\档案馆\2019-2023 大学,合照.jpg,5430.92,75088.44,28
H:\核心存储\档案馆\2019-2023 大学\吃的,1.jpg,1715.98,8720.38,5
H:\核心存储\档案馆\2019-2023 大学\吃的,2.jpg,2249.5,8720.38,5
H:\核心存储\档案馆\2019-2023 大学\吃的,3.jpg,2865.62,8720.38,5
H:\核心存储\档案馆\2019-2023 大学\吃的,4.jpg,750.4,8720.38,5
H:\核心存储\档案馆\2019-2023 大学\吃的,夜宵.jpg,1138.89,8720.38,5
H:\核心存储\档案馆\2019-2023 大学\大一,20191025陶笛录音.mp3,340.77,117484.92,26
H:\核心存储\档案馆\2019-2023 大学\大一,2019年下半年英语四级笔试准考证.pdf,239.85,117484.92,26
H:\核心存储\档案馆\2019-2023 大学\大一,入党申请书.docx,16.08,117484.92,26
H:\核心存储\档案馆\2019-2023 大学\大一,入党积极分子备案表.docx,19.62,117484.92,26
H:\核心存储\档案馆\2019-2023 大学\大一,大雁飞.mp4,28411.33,117484.92,26
H:\核心存储\档案馆\2019-2023 大学\大一,宿舍合照.jpg,141.45,117484.92,26
H:\核心存储\档案馆\2019-2023 大学\大一,居家隔离作业.mp4,7640.03,117484.92,26
H:\核心存储\档案馆\2019-2023 大学\大一,心理罪（大一上语文课分享）.pptx,334.47,117484.92,26
H:\核心存储\档案馆\2019-2023 大学\大一,数学建模论文（b202013029009_赖敏华_余博涛_张卉萱_20200913195849）.pdf,476.33,117484.92,26
H:\核心存储\档案馆\2019-2023 大学\大一,梦想的力量（大一上语文作业）.bmp,6615.05,117484.92,26
H:\核心存储\档案馆\2019-2023 大学\大一,画手1.jpg,3474.97,117484.92,26
H:\核心存储\档案馆\2019-2023 大学\大一,画手2.jpg,4092.22,117484.92,26
H:\核心存储\档案馆\2019-2023 大学\大一,画手3.jpg,3848.97,117484.92,26
H:\核心存储\档案馆\2019-2023 大学\大一,画手4.jpg,3530.21,117484.92,26
H:\核心存储\档案馆\2019-2023 大学\大一,白底照.jpg,72.93,117484.92,26
H:\核心存储\档案馆\2019-2023 大学\大一,禁毒漫画公众号2.png,0.0,117484.92,26
H:\核心存储\档案馆\2019-2023 大学\大一,禁毒绘画比赛一等奖.jpg,5118.02,117484.92,26
H:\核心存储\档案馆\2019-2023 大学\大一,禁毒绘画比赛公众号1.jpg,5048.32,117484.92,26
H:\核心存储\档案馆\2019-2023 大学\大一,禁毒绘画比赛公众号2.png,23612.6,117484.92,26
H:\核心存储\档案馆\2019-2023 大学\大一,篮球卡住了.jpg,3728.33,117484.92,26
H:\核心存储\档案馆\2019-2023 大学\大一,莆田1.jpg,4728.24,117484.92,26
H:\核心存储\档案馆\2019-2023 大学\大一,莆田2.jpg,5918.71,117484.92,26
H:\核心存储\档案馆\2019-2023 大学\大一,葫芦丝.jpg,1000.11,117484.92,26
H:\核心存储\档案馆\2019-2023 大学\大一,计应三班大一上学期体测数据.xlsx,20.18,117484.92,26
H:\核心存储\档案馆\2019-2023 大学\大一,运动会舞蹈1.mp4,4738.82,117484.92,26
H:\核心存储\档案馆\2019-2023 大学\大一,运动会舞蹈2.mp4,4317.29,117484.92,26
H:\核心存储\档案馆\2019-2023 大学\大一\军训,军训合照1.jpg,5056.03,124415.66,8
H:\核心存储\档案馆\2019-2023 大学\大一\军训,军训合照2.jpg,4851.92,124415.66,8
H:\核心存储\档案馆\2019-2023 大学\大一\军训,军训合照3.jpg,336.51,124415.66,8
H:\核心存储\档案馆\2019-2023 大学\大一\军训,莲姐表情包1.jpg,302.11,124415.66,8
H:\核心存储\档案馆\2019-2023 大学\大一\军训,莲姐表情包2.jpg,200.01,124415.66,8
H:\核心存储\档案馆\2019-2023 大学\大一\军训,跳舞1.mp4,96162.19,124415.66,8
H:\核心存储\档案馆\2019-2023 大学\大一\军训,跳舞2.mp4,15478.71,124415.66,8
H:\核心存储\档案馆\2019-2023 大学\大一\军训,跳舞3.mp4,2028.18,124415.66,8
H:\核心存储\档案馆\2019-2023 大学\大一\军训\标兵班,午餐.jpg,4638.38,45050.56,8
H:\核心存储\档案馆\2019-2023 大学\大一\军训\标兵班,合照.jpg,2478.49,45050.56,8
H:\核心存储\档案馆\2019-2023 大学\大一\军训\标兵班,团长.jpg,105.05,45050.56,8
H:\核心存储\档案馆\2019-2023 大学\大一\军训\标兵班,枪.jpg,8056.56,45050.56,8
H:\核心存储\档案馆\2019-2023 大学\大一\军训\标兵班,柯新民.mp4,11878.6,45050.56,8
H:\核心存储\档案馆\2019-2023 大学\大一\军训\标兵班,结束1.mp4,7319.42,45050.56,8
H:\核心存储\档案馆\2019-2023 大学\大一\军训\标兵班,结束2.mp4,6610.46,45050.56,8
H:\核心存储\档案馆\2019-2023 大学\大一\军训\标兵班,结束3.mp4,3963.6,45050.56,8
H:\核心存储\档案馆\2019-2023 大学\大一\军训\标兵班\小阅兵与队列练习,小阅兵1.mp4,1117.4,33761.24,15
H:\核心存储\档案馆\2019-2023 大学\大一\军训\标兵班\小阅兵与队列练习,小阅兵2.mp4,3578.64,33761.24,15
H:\核心存储\档案馆\2019-2023 大学\大一\军训\标兵班\小阅兵与队列练习,小阅兵3.jpg,4593.06,33761.24,15
H:\核心存储\档案馆\2019-2023 大学\大一\军训\标兵班\小阅兵与队列练习,小阅兵4.jpg,5381.26,33761.24,15
H:\核心存储\档案馆\2019-2023 大学\大一\军训\标兵班\小阅兵与队列练习,小阅兵5.jpg,236.72,33761.24,15
H:\核心存储\档案馆\2019-2023 大学\大一\军训\标兵班\小阅兵与队列练习,小阅兵6.jpg,237.46,33761.24,15
H:\核心存储\档案馆\2019-2023 大学\大一\军训\标兵班\小阅兵与队列练习,小阅兵7.mp4,3066.4,33761.24,15
H:\核心存储\档案馆\2019-2023 大学\大一\军训\标兵班\小阅兵与队列练习,小阅兵8.mp4,1117.4,33761.24,15
H:\核心存储\档案馆\2019-2023 大学\大一\军训\标兵班\小阅兵与队列练习,小阅兵9.mp4,3578.64,33761.24,15
H:\核心存储\档案馆\2019-2023 大学\大一\军训\标兵班\小阅兵与队列练习,训练1.mp4,2146.75,33761.24,15
H:\核心存储\档案馆\2019-2023 大学\大一\军训\标兵班\小阅兵与队列练习,训练2.mp4,2361.09,33761.24,15
H:\核心存储\档案馆\2019-2023 大学\大一\军训\标兵班\小阅兵与队列练习,训练3.mp4,1059.23,33761.24,15
H:\核心存储\档案馆\2019-2023 大学\大一\军训\标兵班\小阅兵与队列练习,训练4.mp4,1866.85,33761.24,15
H:\核心存储\档案馆\2019-2023 大学\大一\军训\标兵班\小阅兵与队列练习,训练5.mp4,2361.09,33761.24,15
H:\核心存储\档案馆\2019-2023 大学\大一\军训\标兵班\小阅兵与队列练习,训练6.mp4,1059.23,33761.24,15
H:\核心存储\档案馆\2019-2023 大学\大一\博古（大一上）,博古.pptx,4893.02,11012.41,6
H:\核心存储\档案馆\2019-2023 大学\大一\博古（大一上）,博古.xmind,161.15,11012.41,6
H:\核心存储\档案馆\2019-2023 大学\大一\博古（大一上）,博古APP项目书.docx,1686.49,11012.41,6
H:\核心存储\档案馆\2019-2023 大学\大一\博古（大一上）,奖状.jpg,3558.96,11012.41,6
H:\核心存储\档案馆\2019-2023 大学\大一\博古（大一上）,海报 1.jpg,579.81,11012.41,6
H:\核心存储\档案馆\2019-2023 大学\大一\博古（大一上）,海报 2.jpg,132.98,11012.41,6
H:\核心存储\档案馆\2019-2023 大学\大一\安平桥,1.jpg,3900.5,41463.22,9
H:\核心存储\档案馆\2019-2023 大学\大一\安平桥,2.jpg,3218.5,41463.22,9
H:\核心存储\档案馆\2019-2023 大学\大一\安平桥,3.jpg,5312.88,41463.22,9
H:\核心存储\档案馆\2019-2023 大学\大一\安平桥,4.jpg,4586.29,41463.22,9
H:\核心存储\档案馆\2019-2023 大学\大一\安平桥,5.jpg,5618.86,41463.22,9
H:\核心存储\档案馆\2019-2023 大学\大一\安平桥,6.jpg,4508.17,41463.22,9
H:\核心存储\档案馆\2019-2023 大学\大一\安平桥,7.jpg,5291.23,41463.22,9
H:\核心存储\档案馆\2019-2023 大学\大一\安平桥,8.jpg,3934.14,41463.22,9
H:\核心存储\档案馆\2019-2023 大学\大一\安平桥,9.jpg,5092.65,41463.22,9
H:\核心存储\档案馆\2019-2023 大学\大一\暖爱（大一下）,~$暖爱.pptx,0.0,29613.08,6
H:\核心存储\档案馆\2019-2023 大学\大一\暖爱（大一下）,思维表.docx,18.24,29613.08,6
H:\核心存储\档案馆\2019-2023 大学\大一\暖爱（大一下）,暖爱.pptx,18640.62,29613.08,6
H:\核心存储\档案馆\2019-2023 大学\大一\暖爱（大一下）,暖爱——海报.jpg,6695.1,29613.08,6
H:\核心存储\档案馆\2019-2023 大学\大一\暖爱（大一下）,暖爱——项目计划书.docx,369.3,29613.08,6
H:\核心存储\档案馆\2019-2023 大学\大一\暖爱（大一下）,计划书封面.png,3889.83,29613.08,6
H:\核心存储\档案馆\2019-2023 大学\大一\期末作业,职业生涯规划书.wps,1200.81,1200.81,1
H:\核心存储\档案馆\2019-2023 大学\大一\期末作业\信息技术基础期末作业,194033552 张卉萱 期末作业.zip,2801.61,5807.83,4
H:\核心存储\档案馆\2019-2023 大学\大一\期末作业\信息技术基础期末作业,logo.png,174.2,5807.83,4
H:\核心存储\档案馆\2019-2023 大学\大一\期末作业\信息技术基础期末作业,莱菲卫浴年终特卖会.pptx,2811.51,5807.83,4
H:\核心存储\档案馆\2019-2023 大学\大一\期末作业\信息技术基础期末作业,莱菲卫浴年终特卖会演讲稿.docx,20.5,5807.83,4
H:\核心存储\档案馆\2019-2023 大学\大一\期末作业\思修,命题作文（主题为创新）.docx,13.97,28.04,2
H:\核心存储\档案馆\2019-2023 大学\大一\期末作业\思修,形势与政策.docx,14.07,28.04,2
H:\核心存储\档案馆\2019-2023 大学\大三,2022年上半年英语六级笔试准考证(张卉萱).pdf,237.88,18165.35,10
H:\核心存储\档案馆\2019-2023 大学\大三,刘海好长1.jpg,2023.48,18165.35,10
H:\核心存储\档案馆\2019-2023 大学\大三,刘海好长2.jpg,2134.7,18165.35,10
H:\核心存储\档案馆\2019-2023 大学\大三,喜欢这个颜色.jpg,6271.54,18165.35,10
H:\核心存储\档案馆\2019-2023 大学\大三,外图厦门书城.jpg,2714.42,18165.35,10
H:\核心存储\档案馆\2019-2023 大学\大三,被老师(许庆星)通缉1.jpg,166.11,18165.35,10
H:\核心存储\档案馆\2019-2023 大学\大三,被老师(许庆星)通缉2.jpg,24.3,18165.35,10
H:\核心存储\档案馆\2019-2023 大学\大三,被老师(许庆星)通缉3.jpg,15.61,18165.35,10
H:\核心存储\档案馆\2019-2023 大学\大三,风景1.jpg,2431.38,18165.35,10
H:\核心存储\档案馆\2019-2023 大学\大三,风景2.jpg,2145.92,18165.35,10
H:\核心存储\档案馆\2019-2023 大学\大三\左下智齿,拍片1.jpg,2669.42,5701.57,5
H:\核心存储\档案馆\2019-2023 大学\大三\左下智齿,拍片2.jpg,786.04,5701.57,5
H:\核心存储\档案馆\2019-2023 大学\大三\左下智齿,牙.jpg,178.84,5701.57,5
H:\核心存储\档案馆\2019-2023 大学\大三\左下智齿,画给医生的增生.jpg,234.68,5701.57,5
H:\核心存储\档案馆\2019-2023 大学\大三\左下智齿,肿.jpg,1832.59,5701.57,5
H:\核心存储\档案馆\2019-2023 大学\大三\海报,IMG_20220825_195453.jpg,3725.13,7419.95,2
H:\核心存储\档案馆\2019-2023 大学\大三\海报,IMG_20220825_195751.jpg,3694.82,7419.95,2
H:\核心存储\档案馆\2019-2023 大学\大三\离校检查,VID_20220819_145012.mp4,37902.65,359661.44,14
H:\核心存储\档案馆\2019-2023 大学\大三\离校检查,VID_20220819_145032.mp4,66839.59,359661.44,14
H:\核心存储\档案馆\2019-2023 大学\大三\离校检查,VID_20220819_145357.mp4,41159.87,359661.44,14
H:\核心存储\档案馆\2019-2023 大学\大三\离校检查,VID_20220819_145419.mp4,3814.58,359661.44,14
H:\核心存储\档案馆\2019-2023 大学\大三\离校检查,VID_20220819_145531.mp4,30253.91,359661.44,14
H:\核心存储\档案馆\2019-2023 大学\大三\离校检查,VID_20220819_145734.mp4,23525.53,359661.44,14
H:\核心存储\档案馆\2019-2023 大学\大三\离校检查,VID_20220819_150007.mp4,52998.84,359661.44,14
H:\核心存储\档案馆\2019-2023 大学\大三\离校检查,VID_20220819_150103.mp4,3558.72,359661.44,14
H:\核心存储\档案馆\2019-2023 大学\大三\离校检查,VID_20220819_150157.mp4,37492.27,359661.44,14
H:\核心存储\档案馆\2019-2023 大学\大三\离校检查,VID_20220819_150222.mp4,10688.82,359661.44,14
H:\核心存储\档案馆\2019-2023 大学\大三\离校检查,VID_20220819_150228.mp4,4373.15,359661.44,14
H:\核心存储\档案馆\2019-2023 大学\大三\离校检查,VID_20220819_150313_1.mp4,31402.77,359661.44,14
H:\核心存储\档案馆\2019-2023 大学\大三\离校检查,VID_20220819_150327.mp4,8721.24,359661.44,14
H:\核心存储\档案馆\2019-2023 大学\大三\离校检查,VID_20220819_150342.mp4,6929.51,359661.44,14
H:\核心存储\档案馆\2019-2023 大学\大二,宿舍合照1.jpg,2084.3,130203.46,9
H:\核心存储\档案馆\2019-2023 大学\大二,宿舍合照2.jpg,5028.6,130203.46,9
H:\核心存储\档案馆\2019-2023 大学\大二,数学建模.jpg,591.26,130203.46,9
H:\核心存储\档案馆\2019-2023 大学\大二,篮球练习.mp4,26383.28,130203.46,9
H:\核心存储\档案馆\2019-2023 大学\大二,英语课堂汇报.mp4,87550.75,130203.46,9
H:\核心存储\档案馆\2019-2023 大学\大二,风景1.jpg,934.23,130203.46,9
H:\核心存储\档案馆\2019-2023 大学\大二,风景2.jpg,3687.73,130203.46,9
H:\核心存储\档案馆\2019-2023 大学\大二,风景3.jpg,3721.2,130203.46,9
H:\核心存储\档案馆\2019-2023 大学\大二,风景4.jpg,222.11,130203.46,9
H:\核心存储\档案馆\2019-2023 大学\大二\准考证,2020年12月全国计算机等级考试二级准考证.pdf,273.33,925.98,4
H:\核心存储\档案馆\2019-2023 大学\大二\准考证,2020年9月全国计算机等级考试一级准考证.pdf,171.76,925.98,4
H:\核心存储\档案馆\2019-2023 大学\大二\准考证,2020年上半年（9月）英语六级笔试准考证(张卉萱).pdf,240.87,925.98,4
H:\核心存储\档案馆\2019-2023 大学\大二\准考证,2020年下半年英语六级笔试准考证(张卉萱).pdf,240.02,925.98,4
H:\核心存储\档案馆\2019-2023 大学\大二\恒暖（大二上）,LOGO.jpg,117.86,973.89,4
H:\核心存储\档案馆\2019-2023 大学\大二\恒暖（大二上）,PPT.pptx,693.28,973.89,4
H:\核心存储\档案馆\2019-2023 大学\大二\恒暖（大二上）,思维表.docx,17.84,973.89,4
H:\核心存储\档案馆\2019-2023 大学\大二\恒暖（大二上）,项目计划书.docx,144.9,973.89,4
H:\核心存储\档案馆\2019-2023 大学\大二\海报设计,IMG_20220825_195811.jpg,3769.62,4326.02,2
H:\核心存储\档案馆\2019-2023 大学\大二\海报设计,领奖.png,556.41,4326.02,2
H:\核心存储\档案馆\2019-2023 大学\大二\篮球赛,1.jpg,2467.63,141066.8,10
H:\核心存储\档案馆\2019-2023 大学\大二\篮球赛,10.jpg,483.93,141066.8,10
H:\核心存储\档案馆\2019-2023 大学\大二\篮球赛,2.jpg,9421.73,141066.8,10
H:\核心存储\档案馆\2019-2023 大学\大二\篮球赛,3.jpg,19285.35,141066.8,10
H:\核心存储\档案馆\2019-2023 大学\大二\篮球赛,4.jpg,15987.61,141066.8,10
H:\核心存储\档案馆\2019-2023 大学\大二\篮球赛,5.jpg,24097.53,141066.8,10
H:\核心存储\档案馆\2019-2023 大学\大二\篮球赛,6.jpg,23365.06,141066.8,10
H:\核心存储\档案馆\2019-2023 大学\大二\篮球赛,7.jpg,19037.78,141066.8,10
H:\核心存储\档案馆\2019-2023 大学\大二\篮球赛,8.jpg,16659.85,141066.8,10
H:\核心存储\档案馆\2019-2023 大学\大二\篮球赛,9.jpg,10260.32,141066.8,10
H:\核心存储\档案馆\2019-2023 大学\大二\羽毛球裁判证考试,合照.jpg,7894.28,15600.89,2
H:\核心存储\档案馆\2019-2023 大学\大二\羽毛球裁判证考试,林稣拍的.jpg,7706.61,15600.89,2
H:\核心存储\档案馆\2019-2023 大学\大二\视频作业,好好学习.mp4,208469.69,1869603.48,2
H:\核心存储\档案馆\2019-2023 大学\大二\视频作业,相信未来.mp4,1661133.79,1869603.48,2
H:\核心存储\档案馆\2019-2023 大学\大二\视频作业\大二下小组作业,相信未来.docx,11.13,4234281.11,5
H:\核心存储\档案馆\2019-2023 大学\大二\视频作业\大二下小组作业,相信未来.md,3.19,4234281.11,5
H:\核心存储\档案馆\2019-2023 大学\大二\视频作业\大二下小组作业,相信未来.mp4,1665864.42,4234281.11,5
H:\核心存储\档案馆\2019-2023 大学\大二\视频作业\大二下小组作业,相信未来（作业版）.mp4,2510249.79,4234281.11,5
H:\核心存储\档案馆\2019-2023 大学\大二\视频作业\大二下小组作业,空镜.mp4,58152.58,4234281.11,5
H:\核心存储\档案馆\2019-2023 大学\大二\院徽设计,院徽设计.docx,106.18,998.39,2
H:\核心存储\档案馆\2019-2023 大学\大二\院徽设计,院徽设计.jpg,892.21,998.39,2
H:\核心存储\档案馆\2019-2023 大学\大四,合照.jpg,15147.99,15188.99,2
H:\核心存储\档案馆\2019-2023 大学\大四,泉州职业技术大学结业换发毕业证申请表（2021.08更新）.doc,41.0,15188.99,2
H:\核心存储\档案馆\2019-2023 大学\大四\毕业实习提交材料,丙方岗位实习法定监护人（或家长）知情同意书.docx,16.14,397.82,6
H:\核心存储\档案馆\2019-2023 大学\大四\毕业实习提交材料,分散实习申请表.doc,68.0,397.82,6
H:\核心存储\档案馆\2019-2023 大学\大四\毕业实习提交材料,各项实习材料提交时间.xlsx,10.7,397.82,6
H:\核心存储\档案馆\2019-2023 大学\大四\毕业实习提交材料,岗位实习鉴定表.doc,19.0,397.82,6
H:\核心存储\档案馆\2019-2023 大学\大四\毕业实习提交材料,泉州职业技术大学学生岗位实习三方协议（填写模板)_加水印.pdf,266.84,397.82,6
H:\核心存储\档案馆\2019-2023 大学\大四\毕业实习提交材料,（电子版）岗位实习单位考察表.doc,17.15,397.82,6
H:\核心存储\档案馆\2019-2023 大学\大四\毕业论文与毕业设计,194033552-张卉萱-中期检查表.docx,17.97,2968735.16,4
H:\核心存储\档案馆\2019-2023 大学\大四\毕业论文与毕业设计,194033552_张卉萱_光盘刻录材料.zip,2968663.85,2968735.16,4
H:\核心存储\档案馆\2019-2023 大学\大四\毕业论文与毕业设计,194033552张卉萱开题报告书.docx,53.18,2968735.16,4
H:\核心存储\档案馆\2019-2023 大学\大四\毕业论文与毕业设计,~$职业技术大学毕业设计（论文）中期检查表.docx,0.16,2968735.16,4
H:\核心存储\档案馆\2019-2023 大学\大四\毕业论文与毕业设计\databases,practice.db,0.0,24.0,2
H:\核心存储\档案馆\2019-2023 大学\大四\毕业论文与毕业设计\databases,practice_qtsys_student.db,24.0,24.0,2
H:\核心存储\档案馆\2019-2023 大学\大四\毕业论文与毕业设计\参考文献\其他,A Balanced Algorithm for In-City Parking Allocation A Case Study of Al Madinah City.pdf,1750.46,30174.14,17
H:\核心存储\档案馆\2019-2023 大学\大四\毕业论文与毕业设计\参考文献\其他,Finding Available Parking Spaces Made Easy.pdf,688.63,30174.14,17
H:\核心存储\档案馆\2019-2023 大学\大四\毕业论文与毕业设计\参考文献\其他,Intelligent Parking System.pdf,1428.71,30174.14,17
H:\核心存储\档案馆\2019-2023 大学\大四\毕业论文与毕业设计\参考文献\其他,On the Design of Smart Parking Networks in the Smart Cities.pdf,773.2,30174.14,17
H:\核心存储\档案馆\2019-2023 大学\大四\毕业论文与毕业设计\参考文献\其他,"Smart Parking System with Dynamic Pricing,.pdf",1736.14,30174.14,17
H:\核心存储\档案馆\2019-2023 大学\大四\毕业论文与毕业设计\参考文献\其他,Smart parking systems comprehensive review based on various aspects.pdf,1854.18,30174.14,17
H:\核心存储\档案馆\2019-2023 大学\大四\毕业论文与毕业设计\参考文献\其他,Smart-parking management algorithms in smart city..pdf,1633.85,30174.14,17
H:\核心存储\档案馆\2019-2023 大学\大四\毕业论文与毕业设计\参考文献\其他,Underground Parking Lot Navigation System Using Long-Term Evolution Signal.pdf,6773.53,30174.14,17
H:\核心存储\档案馆\2019-2023 大学\大四\毕业论文与毕业设计\参考文献\其他,国内停车场管理系统的现状与发展趋势.pdf,123.31,30174.14,17
H:\核心存储\档案馆\2019-2023 大学\大四\毕业论文与毕业设计\参考文献\其他,城市发展与交通、停车场的关系.pdf,228.96,30174.14,17
H:\核心存储\档案馆\2019-2023 大学\大四\毕业论文与毕业设计\参考文献\其他,基于AI视觉的智能停车场信息感知方法研究.caj,4237.22,30174.14,17
H:\核心存储\档案馆\2019-2023 大学\大四\毕业论文与毕业设计\参考文献\其他,基于RFID的智能停车场路径规划的研究与设计.caj,2107.48,30174.14,17
H:\核心存储\档案馆\2019-2023 大学\大四\毕业论文与毕业设计\参考文献\其他,基于STM32的停车场车牌识别系统.pdf,914.21,30174.14,17
H:\核心存储\档案馆\2019-2023 大学\大四\毕业论文与毕业设计\参考文献\其他,基于图像视觉的停车场管理系统的实现.pdf,1770.41,30174.14,17
H:\核心存储\档案馆\2019-2023 大学\大四\毕业论文与毕业设计\参考文献\其他,基于图像识别的停车场智能管理系统的设计与实现.pdf,101.81,30174.14,17
H:\核心存储\档案馆\2019-2023 大学\大四\毕业论文与毕业设计\参考文献\其他,基于汽车牌照识别的停车场管理系统.pdf,193.4,30174.14,17
H:\核心存储\档案馆\2019-2023 大学\大四\毕业论文与毕业设计\参考文献\其他,我国城市地下停车场发展现状及修建技术研究.pdf,3858.66,30174.14,17
H:\核心存储\档案馆\2019-2023 大学\大四\毕业论文与毕业设计\参考文献\其他\弱相关,停车场车辆目标检测方法研究与应用_丁继文.caj,4380.22,19316.29,16
H:\核心存储\档案馆\2019-2023 大学\大四\毕业论文与毕业设计\参考文献\其他\弱相关,可持续发展背景下公共停车场规划的重新思考.pdf,336.02,19316.29,16
H:\核心存储\档案馆\2019-2023 大学\大四\毕业论文与毕业设计\参考文献\其他\弱相关,基于OpenCV的地面停车诱导系统研究.pdf,1329.33,19316.29,16
H:\核心存储\档案馆\2019-2023 大学\大四\毕业论文与毕业设计\参考文献\其他\弱相关,基于ZigBee与RFID的地下停车场泊车引导系统研究.pdf,1430.03,19316.29,16
H:\核心存储\档案馆\2019-2023 大学\大四\毕业论文与毕业设计\参考文献\其他\弱相关,基于Zigbee和机器学习的智能泊车系统设计.pdf,1155.61,19316.29,16
H:\核心存储\档案馆\2019-2023 大学\大四\毕业论文与毕业设计\参考文献\其他\弱相关,基于ZigBee技术的智能停车场管理系统设计.pdf,26.18,19316.29,16
H:\核心存储\档案馆\2019-2023 大学\大四\毕业论文与毕业设计\参考文献\其他\弱相关,基于ZigBee的停车场车辆信息采集及显示系统.pdf,900.01,19316.29,16
H:\核心存储\档案馆\2019-2023 大学\大四\毕业论文与毕业设计\参考文献\其他\弱相关,基于ZigBee的智能停车场管理系统.pdf,516.71,19316.29,16
H:\核心存储\档案馆\2019-2023 大学\大四\毕业论文与毕业设计\参考文献\其他\弱相关,基于多种车辆特征信息识别的停车场管理系统.pdf,281.54,19316.29,16
H:\核心存储\档案馆\2019-2023 大学\大四\毕业论文与毕业设计\参考文献\其他\弱相关,基于射频识别的停车场管理系统设计与实现.pdf,1097.37,19316.29,16
H:\核心存储\档案馆\2019-2023 大学\大四\毕业论文与毕业设计\参考文献\其他\弱相关,基于深度学习的智能停车车位检测.pdf,4117.82,19316.29,16
H:\核心存储\档案馆\2019-2023 大学\大四\毕业论文与毕业设计\参考文献\其他\弱相关,基于物联网停车场车位管理系统的设计和实现.pdf,1382.52,19316.29,16
H:\核心存储\档案馆\2019-2023 大学\大四\毕业论文与毕业设计\参考文献\其他\弱相关,基于物联网的智慧停车场设计.pdf,857.34,19316.29,16
H:\核心存储\档案馆\2019-2023 大学\大四\毕业论文与毕业设计\参考文献\其他\弱相关,基于车牌识别技术的停车场管理系统设计.pdf,92.51,19316.29,16
H:\核心存储\档案馆\2019-2023 大学\大四\毕业论文与毕业设计\参考文献\其他\弱相关,基于车牌识别的无人收费停车场系统的设计.pdf,775.22,19316.29,16
H:\核心存储\档案馆\2019-2023 大学\大四\毕业论文与毕业设计\参考文献\其他\弱相关,基于迷你卷积神经网络的停车场空车位检测方法.pdf,637.86,19316.29,16
H:\核心存储\档案馆\2019-2023 大学\大四\毕业论文与毕业设计\参考文献\参考文献,A License Plate-Recognition Algorithm for.pdf,1089.17,22368.15,11
H:\核心存储\档案馆\2019-2023 大学\大四\毕业论文与毕业设计\参考文献\参考文献,KNN分类算法在停车场车牌识别系统中的应用.pdf,1507.37,22368.15,11
H:\核心存储\档案馆\2019-2023 大学\大四\毕业论文与毕业设计\参考文献\参考文献,Prediction of parking space availability in real time.pdf,716.24,22368.15,11
H:\核心存储\档案馆\2019-2023 大学\大四\毕业论文与毕业设计\参考文献\参考文献,Towards Automatic License Plate Detection.pdf,2888.29,22368.15,11
H:\核心存储\档案馆\2019-2023 大学\大四\毕业论文与毕业设计\参考文献\参考文献,停车场车牌识别系统设计与实现.caj,4716.44,22368.15,11
H:\核心存储\档案馆\2019-2023 大学\大四\毕业论文与毕业设计\参考文献\参考文献,基于OpenCV与SVM的车牌识别方法.pdf,1777.35,22368.15,11
H:\核心存储\档案馆\2019-2023 大学\大四\毕业论文与毕业设计\参考文献\参考文献,基于人工智能的剩余停车位数量预测方法研究.caj,3048.28,22368.15,11
H:\核心存储\档案馆\2019-2023 大学\大四\毕业论文与毕业设计\参考文献\参考文献,基于单片机的车位管理系统设计.pdf,1267.68,22368.15,11
H:\核心存储\档案馆\2019-2023 大学\大四\毕业论文与毕业设计\参考文献\参考文献,基于深度学习技术的停车场收费管理系统设计与实现.pdf,1218.66,22368.15,11
H:\核心存储\档案馆\2019-2023 大学\大四\毕业论文与毕业设计\参考文献\参考文献,基于物联网技术的智能停车场系统设计与实现.pdf,2088.19,22368.15,11
H:\核心存储\档案馆\2019-2023 大学\大四\毕业论文与毕业设计\参考文献\参考文献,基于车牌识别的停车场智能收费系统.pdf,2050.48,22368.15,11
H:\核心存储\档案馆\2019-2023 大学\大四\毕业论文与毕业设计\学校要求与材料,2023届计算机应用工程专业毕业设计课题学生选题表.xlsx,72.91,35530.25,11
H:\核心存储\档案馆\2019-2023 大学\大四\毕业论文与毕业设计\学校要求与材料,参考文献的格式规范.docx,24.27,35530.25,11
H:\核心存储\档案馆\2019-2023 大学\大四\毕业论文与毕业设计\学校要求与材料,国科数字产业学院2023届毕业设计计划.xlsx,10.99,35530.25,11
H:\核心存储\档案馆\2019-2023 大学\大四\毕业论文与毕业设计\学校要求与材料,国科数字产业学院毕业设计论文基本框架（2023届）.docx,20.55,35530.25,11
H:\核心存储\档案馆\2019-2023 大学\大四\毕业论文与毕业设计\学校要求与材料,毕业设计_潘晓虹.zip,14482.54,35530.25,11
H:\核心存储\档案馆\2019-2023 大学\大四\毕业论文与毕业设计\学校要求与材料,毕业设计_王燕妮.zip,9791.5,35530.25,11
H:\核心存储\档案馆\2019-2023 大学\大四\毕业论文与毕业设计\学校要求与材料,泉大〔2022〕58号 关于印发《泉州职业技术大学本科毕业设计（论文）管理办法（试行）》的通知.pdf,11071.05,35530.25,11
H:\核心存储\档案馆\2019-2023 大学\大四\毕业论文与毕业设计\学校要求与材料,泉州职业技术大学毕业设计开题报告要求.docx,13.26,35530.25,11
H:\核心存储\档案馆\2019-2023 大学\大四\毕业论文与毕业设计\学校要求与材料,泉州职业技术大学毕业设计（论文）中期检查情况一览表.docx,13.66,35530.25,11
H:\核心存储\档案馆\2019-2023 大学\大四\毕业论文与毕业设计\学校要求与材料,泉州职业技术大学毕业设计（论文）中期检查表.docx,15.44,35530.25,11
H:\核心存储\档案馆\2019-2023 大学\大四\毕业论文与毕业设计\学校要求与材料,泉州职业技术大学毕业设计（论文）指导过程记录表.docx,14.09,35530.25,11
H:\核心存储\档案馆\2019-2023 大学\大四\毕业论文与毕业设计\学校要求与材料\论文模版,2023.01.08-目录-页眉-页脚格式.pdf,467.86,2091.09,3
H:\核心存储\档案馆\2019-2023 大学\大四\毕业论文与毕业设计\学校要求与材料\论文模版,2023.01泉州职业技术大学本科毕业设计（论文）撰写规范.pdf,1447.47,2091.09,3
H:\核心存储\档案馆\2019-2023 大学\大四\毕业论文与毕业设计\学校要求与材料\论文模版,毕业设计（论文）模板（学校：20220615）.dotx,175.77,2091.09,3
H:\核心存储\档案馆\2019-2023 大学\大四\毕业论文与毕业设计\开题报告,194033552-张卉萱-开题报告.docx,63.16,92.36,2
H:\核心存储\档案馆\2019-2023 大学\大四\毕业论文与毕业设计\开题报告,论文组织结构图.vsdx,29.2,92.36,2
H:\核心存储\档案馆\2019-2023 大学\大四\毕业论文与毕业设计\数据库设计,XXX系统数据库设计模板.docx,174.25,258.94,2
H:\核心存储\档案馆\2019-2023 大学\大四\毕业论文与毕业设计\数据库设计,基于计算机视觉与物联网的停车场管理系统数据库设计.docx,84.69,258.94,2
H:\核心存储\档案馆\2019-2023 大学\大四\毕业论文与毕业设计\论文内容,毕业论文_答辩打印版.pdf,1353.22,1353.22,1
H:\核心存储\档案馆\2019-2023 大学\大四\毕业论文与毕业设计\论文内容\图表,E-R.vsdx,43.19,65.67,2
H:\核心存储\档案馆\2019-2023 大学\大四\毕业论文与毕业设计\论文内容\图表,数据统计图.xlsx,22.49,65.67,2
H:\核心存储\档案馆\2019-2023 大学\大四\毕业论文与毕业设计\论文内容\图表\功能结构图,小程序.vsdx,27.87,55.27,2
H:\核心存储\档案馆\2019-2023 大学\大四\毕业论文与毕业设计\论文内容\图表\功能结构图,桌面端.vsdx,27.41,55.27,2
H:\核心存储\档案馆\2019-2023 大学\大四\毕业论文与毕业设计\论文内容\图表\小程序成品图,个人中心.jpg,108.71,585.24,6
H:\核心存储\档案馆\2019-2023 大学\大四\毕业论文与毕业设计\论文内容\图表\小程序成品图,主页.jpg,177.47,585.24,6
H:\核心存储\档案馆\2019-2023 大学\大四\毕业论文与毕业设计\论文内容\图表\小程序成品图,主页_未使用.jpg,143.62,585.24,6
H:\核心存储\档案馆\2019-2023 大学\大四\毕业论文与毕业设计\论文内容\图表\小程序成品图,信息填写.jpg,74.76,585.24,6
H:\核心存储\档案馆\2019-2023 大学\大四\毕业论文与毕业设计\论文内容\图表\小程序成品图,未做.txt,0.13,585.24,6
H:\核心存储\档案馆\2019-2023 大学\大四\毕业论文与毕业设计\论文内容\图表\小程序成品图,车位信息图示.jpg,80.55,585.24,6
H:\核心存储\档案馆\2019-2023 大学\大四\毕业论文与毕业设计\论文内容\图表\时序图,管理员登录.vsdx,46.69,46.69,1
H:\核心存储\档案馆\2019-2023 大学\大四\毕业论文与毕业设计\论文内容\图表\桌面端成品图,主页.png,11.56,143.44,9
H:\核心存储\档案馆\2019-2023 大学\大四\毕业论文与毕业设计\论文内容\图表\桌面端成品图,登录.png,7.92,143.44,9
H:\核心存储\档案馆\2019-2023 大学\大四\毕业论文与毕业设计\论文内容\图表\桌面端成品图,管理员信息.png,18.1,143.44,9
H:\核心存储\档案馆\2019-2023 大学\大四\毕业论文与毕业设计\论文内容\图表\桌面端成品图,系统使用记录.png,16.15,143.44,9
H:\核心存储\档案馆\2019-2023 大学\大四\毕业论文与毕业设计\论文内容\图表\桌面端成品图,订单信息.png,19.88,143.44,9
H:\核心存储\档案馆\2019-2023 大学\大四\毕业论文与毕业设计\论文内容\图表\桌面端成品图,车主信息.png,18.51,143.44,9
H:\核心存储\档案馆\2019-2023 大学\大四\毕业论文与毕业设计\论文内容\图表\桌面端成品图,车辆信息.png,18.23,143.44,9
H:\核心存储\档案馆\2019-2023 大学\大四\毕业论文与毕业设计\论文内容\图表\桌面端成品图,错误报告.png,15.79,143.44,9
H:\核心存储\档案馆\2019-2023 大学\大四\毕业论文与毕业设计\论文内容\图表\桌面端成品图,黑名单.png,17.29,143.44,9
H:\核心存储\档案馆\2019-2023 大学\大四\毕业论文与毕业设计\论文内容\图表\流程图,车位探测.vsdx,31.02,121.31,3
H:\核心存储\档案馆\2019-2023 大学\大四\毕业论文与毕业设计\论文内容\图表\流程图,车辆入场.vsdx,44.89,121.31,3
H:\核心存储\档案馆\2019-2023 大学\大四\毕业论文与毕业设计\论文内容\图表\流程图,车辆出场.vsdx,45.4,121.31,3
H:\核心存储\档案馆\2019-2023 大学\大四\毕业论文与毕业设计\论文内容\图表\系统用例图,管理员.vsdx,47.73,47.73,1
H:\核心存储\档案馆\2019-2023 大学\大四\毕业论文与毕业设计\论文内容\图表\页面结构图,小程序端.vsdx,26.76,54.82,2
H:\核心存储\档案馆\2019-2023 大学\大四\毕业论文与毕业设计\论文内容\图表\页面结构图,桌面端.vsdx,28.05,54.82,2
H:\核心存储\档案馆\2019-2023 大学\大四\毕业论文与毕业设计\论文内容\提交论文及相关材料,194033552-张卉萱-基于计算机视觉与物联网的停车场管理系统.docx,1624.18,1789.71,4
H:\核心存储\档案馆\2019-2023 大学\大四\毕业论文与毕业设计\论文内容\提交论文及相关材料,194033552-张卉萱-开题报告.docx,63.16,1789.71,4
H:\核心存储\档案馆\2019-2023 大学\大四\毕业论文与毕业设计\论文内容\提交论文及相关材料,194033552-张卉萱-指导过程记录表.docx,17.69,1789.71,4
H:\核心存储\档案馆\2019-2023 大学\大四\毕业论文与毕业设计\论文内容\提交论文及相关材料,基于计算机视觉与物联网的停车场管理系统数据库设计.docx,84.69,1789.71,4
H:\核心存储\档案馆\2019-2023 大学\大四\毕业论文与毕业设计\论文内容\查重结果,万方查重.pdf,267.01,13831.17,8
H:\核心存储\档案馆\2019-2023 大学\大四\毕业论文与毕业设计\论文内容\查重结果,大雅查重1.zip,1296.49,13831.17,8
H:\核心存储\档案馆\2019-2023 大学\大四\毕业论文与毕业设计\论文内容\查重结果,大雅查重2.zip,1168.9,13831.17,8
H:\核心存储\档案馆\2019-2023 大学\大四\毕业论文与毕业设计\论文内容\查重结果,大雅查重3.zip,1159.94,13831.17,8
H:\核心存储\档案馆\2019-2023 大学\大四\毕业论文与毕业设计\论文内容\查重结果,学校查重（维普）.zip,3684.52,13831.17,8
H:\核心存储\档案馆\2019-2023 大学\大四\毕业论文与毕业设计\论文内容\查重结果,维普自查1.zip,2043.66,13831.17,8
H:\核心存储\档案馆\2019-2023 大学\大四\毕业论文与毕业设计\论文内容\查重结果,维普自查2.zip,2031.93,13831.17,8
H:\核心存储\档案馆\2019-2023 大学\大四\毕业论文与毕业设计\论文内容\查重结果,维普自查3.zip,2178.72,13831.17,8
H:\核心存储\档案馆\2019-2023 大学\大四\毕业论文与毕业设计\论文内容\论文版本,1 基本通过.docx,876.04,9275.14,9
H:\核心存储\档案馆\2019-2023 大学\大四\毕业论文与毕业设计\论文内容\论文版本,2 修改：交叉引用、摘要删减、部分内容微调.docx,880.19,9275.14,9
H:\核心存储\档案馆\2019-2023 大学\大四\毕业论文与毕业设计\论文内容\论文版本,3 修改：流程图勘误、排版调整、更换桌面端图片、桌面端代码增加.docx,1064.55,9275.14,9
H:\核心存储\档案馆\2019-2023 大学\大四\毕业论文与毕业设计\论文内容\论文版本,4 修改：排版调整、目录核对.docx,1064.39,9275.14,9
H:\核心存储\档案馆\2019-2023 大学\大四\毕业论文与毕业设计\论文内容\论文版本,5 修改：格式调整.docx,1068.96,9275.14,9
H:\核心存储\档案馆\2019-2023 大学\大四\毕业论文与毕业设计\论文内容\论文版本,6 修改：修改引用、内容调整（重复率上升，改回5了）.docx,1069.51,9275.14,9
H:\核心存储\档案馆\2019-2023 大学\大四\毕业论文与毕业设计\论文内容\论文版本,7 修改：格式调整、硬件增加代码和图片（0223提交学校）.docx,1625.2,9275.14,9
H:\核心存储\档案馆\2019-2023 大学\大四\毕业论文与毕业设计\论文内容\论文版本,8 修改：格式调整（0318答辩打印）.docx,1625.74,9275.14,9
H:\核心存储\档案馆\2019-2023 大学\大四\毕业论文与毕业设计\论文内容\论文版本,预计修改内容.txt,0.56,9275.14,9
H:\核心存储\档案馆\2019-2023 大学\学校,IMG_20220624_192421.jpg,2647.47,17273.44,5
H:\核心存储\档案馆\2019-2023 大学\学校,IMG_20220624_192522.jpg,3370.97,17273.44,5
H:\核心存储\档案馆\2019-2023 大学\学校,IMG_20220625_012042.jpg,7241.07,17273.44,5
H:\核心存储\档案馆\2019-2023 大学\学校,IMG_20220712_175330.jpg,3246.79,17273.44,5
H:\核心存储\档案馆\2019-2023 大学\学校,mmexport1649869389127.jpg,767.14,17273.44,5
H:\核心存储\档案馆\2019-2023 大学\学校\宿舍,收纳1.jpg,1172.38,34081.85,20
H:\核心存储\档案馆\2019-2023 大学\学校\宿舍,收纳10.jpg,933.43,34081.85,20
H:\核心存储\档案馆\2019-2023 大学\学校\宿舍,收纳11.jpg,1012.44,34081.85,20
H:\核心存储\档案馆\2019-2023 大学\学校\宿舍,收纳12.jpg,1042.49,34081.85,20
H:\核心存储\档案馆\2019-2023 大学\学校\宿舍,收纳13.jpg,1085.19,34081.85,20
H:\核心存储\档案馆\2019-2023 大学\学校\宿舍,收纳14.jpg,3670.95,34081.85,20
H:\核心存储\档案馆\2019-2023 大学\学校\宿舍,收纳15.mp4,2275.87,34081.85,20
H:\核心存储\档案馆\2019-2023 大学\学校\宿舍,收纳16.mp4,2058.55,34081.85,20
H:\核心存储\档案馆\2019-2023 大学\学校\宿舍,收纳2.jpg,863.18,34081.85,20
H:\核心存储\档案馆\2019-2023 大学\学校\宿舍,收纳3.jpg,1137.4,34081.85,20
H:\核心存储\档案馆\2019-2023 大学\学校\宿舍,收纳4.jpg,1156.53,34081.85,20
H:\核心存储\档案馆\2019-2023 大学\学校\宿舍,收纳5.jpg,1154.8,34081.85,20
H:\核心存储\档案馆\2019-2023 大学\学校\宿舍,收纳6.jpg,1167.36,34081.85,20
H:\核心存储\档案馆\2019-2023 大学\学校\宿舍,收纳7.jpg,1172.34,34081.85,20
H:\核心存储\档案馆\2019-2023 大学\学校\宿舍,收纳8.jpg,1058.23,34081.85,20
H:\核心存储\档案馆\2019-2023 大学\学校\宿舍,收纳9.jpg,1067.18,34081.85,20
H:\核心存储\档案馆\2019-2023 大学\学校\宿舍,楼梯间1.jpg,2916.35,34081.85,20
H:\核心存储\档案馆\2019-2023 大学\学校\宿舍,楼梯间2.jpg,3174.52,34081.85,20
H:\核心存储\档案馆\2019-2023 大学\学校\宿舍,阳台1.jpg,2785.58,34081.85,20
H:\核心存储\档案馆\2019-2023 大学\学校\宿舍,阳台2.jpg,3177.07,34081.85,20
H:\核心存储\档案馆\2019-2023 大学\学校\校门口的狗,mmexport1658148097744.jpg,603.09,3031.64,5
H:\核心存储\档案馆\2019-2023 大学\学校\校门口的狗,mmexport1658372074910.jpg,1918.07,3031.64,5
H:\核心存储\档案馆\2019-2023 大学\学校\校门口的狗,mmexport1658372088761.jpg,142.67,3031.64,5
H:\核心存储\档案馆\2019-2023 大学\学校\校门口的狗,mmexport1658372108205.jpg,205.41,3031.64,5
H:\核心存储\档案馆\2019-2023 大学\学校\校门口的狗,mmexport1658372119582.jpg,162.41,3031.64,5
H:\核心存储\档案馆\2019-2023 大学\艺术团\场地,103_1.jpg,2086.03,77634.12,22
H:\核心存储\档案馆\2019-2023 大学\艺术团\场地,103_2.jpg,2564.9,77634.12,22
H:\核心存储\档案馆\2019-2023 大学\艺术团\场地,112_113_1.jpg,2960.89,77634.12,22
H:\核心存储\档案馆\2019-2023 大学\艺术团\场地,112_113_2.jpg,2600.21,77634.12,22
H:\核心存储\档案馆\2019-2023 大学\艺术团\场地,420_1.jpg,2627.67,77634.12,22
H:\核心存储\档案馆\2019-2023 大学\艺术团\场地,420_2.jpg,2230.4,77634.12,22
H:\核心存储\档案馆\2019-2023 大学\艺术团\场地,601_1.jpg,2087.26,77634.12,22
H:\核心存储\档案馆\2019-2023 大学\艺术团\场地,601_2.jpg,2101.56,77634.12,22
H:\核心存储\档案馆\2019-2023 大学\艺术团\场地,601_3.jpg,2613.43,77634.12,22
H:\核心存储\档案馆\2019-2023 大学\艺术团\场地,601_4.jpg,2570.32,77634.12,22
H:\核心存储\档案馆\2019-2023 大学\艺术团\场地,601_5.jpg,2366.78,77634.12,22
H:\核心存储\档案馆\2019-2023 大学\艺术团\场地,601_6.jpg,2756.91,77634.12,22
H:\核心存储\档案馆\2019-2023 大学\艺术团\场地,601_7.jpg,2511.93,77634.12,22
H:\核心存储\档案馆\2019-2023 大学\艺术团\场地,健身房1.jpg,2654.29,77634.12,22
H:\核心存储\档案馆\2019-2023 大学\艺术团\场地,健身房2.jpg,184.05,77634.12,22
H:\核心存储\档案馆\2019-2023 大学\艺术团\场地,小礼堂1.mp4,25841.16,77634.12,22
H:\核心存储\档案馆\2019-2023 大学\艺术团\场地,小礼堂2.jpg,2885.35,77634.12,22
H:\核心存储\档案馆\2019-2023 大学\艺术团\场地,小礼堂3.jpg,2734.77,77634.12,22
H:\核心存储\档案馆\2019-2023 大学\艺术团\场地,小礼堂4.jpg,3340.16,77634.12,22
H:\核心存储\档案馆\2019-2023 大学\艺术团\场地,小礼堂5.jpg,3370.99,77634.12,22
H:\核心存储\档案馆\2019-2023 大学\艺术团\场地,小礼堂6.jpg,2823.09,77634.12,22
H:\核心存储\档案馆\2019-2023 大学\艺术团\场地,小礼堂7.jpg,1721.96,77634.12,22
H:\核心存储\档案馆\2019-2023 大学\艺术团\大一,1.jpg,11.97,124339.39,22
H:\核心存储\档案馆\2019-2023 大学\艺术团\大一,19舞蹈大赛1.mp4,19006.75,124339.39,22
H:\核心存储\档案馆\2019-2023 大学\艺术团\大一,19舞蹈大赛2.jpg,139.94,124339.39,22
H:\核心存储\档案馆\2019-2023 大学\艺术团\大一,19舞蹈大赛3.mp4,19312.72,124339.39,22
H:\核心存储\档案馆\2019-2023 大学\艺术团\大一,19舞蹈大赛4.mp4,2915.1,124339.39,22
H:\核心存储\档案馆\2019-2023 大学\艺术团\大一,19舞蹈大赛5.mp4,10748.62,124339.39,22
H:\核心存储\档案馆\2019-2023 大学\艺术团\大一,2.mp4,6012.6,124339.39,22
H:\核心存储\档案馆\2019-2023 大学\艺术团\大一,3.mp4,9514.5,124339.39,22
H:\核心存储\档案馆\2019-2023 大学\艺术团\大一,4.mp4,10146.0,124339.39,22
H:\核心存储\档案馆\2019-2023 大学\艺术团\大一,5.mp4,5029.12,124339.39,22
H:\核心存储\档案馆\2019-2023 大学\艺术团\大一,6.mp4,8348.8,124339.39,22
H:\核心存储\档案馆\2019-2023 大学\艺术团\大一,7.mp4,6836.22,124339.39,22
H:\核心存储\档案馆\2019-2023 大学\艺术团\大一,8.mp4,6773.58,124339.39,22
H:\核心存储\档案馆\2019-2023 大学\艺术团\大一,9.mp4,7819.98,124339.39,22
H:\核心存储\档案馆\2019-2023 大学\艺术团\大一,合照1.jpg,236.48,124339.39,22
H:\核心存储\档案馆\2019-2023 大学\艺术团\大一,合照2.jpg,129.1,124339.39,22
H:\核心存储\档案馆\2019-2023 大学\艺术团\大一,合照3.jpg,200.96,124339.39,22
H:\核心存储\档案馆\2019-2023 大学\艺术团\大一,王一丰.jpg,925.49,124339.39,22
H:\核心存储\档案馆\2019-2023 大学\艺术团\大一,运动会1.png,133.39,124339.39,22
H:\核心存储\档案馆\2019-2023 大学\艺术团\大一,运动会2.jpg,534.75,124339.39,22
H:\核心存储\档案馆\2019-2023 大学\艺术团\大一,运动会3.jpg,9133.74,124339.39,22
H:\核心存储\档案馆\2019-2023 大学\艺术团\大一,运动会4.jpg,429.59,124339.39,22
H:\核心存储\档案馆\2019-2023 大学\艺术团\大三,mmexport1713831605523.mp4,1479.83,1479.83,1
H:\核心存储\档案馆\2019-2023 大学\艺术团\大三\上,IMG_20211120_101758.jpg,414.23,1216151.2,23
H:\核心存储\档案馆\2019-2023 大学\艺术团\大三\上,IMG_3202.jpg,8360.83,1216151.2,23
H:\核心存储\档案馆\2019-2023 大学\艺术团\大三\上,IMG_3274.jpg,9453.0,1216151.2,23
H:\核心存储\档案馆\2019-2023 大学\艺术团\大三\上,IMG_3298.jpg,8517.63,1216151.2,23
H:\核心存储\档案馆\2019-2023 大学\艺术团\大三\上,mmexport1637374647452.jpg,582.74,1216151.2,23
H:\核心存储\档案馆\2019-2023 大学\艺术团\大三\上,mmexport1637681104338.mp4,67155.9,1216151.2,23
H:\核心存储\档案馆\2019-2023 大学\艺术团\大三\上,mmexport1640187996164.mp4,30573.25,1216151.2,23
H:\核心存储\档案馆\2019-2023 大学\艺术团\大三\上,VID_20211101_222750.mp4,189088.63,1216151.2,23
H:\核心存储\档案馆\2019-2023 大学\艺术团\大三\上,VID_20220225_205928.mp4,85227.91,1216151.2,23
H:\核心存储\档案馆\2019-2023 大学\艺术团\大三\上,VID_20220304_214012.mp4,730000.32,1216151.2,23
H:\核心存储\档案馆\2019-2023 大学\艺术团\大三\上,ZGL00207.jpg,7649.17,1216151.2,23
H:\核心存储\档案馆\2019-2023 大学\艺术团\大三\上,ZGL00400.jpg,6660.39,1216151.2,23
H:\核心存储\档案馆\2019-2023 大学\艺术团\大三\上,ZGL00665.jpg,8012.32,1216151.2,23
H:\核心存储\档案馆\2019-2023 大学\艺术团\大三\上,ZGL00685.jpg,8537.92,1216151.2,23
H:\核心存储\档案馆\2019-2023 大学\艺术团\大三\上,微信图片_20211123231705.jpg,6432.11,1216151.2,23
H:\核心存储\档案馆\2019-2023 大学\艺术团\大三\上,微信图片_202111232317053.jpg,6605.46,1216151.2,23
H:\核心存储\档案馆\2019-2023 大学\艺术团\大三\上,微信图片_202111232317055.jpg,6617.03,1216151.2,23
H:\核心存储\档案馆\2019-2023 大学\艺术团\大三\上,微信图片_202111232317058.jpg,6650.14,1216151.2,23
H:\核心存储\档案馆\2019-2023 大学\艺术团\大三\上,泉州校区1.jpg,7717.07,1216151.2,23
H:\核心存储\档案馆\2019-2023 大学\艺术团\大三\上,泉州校区2.jpg,5514.92,1216151.2,23
H:\核心存储\档案馆\2019-2023 大学\艺术团\大三\上,泉州校区3.jpg,6505.54,1216151.2,23
H:\核心存储\档案馆\2019-2023 大学\艺术团\大三\上,泉州校区4.jpg,6094.56,1216151.2,23
H:\核心存储\档案馆\2019-2023 大学\艺术团\大三\上,泉州校区5.jpg,3780.15,1216151.2,23
H:\核心存储\档案馆\2019-2023 大学\艺术团\大三\上\locking纳新,locking素材.png,121.87,897.08,2
H:\核心存储\档案馆\2019-2023 大学\艺术团\大三\上\locking纳新,海报.png,775.21,897.08,2
H:\核心存储\档案馆\2019-2023 大学\艺术团\大三\下\换届,10.jpg,11453.44,83105.06,8
H:\核心存储\档案馆\2019-2023 大学\艺术团\大三\下\换届,11.jpg,12324.69,83105.06,8
H:\核心存储\档案馆\2019-2023 大学\艺术团\大三\下\换届,13.jpg,9989.72,83105.06,8
H:\核心存储\档案馆\2019-2023 大学\艺术团\大三\下\换届,19.jpg,12576.0,83105.06,8
H:\核心存储\档案馆\2019-2023 大学\艺术团\大三\下\换届,20.jpg,10758.64,83105.06,8
H:\核心存储\档案馆\2019-2023 大学\艺术团\大三\下\换届,21.jpg,11381.15,83105.06,8
H:\核心存储\档案馆\2019-2023 大学\艺术团\大三\下\换届,22.jpg,13841.91,83105.06,8
H:\核心存储\档案馆\2019-2023 大学\艺术团\大三\下\换届,很饿.jpg,779.53,83105.06,8
H:\核心存储\档案馆\2019-2023 大学\艺术团\大三\下\文艺晚会,合照1.jpg,1954.01,1998615.62,31
H:\核心存储\档案馆\2019-2023 大学\艺术团\大三\下\文艺晚会,合照10.jpg,7950.0,1998615.62,31
H:\核心存储\档案馆\2019-2023 大学\艺术团\大三\下\文艺晚会,合照2.jpg,1845.69,1998615.62,31
H:\核心存储\档案馆\2019-2023 大学\艺术团\大三\下\文艺晚会,合照5.jpg,3358.36,1998615.62,31
H:\核心存储\档案馆\2019-2023 大学\艺术团\大三\下\文艺晚会,合照6.jpg,3351.1,1998615.62,31
H:\核心存储\档案馆\2019-2023 大学\艺术团\大三\下\文艺晚会,合照7.jpg,2663.99,1998615.62,31
H:\核心存储\档案馆\2019-2023 大学\艺术团\大三\下\文艺晚会,合照8.jpg,1859.33,1998615.62,31
H:\核心存储\档案馆\2019-2023 大学\艺术团\大三\下\文艺晚会,合照9.jpg,7632.63,1998615.62,31
H:\核心存储\档案馆\2019-2023 大学\艺术团\大三\下\文艺晚会,完整节目.mp4,633665.56,1998615.62,31
H:\核心存储\档案馆\2019-2023 大学\艺术团\大三\下\文艺晚会,彩排1.mp4,3793.26,1998615.62,31
H:\核心存储\档案馆\2019-2023 大学\艺术团\大三\下\文艺晚会,彩排2.mp4,1996.65,1998615.62,31
H:\核心存储\档案馆\2019-2023 大学\艺术团\大三\下\文艺晚会,排练1.mp4,28009.64,1998615.62,31
H:\核心存储\档案馆\2019-2023 大学\艺术团\大三\下\文艺晚会,排练10.mp4,14628.21,1998615.62,31
H:\核心存储\档案馆\2019-2023 大学\艺术团\大三\下\文艺晚会,排练11.mp4,49818.1,1998615.62,31
H:\核心存储\档案馆\2019-2023 大学\艺术团\大三\下\文艺晚会,排练2.mp4,46265.05,1998615.62,31
H:\核心存储\档案馆\2019-2023 大学\艺术团\大三\下\文艺晚会,排练3.mp4,38520.27,1998615.62,31
H:\核心存储\档案馆\2019-2023 大学\艺术团\大三\下\文艺晚会,排练4.mp4,26137.97,1998615.62,31
H:\核心存储\档案馆\2019-2023 大学\艺术团\大三\下\文艺晚会,排练5.mp4,961738.24,1998615.62,31
H:\核心存储\档案馆\2019-2023 大学\艺术团\大三\下\文艺晚会,排练6.mp4,14297.28,1998615.62,31
H:\核心存储\档案馆\2019-2023 大学\艺术团\大三\下\文艺晚会,排练7.mp4,29701.56,1998615.62,31
H:\核心存储\档案馆\2019-2023 大学\艺术团\大三\下\文艺晚会,排练8.mp4,46870.41,1998615.62,31
H:\核心存储\档案馆\2019-2023 大学\艺术团\大三\下\文艺晚会,排练9.mp4,27910.3,1998615.62,31
H:\核心存储\档案馆\2019-2023 大学\艺术团\大三\下\文艺晚会,舞台1.jpg,980.88,1998615.62,31
H:\核心存储\档案馆\2019-2023 大学\艺术团\大三\下\文艺晚会,舞台2.jpg,1049.74,1998615.62,31
H:\核心存储\档案馆\2019-2023 大学\艺术团\大三\下\文艺晚会,舞台3.jpg,1176.41,1998615.62,31
H:\核心存储\档案馆\2019-2023 大学\艺术团\大三\下\文艺晚会,舞台4.jpg,1299.73,1998615.62,31
H:\核心存储\档案馆\2019-2023 大学\艺术团\大三\下\文艺晚会,舞台5.jpg,1292.77,1998615.62,31
H:\核心存储\档案馆\2019-2023 大学\艺术团\大三\下\文艺晚会,舞台6.jpg,1022.97,1998615.62,31
H:\核心存储\档案馆\2019-2023 大学\艺术团\大三\下\文艺晚会,舞台7.jpg,1167.87,1998615.62,31
H:\核心存储\档案馆\2019-2023 大学\艺术团\大三\下\文艺晚会,舞台8.jpg,1181.64,1998615.62,31
H:\核心存储\档案馆\2019-2023 大学\艺术团\大三\下\文艺晚会,节目审核.mp4,35475.98,1998615.62,31
H:\核心存储\档案馆\2019-2023 大学\艺术团\大三\下\文艺晚会\尤旺星的纪录片,正片.mp4,375536.0,1489923.37,26
H:\核心存储\档案馆\2019-2023 大学\艺术团\大三\下\文艺晚会\尤旺星的纪录片,花絮1.mp4,1320.52,1489923.37,26
H:\核心存储\档案馆\2019-2023 大学\艺术团\大三\下\文艺晚会\尤旺星的纪录片,花絮10.mp4,11292.04,1489923.37,26
H:\核心存储\档案馆\2019-2023 大学\艺术团\大三\下\文艺晚会\尤旺星的纪录片,花絮11.mp4,13626.29,1489923.37,26
H:\核心存储\档案馆\2019-2023 大学\艺术团\大三\下\文艺晚会\尤旺星的纪录片,花絮12.mp4,10300.96,1489923.37,26
H:\核心存储\档案馆\2019-2023 大学\艺术团\大三\下\文艺晚会\尤旺星的纪录片,花絮13.mp4,7392.61,1489923.37,26
H:\核心存储\档案馆\2019-2023 大学\艺术团\大三\下\文艺晚会\尤旺星的纪录片,花絮14.mp4,15626.43,1489923.37,26
H:\核心存储\档案馆\2019-2023 大学\艺术团\大三\下\文艺晚会\尤旺星的纪录片,花絮15.mp4,9251.47,1489923.37,26
H:\核心存储\档案馆\2019-2023 大学\艺术团\大三\下\文艺晚会\尤旺星的纪录片,花絮16.mp4,5857.47,1489923.37,26
H:\核心存储\档案馆\2019-2023 大学\艺术团\大三\下\文艺晚会\尤旺星的纪录片,花絮17.mp4,5279.88,1489923.37,26
H:\核心存储\档案馆\2019-2023 大学\艺术团\大三\下\文艺晚会\尤旺星的纪录片,花絮18.mp4,12753.46,1489923.37,26
H:\核心存储\档案馆\2019-2023 大学\艺术团\大三\下\文艺晚会\尤旺星的纪录片,花絮19.mp4,52262.85,1489923.37,26
H:\核心存储\档案馆\2019-2023 大学\艺术团\大三\下\文艺晚会\尤旺星的纪录片,花絮2.mp4,5149.82,1489923.37,26
H:\核心存储\档案馆\2019-2023 大学\艺术团\大三\下\文艺晚会\尤旺星的纪录片,花絮20.mp4,177478.03,1489923.37,26
H:\核心存储\档案馆\2019-2023 大学\艺术团\大三\下\文艺晚会\尤旺星的纪录片,花絮21.mp4,171687.16,1489923.37,26
H:\核心存储\档案馆\2019-2023 大学\艺术团\大三\下\文艺晚会\尤旺星的纪录片,花絮22.mp4,93580.26,1489923.37,26
H:\核心存储\档案馆\2019-2023 大学\艺术团\大三\下\文艺晚会\尤旺星的纪录片,花絮23.mp4,111966.54,1489923.37,26
H:\核心存储\档案馆\2019-2023 大学\艺术团\大三\下\文艺晚会\尤旺星的纪录片,花絮24.mp4,9663.1,1489923.37,26
H:\核心存储\档案馆\2019-2023 大学\艺术团\大三\下\文艺晚会\尤旺星的纪录片,花絮25.mp4,282160.95,1489923.37,26
H:\核心存储\档案馆\2019-2023 大学\艺术团\大三\下\文艺晚会\尤旺星的纪录片,花絮3.mp4,6394.16,1489923.37,26
H:\核心存储\档案馆\2019-2023 大学\艺术团\大三\下\文艺晚会\尤旺星的纪录片,花絮4.mp4,7425.8,1489923.37,26
H:\核心存储\档案馆\2019-2023 大学\艺术团\大三\下\文艺晚会\尤旺星的纪录片,花絮5.mp4,11127.83,1489923.37,26
H:\核心存储\档案馆\2019-2023 大学\艺术团\大三\下\文艺晚会\尤旺星的纪录片,花絮6.mp4,21311.52,1489923.37,26
H:\核心存储\档案馆\2019-2023 大学\艺术团\大三\下\文艺晚会\尤旺星的纪录片,花絮7.mp4,25235.29,1489923.37,26
H:\核心存储\档案馆\2019-2023 大学\艺术团\大三\下\文艺晚会\尤旺星的纪录片,花絮8.mp4,16170.57,1489923.37,26
H:\核心存储\档案馆\2019-2023 大学\艺术团\大三\下\文艺晚会\尤旺星的纪录片,花絮9.mp4,30072.38,1489923.37,26
H:\核心存储\档案馆\2019-2023 大学\艺术团\大二,合照1.jpg,7067.19,33719.87,7
H:\核心存储\档案馆\2019-2023 大学\艺术团\大二,合照2.jpg,7038.25,33719.87,7
H:\核心存储\档案馆\2019-2023 大学\艺术团\大二,我.jpg,75.26,33719.87,7
H:\核心存储\档案馆\2019-2023 大学\艺术团\大二,杨宽宁.jpg,2968.39,33719.87,7
H:\核心存储\档案馆\2019-2023 大学\艺术团\大二,杨灵骁.mp4,587.25,33719.87,7
H:\核心存储\档案馆\2019-2023 大学\艺术团\大二,林稣.png,7805.03,33719.87,7
H:\核心存储\档案馆\2019-2023 大学\艺术团\大二,篮球赛开幕.mp4,8178.5,33719.87,7
H:\核心存储\档案馆\2019-2023 大学\艺术团\大二\大师课,上课.mp4,1960.77,2265.23,2
H:\核心存储\档案馆\2019-2023 大学\艺术团\大二\大师课,合照.jpg,304.46,2265.23,2
H:\核心存储\档案馆\2019-2023 大学\艺术团\大二\舞蹈大赛,1153f8a6d963cc7d75c689cdd0a835ed.mp4,1075.82,631161.18,40
H:\核心存储\档案馆\2019-2023 大学\艺术团\大二\舞蹈大赛,21舞蹈大赛复赛.mp4,12041.74,631161.18,40
H:\核心存储\档案馆\2019-2023 大学\艺术团\大二\舞蹈大赛,mmexport1621667472659.jpg,2193.44,631161.18,40
H:\核心存储\档案馆\2019-2023 大学\艺术团\大二\舞蹈大赛,mmexport1621667481617.jpg,2517.91,631161.18,40
H:\核心存储\档案馆\2019-2023 大学\艺术团\大二\舞蹈大赛,mmexport1621667491147.jpg,4529.54,631161.18,40
H:\核心存储\档案馆\2019-2023 大学\艺术团\大二\舞蹈大赛,mmexport1623081655027.mp4,14432.83,631161.18,40
H:\核心存储\档案馆\2019-2023 大学\艺术团\大二\舞蹈大赛,mmexport1623082950350.jpg,8656.91,631161.18,40
H:\核心存储\档案馆\2019-2023 大学\艺术团\大二\舞蹈大赛,mmexport1623128195868.mp4,17513.14,631161.18,40
H:\核心存储\档案馆\2019-2023 大学\艺术团\大二\舞蹈大赛,mmexport1623128231209.mp4,16959.15,631161.18,40
H:\核心存储\档案馆\2019-2023 大学\艺术团\大二\舞蹈大赛,mmexport1623167271563.jpg,533.69,631161.18,40
H:\核心存储\档案馆\2019-2023 大学\艺术团\大二\舞蹈大赛,mmexport1623167312453.mp4,16932.81,631161.18,40
H:\核心存储\档案馆\2019-2023 大学\艺术团\大二\舞蹈大赛,mmexport1623172929059.mp4,17038.58,631161.18,40
H:\核心存储\档案馆\2019-2023 大学\艺术团\大二\舞蹈大赛,mmexport1623224054532.mp4,18276.57,631161.18,40
H:\核心存储\档案馆\2019-2023 大学\艺术团\大二\舞蹈大赛,mmexport1623249593735.jpg,4913.92,631161.18,40
H:\核心存储\档案馆\2019-2023 大学\艺术团\大二\舞蹈大赛,mmexport1623249614167.jpg,5078.55,631161.18,40
H:\核心存储\档案馆\2019-2023 大学\艺术团\大二\舞蹈大赛,mmexport1623249727937.jpg,3232.54,631161.18,40
H:\核心存储\档案馆\2019-2023 大学\艺术团\大二\舞蹈大赛,mmexport1623249803176.jpg,189.88,631161.18,40
H:\核心存储\档案馆\2019-2023 大学\艺术团\大二\舞蹈大赛,mmexport1623250071834.mp4,821.69,631161.18,40
H:\核心存储\档案馆\2019-2023 大学\艺术团\大二\舞蹈大赛,mmexport1623253618699.jpg,6518.12,631161.18,40
H:\核心存储\档案馆\2019-2023 大学\艺术团\大二\舞蹈大赛,mmexport1623255048948.jpg,3499.03,631161.18,40
H:\核心存储\档案馆\2019-2023 大学\艺术团\大二\舞蹈大赛,mmexport1623259031970.mp4,1527.8,631161.18,40
H:\核心存储\档案馆\2019-2023 大学\艺术团\大二\舞蹈大赛,mmexport1623270378359.jpg,105.86,631161.18,40
H:\核心存储\档案馆\2019-2023 大学\艺术团\大二\舞蹈大赛,mmexport1623324472356.jpg,1191.85,631161.18,40
H:\核心存储\档案馆\2019-2023 大学\艺术团\大二\舞蹈大赛,mmexport1623324518121.jpg,1031.08,631161.18,40
H:\核心存储\档案馆\2019-2023 大学\艺术团\大二\舞蹈大赛,mmexport1623336530053.jpg,347.78,631161.18,40
H:\核心存储\档案馆\2019-2023 大学\艺术团\大二\舞蹈大赛,mmexport1623336546717.jpg,377.2,631161.18,40
H:\核心存储\档案馆\2019-2023 大学\艺术团\大二\舞蹈大赛,mmexport1623336553610.jpg,324.36,631161.18,40
H:\核心存储\档案馆\2019-2023 大学\艺术团\大二\舞蹈大赛,mmexport1623336564972.jpg,711.42,631161.18,40
H:\核心存储\档案馆\2019-2023 大学\艺术团\大二\舞蹈大赛,mmexport1623772928665.mp4,11064.41,631161.18,40
H:\核心存储\档案馆\2019-2023 大学\艺术团\大二\舞蹈大赛,VID_20210608_200419.mp4,33651.13,631161.18,40
H:\核心存储\档案馆\2019-2023 大学\艺术团\大二\舞蹈大赛,VID_20210608_203845.mp4,18347.28,631161.18,40
H:\核心存储\档案馆\2019-2023 大学\艺术团\大二\舞蹈大赛,WeChat_20220331224244.mp4,5962.98,631161.18,40
H:\核心存储\档案馆\2019-2023 大学\艺术团\大二\舞蹈大赛,WeChat_20220331224400.mp4,18860.8,631161.18,40
H:\核心存储\档案馆\2019-2023 大学\艺术团\大二\舞蹈大赛,微信图片_20210606234902.jpg,10927.1,631161.18,40
H:\核心存储\档案馆\2019-2023 大学\艺术团\大二\舞蹈大赛,微信图片_20211007093413.jpg,333.67,631161.18,40
H:\核心存储\档案馆\2019-2023 大学\艺术团\大二\舞蹈大赛,正片1.mp4,312001.27,631161.18,40
H:\核心存储\档案馆\2019-2023 大学\艺术团\大二\舞蹈大赛,正片2.mp4,18560.82,631161.18,40
H:\核心存储\档案馆\2019-2023 大学\艺术团\大二\舞蹈大赛,正片3.mp4,13495.87,631161.18,40
H:\核心存储\档案馆\2019-2023 大学\艺术团\大二\舞蹈大赛,正片4.mp4,18541.97,631161.18,40
H:\核心存储\档案馆\2019-2023 大学\艺术团\大二\舞蹈大赛,版本一.mp4,6840.66,631161.18,40
H:\核心存储\档案馆\2019-2023 大学\艺术团\大二\表彰晚会,IMG_0003.jpg,19236.17,120787.51,17
H:\核心存储\档案馆\2019-2023 大学\艺术团\大二\表彰晚会,IMG_9889.jpg,15464.84,120787.51,17
H:\核心存储\档案馆\2019-2023 大学\艺术团\大二\表彰晚会,mmexport1622993159979.jpg,733.76,120787.51,17
H:\核心存储\档案馆\2019-2023 大学\艺术团\大二\表彰晚会,mmexport1622993532164.jpg,3507.85,120787.51,17
H:\核心存储\档案馆\2019-2023 大学\艺术团\大二\表彰晚会,mmexport1623007829456.mp4,3162.51,120787.51,17
H:\核心存储\档案馆\2019-2023 大学\艺术团\大二\表彰晚会,mmexport1623007839103.mp4,500.04,120787.51,17
H:\核心存储\档案馆\2019-2023 大学\艺术团\大二\表彰晚会,mmexport1623008082361.mp4,2360.04,120787.51,17
H:\核心存储\档案馆\2019-2023 大学\艺术团\大二\表彰晚会,mmexport1623032572343.jpg,31.21,120787.51,17
H:\核心存储\档案馆\2019-2023 大学\艺术团\大二\表彰晚会,mmexport1623039502919.mp4,4082.86,120787.51,17
H:\核心存储\档案馆\2019-2023 大学\艺术团\大二\表彰晚会,mmexport1623050243474.jpg,7050.91,120787.51,17
H:\核心存储\档案馆\2019-2023 大学\艺术团\大二\表彰晚会,mmexport1623082906121.jpg,6477.19,120787.51,17
H:\核心存储\档案馆\2019-2023 大学\艺术团\大二\表彰晚会,mmexport1623167268643.jpg,379.74,120787.51,17
H:\核心存储\档案馆\2019-2023 大学\艺术团\大二\表彰晚会,mmexport1623195301719.mp4,7231.17,120787.51,17
H:\核心存储\档案馆\2019-2023 大学\艺术团\大二\表彰晚会,mmexport1623195312657.mp4,8167.36,120787.51,17
H:\核心存储\档案馆\2019-2023 大学\艺术团\大二\表彰晚会,mmexport1623946181707.mp4,21589.35,120787.51,17
H:\核心存储\档案馆\2019-2023 大学\艺术团\大二\表彰晚会,mmexport9137b6c866d031d0786d2e0b4794d30a_1623167231855.webp,97.85,120787.51,17
H:\核心存储\档案馆\2019-2023 大学\艺术团\大二\表彰晚会,微信图片_20210606235219.jpg,20714.65,120787.51,17
H:\核心存储\档案馆\书局 20250317至今,mmexport1750501873578.jpg,5152.2,75144.1,13
H:\核心存储\档案馆\书局 20250317至今,mmexport1750501895940.jpg,2154.01,75144.1,13
H:\核心存储\档案馆\书局 20250317至今,mmexport1750833285618.jpg,6643.2,75144.1,13
H:\核心存储\档案馆\书局 20250317至今,mmexport1750833290719.jpg,7966.65,75144.1,13
H:\核心存储\档案馆\书局 20250317至今,mmexport1754495669791.jpg,391.96,75144.1,13
H:\核心存储\档案馆\书局 20250317至今,mmexport1755239904765.jpg,211.89,75144.1,13
H:\核心存储\档案馆\书局 20250317至今,mmexport1763553124291.jpg,1429.1,75144.1,13
H:\核心存储\档案馆\书局 20250317至今,mmexport1768990111682.jpg,4131.25,75144.1,13
H:\核心存储\档案馆\书局 20250317至今,mmexport1769155588677.jpg,213.77,75144.1,13
H:\核心存储\档案馆\书局 20250317至今,mmexport1769413673507.jpg,5452.23,75144.1,13
H:\核心存储\档案馆\书局 20250317至今,mmexport1769777698205.jpg,5076.25,75144.1,13
H:\核心存储\档案馆\书局 20250317至今,基本拳.mp4,24031.99,75144.1,13
H:\核心存储\档案馆\书局 20250317至今,玄功拳.mp4,12289.61,75144.1,13
H:\核心存储\档案馆\书局 20250317至今\20260131闽越水镇科泰德年会表演,20260130彩排.mp4,12991.88,19915.78,3
H:\核心存储\档案馆\书局 20250317至今\20260131闽越水镇科泰德年会表演,合照.jpg,6626.72,19915.78,3
H:\核心存储\档案馆\书局 20250317至今\20260131闽越水镇科泰德年会表演,节目单.jpg,297.18,19915.78,3
H:\核心存储\档案馆\健身 2025至今,第一次吊杠20251208_160933.mp4,171340.48,171340.48,1
H:\核心存储\档案馆\其他,张卉萱绘画作品授权使用说明.doc,476.5,476.5,1
H:\核心存储\档案馆\其他\结清证明与征信记录（至202503）,个人信用报告.pdf,119.66,119.66,1
H:\核心存储\档案馆\其他\结清证明与征信记录（至202503）\支付宝花呗 提取密码身份证后6位,花呗征信记录结清证明.pdf,92.35,490.19,2
H:\核心存储\档案馆\其他\结清证明与征信记录（至202503）\支付宝花呗 提取密码身份证后6位,花呗结清证明.pdf,397.83,490.19,2
H:\核心存储\档案馆\其他\结清证明与征信记录（至202503）\美团生活费,三快小额贷款公司.pdf,144.36,449.77,3
H:\核心存储\档案馆\其他\结清证明与征信记录（至202503）\美团生活费,浙商银行股份有限公司.pdf,152.5,449.77,3
H:\核心存储\档案馆\其他\结清证明与征信记录（至202503）\美团生活费,苏银凯基消费金融有限公司.pdf,152.9,449.77,3
H:\核心存储\档案馆\外公外婆\外公,IMG_20221025_142724.jpg,5781.04,26661.73,8
H:\核心存储\档案馆\外公外婆\外公,IMG_20221025_142813.jpg,5512.91,26661.73,8
H:\核心存储\档案馆\外公外婆\外公,IMG_20221027_075139.jpg,4318.05,26661.73,8
H:\核心存储\档案馆\外公外婆\外公,IMG_20230130_092655.jpg,3533.12,26661.73,8
H:\核心存储\档案馆\外公外婆\外公,IMG_20240404_192351.jpg,2261.37,26661.73,8
H:\核心存储\档案馆\外公外婆\外公,IMG_20240404_193306.jpg,2466.34,26661.73,8
H:\核心存储\档案馆\外公外婆\外公,mmexport1714223385111.jpg,208.58,26661.73,8
H:\核心存储\档案馆\外公外婆\外公,mmexport1719838355923.mp4,2580.33,26661.73,8
H:\核心存储\档案馆\外公外婆\外公\录音,七律 长征 内容.aac,1018.39,3552.92,3
H:\核心存储\档案馆\外公外婆\外公\录音,七律 长征 题目.aac,352.29,3552.92,3
H:\核心存储\档案馆\外公外婆\外公\录音,沁园春 雪.aac,2182.23,3552.92,3
H:\核心存储\档案馆\外公外婆\外婆,三轮车1.jpg,4145.95,76513.49,20
H:\核心存储\档案馆\外公外婆\外婆,三轮车2.jpg,3614.83,76513.49,20
H:\核心存储\档案馆\外公外婆\外婆,三轮车3.jpg,3797.46,76513.49,20
H:\核心存储\档案馆\外公外婆\外婆,外婆所织1.jpg,4489.22,76513.49,20
H:\核心存储\档案馆\外公外婆\外婆,外婆所织2.jpg,3952.55,76513.49,20
H:\核心存储\档案馆\外公外婆\外婆,外婆所织3.jpg,4143.78,76513.49,20
H:\核心存储\档案馆\外公外婆\外婆,床架.jpg,5102.29,76513.49,20
H:\核心存储\档案馆\外公外婆\外婆,房间.jpg,2853.05,76513.49,20
H:\核心存储\档案馆\外公外婆\外婆,手机.jpg,3448.58,76513.49,20
H:\核心存储\档案馆\外公外婆\外婆,挎包.jpg,5944.13,76513.49,20
H:\核心存储\档案馆\外公外婆\外婆,收音机1.jpg,3190.57,76513.49,20
H:\核心存储\档案馆\外公外婆\外婆,收音机2.jpg,2952.99,76513.49,20
H:\核心存储\档案馆\外公外婆\外婆,火化证明.jpg,4461.07,76513.49,20
H:\核心存储\档案馆\外公外婆\外婆,玩具.jpg,4512.94,76513.49,20
H:\核心存储\档案馆\外公外婆\外婆,眼镜.jpg,2779.89,76513.49,20
H:\核心存储\档案馆\外公外婆\外婆,联络本.jpg,3485.13,76513.49,20
H:\核心存储\档案馆\外公外婆\外婆,衣物.jpg,2943.37,76513.49,20
H:\核心存储\档案馆\外公外婆\外婆,身份证1.jpg,4020.21,76513.49,20
H:\核心存储\档案馆\外公外婆\外婆,身份证2.jpg,4645.93,76513.49,20
H:\核心存储\档案馆\外公外婆\外婆,遮阳帽.jpg,2029.55,76513.49,20
H:\核心存储\档案馆\外公外婆\新房,IMG_20221026_165726.jpg,7005.16,22753.23,6
H:\核心存储\档案馆\外公外婆\新房,IMG_20221026_165750.jpg,2977.34,22753.23,6
H:\核心存储\档案馆\外公外婆\新房,IMG_20221026_165904.jpg,2421.08,22753.23,6
H:\核心存储\档案馆\外公外婆\新房,IMG_20221105_142242.jpg,4713.59,22753.23,6
H:\核心存储\档案馆\外公外婆\新房,IMG_20221111_142957.jpg,4685.25,22753.23,6
H:\核心存储\档案馆\外公外婆\新房,wx_camera_1667644973125.jpg,950.81,22753.23,6
H:\核心存储\档案馆\外公外婆\老屋,1.jpg,2695.02,94163.95,22
H:\核心存储\档案馆\外公外婆\老屋,10.jpg,3644.01,94163.95,22
H:\核心存储\档案馆\外公外婆\老屋,11.jpg,5557.64,94163.95,22
H:\核心存储\档案馆\外公外婆\老屋,12.jpg,7144.48,94163.95,22
H:\核心存储\档案馆\外公外婆\老屋,13.jpg,4410.55,94163.95,22
H:\核心存储\档案馆\外公外婆\老屋,14.jpg,5500.15,94163.95,22
H:\核心存储\档案馆\外公外婆\老屋,15.jpg,5334.09,94163.95,22
H:\核心存储\档案馆\外公外婆\老屋,16.jpg,2999.97,94163.95,22
H:\核心存储\档案馆\外公外婆\老屋,17.jpg,3029.86,94163.95,22
H:\核心存储\档案馆\外公外婆\老屋,18.jpg,3107.14,94163.95,22
H:\核心存储\档案馆\外公外婆\老屋,19.jpg,2735.52,94163.95,22
H:\核心存储\档案馆\外公外婆\老屋,2.jpg,3702.5,94163.95,22
H:\核心存储\档案馆\外公外婆\老屋,20.jpg,3442.95,94163.95,22
H:\核心存储\档案馆\外公外婆\老屋,21.jpg,2594.78,94163.95,22
H:\核心存储\档案馆\外公外婆\老屋,22.jpg,2917.06,94163.95,22
H:\核心存储\档案馆\外公外婆\老屋,3.jpg,4924.34,94163.95,22
H:\核心存储\档案馆\外公外婆\老屋,4.jpg,2678.52,94163.95,22
H:\核心存储\档案馆\外公外婆\老屋,5.jpg,5498.19,94163.95,22
H:\核心存储\档案馆\外公外婆\老屋,6.jpg,6135.58,94163.95,22
H:\核心存储\档案馆\外公外婆\老屋,7.jpg,5182.84,94163.95,22
H:\核心存储\档案馆\外公外婆\老屋,8.jpg,5226.15,94163.95,22
H:\核心存储\档案馆\外公外婆\老屋,9.jpg,5702.61,94163.95,22
H:\核心存储\档案馆\工作 2022至今,健康证20250630-20260629.pdf,177.71,177.71,1
H:\核心存储\档案馆\工作 2022至今\全职\1-（实习）编程教师-福建零壹零壹科技有限公司-202210-202308,0101_部分课程时间记录.xlsx,182934.23,183624.95,3
H:\核心存储\档案馆\工作 2022至今\全职\1-（实习）编程教师-福建零壹零壹科技有限公司-202210-202308,往来记录.jpg,690.48,183624.95,3
H:\核心存储\档案馆\工作 2022至今\全职\1-（实习）编程教师-福建零壹零壹科技有限公司-202210-202308,薪资计算.txt,0.24,183624.95,3
H:\核心存储\档案馆\工作 2022至今\全职\1-（实习）编程教师-福建零壹零壹科技有限公司-202210-202308\照片,mmexport1679487904934.jpg,421.81,18476.56,6
H:\核心存储\档案馆\工作 2022至今\全职\1-（实习）编程教师-福建零壹零壹科技有限公司-202210-202308\照片,mmexport1682255306127.jpg,6232.47,18476.56,6
H:\核心存储\档案馆\工作 2022至今\全职\1-（实习）编程教师-福建零壹零壹科技有限公司-202210-202308\照片,mmexport1682255328225.jpg,5075.37,18476.56,6
H:\核心存储\档案馆\工作 2022至今\全职\1-（实习）编程教师-福建零壹零壹科技有限公司-202210-202308\照片,mmexport1682255370953.jpg,318.09,18476.56,6
H:\核心存储\档案馆\工作 2022至今\全职\1-（实习）编程教师-福建零壹零壹科技有限公司-202210-202308\照片,mmexport1682255376932.jpg,320.54,18476.56,6
H:\核心存储\档案馆\工作 2022至今\全职\1-（实习）编程教师-福建零壹零壹科技有限公司-202210-202308\照片,mmexport1682427914701.jpg,6108.28,18476.56,6
H:\核心存储\档案馆\工作 2022至今\全职\2-技术开发-代小秘（福建）信息科技有限公司-20240527-20241130,公司信息.jpg,2014.29,105068.36,3
H:\核心存储\档案馆\工作 2022至今\全职\2-技术开发-代小秘（福建）信息科技有限公司-20240527-20241130,医社保未缴.mp4,102863.8,105068.36,3
H:\核心存储\档案馆\工作 2022至今\全职\2-技术开发-代小秘（福建）信息科技有限公司-20240527-20241130,国家企业信用信息公示系统-企业报告.pdf,190.27,105068.36,3
H:\核心存储\档案馆\工作 2022至今\全职\2-技术开发-代小秘（福建）信息科技有限公司-20240527-20241130\与老板的沟通记录,微信.mp4,39783.67,39783.67,1
H:\核心存储\档案馆\工作 2022至今\全职\2-技术开发-代小秘（福建）信息科技有限公司-20240527-20241130\合同与证明,IMG_20240612_150915.jpg,3557.24,10141.18,3
H:\核心存储\档案馆\工作 2022至今\全职\2-技术开发-代小秘（福建）信息科技有限公司-20240527-20241130\合同与证明,IMG_20240612_150948.jpg,3086.41,10141.18,3
H:\核心存储\档案馆\工作 2022至今\全职\2-技术开发-代小秘（福建）信息科技有限公司-20240527-20241130\合同与证明,IMG_20240612_151013.jpg,3497.53,10141.18,3
H:\核心存储\档案馆\工作 2022至今\全职\2-技术开发-代小秘（福建）信息科技有限公司-20240527-20241130\合同与证明\劳动合同,视频.mp4,102155.37,102155.37,1
H:\核心存储\档案馆\工作 2022至今\全职\2-技术开发-代小秘（福建）信息科技有限公司-20240527-20241130\合同与证明\劳动合同\照片,1.jpg,3325.54,34382.55,10
H:\核心存储\档案馆\工作 2022至今\全职\2-技术开发-代小秘（福建）信息科技有限公司-20240527-20241130\合同与证明\劳动合同\照片,2.jpg,3425.29,34382.55,10
H:\核心存储\档案馆\工作 2022至今\全职\2-技术开发-代小秘（福建）信息科技有限公司-20240527-20241130\合同与证明\劳动合同\照片,3.jpg,3526.67,34382.55,10
H:\核心存储\档案馆\工作 2022至今\全职\2-技术开发-代小秘（福建）信息科技有限公司-20240527-20241130\合同与证明\劳动合同\照片,4.jpg,3458.64,34382.55,10
H:\核心存储\档案馆\工作 2022至今\全职\2-技术开发-代小秘（福建）信息科技有限公司-20240527-20241130\合同与证明\劳动合同\照片,5.jpg,3480.01,34382.55,10
H:\核心存储\档案馆\工作 2022至今\全职\2-技术开发-代小秘（福建）信息科技有限公司-20240527-20241130\合同与证明\劳动合同\照片,6.jpg,3575.9,34382.55,10
H:\核心存储\档案馆\工作 2022至今\全职\2-技术开发-代小秘（福建）信息科技有限公司-20240527-20241130\合同与证明\劳动合同\照片,7.jpg,3412.04,34382.55,10
H:\核心存储\档案馆\工作 2022至今\全职\2-技术开发-代小秘（福建）信息科技有限公司-20240527-20241130\合同与证明\劳动合同\照片,8.jpg,3486.06,34382.55,10
H:\核心存储\档案馆\工作 2022至今\全职\2-技术开发-代小秘（福建）信息科技有限公司-20240527-20241130\合同与证明\劳动合同\照片,9.jpg,3392.04,34382.55,10
H:\核心存储\档案馆\工作 2022至今\全职\2-技术开发-代小秘（福建）信息科技有限公司-20240527-20241130\合同与证明\劳动合同\照片,封面.jpg,3300.36,34382.55,10
H:\核心存储\档案馆\工作 2022至今\全职\2-技术开发-代小秘（福建）信息科技有限公司-20240527-20241130\合同与证明\离职证明,照片.jpg,3345.65,17535.67,2
H:\核心存储\档案馆\工作 2022至今\全职\2-技术开发-代小秘（福建）信息科技有限公司-20240527-20241130\合同与证明\离职证明,视频.mp4,14190.02,17535.67,2
H:\核心存储\档案馆\工作 2022至今\全职\2-技术开发-代小秘（福建）信息科技有限公司-20240527-20241130\工作留证\git记录,CaiWuAdminPro.txt,0.45,8.03,5
H:\核心存储\档案馆\工作 2022至今\全职\2-技术开发-代小秘（福建）信息科技有限公司-20240527-20241130\工作留证\git记录,GetCaiBaoData.txt,0.46,8.03,5
H:\核心存储\档案馆\工作 2022至今\全职\2-技术开发-代小秘（福建）信息科技有限公司-20240527-20241130\工作留证\git记录,MinXiaoFenXiaoPro.txt,4.78,8.03,5
H:\核心存储\档案馆\工作 2022至今\全职\2-技术开发-代小秘（福建）信息科技有限公司-20240527-20241130\工作留证\git记录,MinXiaoPro.txt,1.57,8.03,5
H:\核心存储\档案馆\工作 2022至今\全职\2-技术开发-代小秘（福建）信息科技有限公司-20240527-20241130\工作留证\git记录,OpenPlatformAdmin.txt,0.78,8.03,5
H:\核心存储\档案馆\工作 2022至今\全职\2-技术开发-代小秘（福建）信息科技有限公司-20240527-20241130\工作留证\微信记录,工作群1.mp4,80401.38,262487.19,4
H:\核心存储\档案馆\工作 2022至今\全职\2-技术开发-代小秘（福建）信息科技有限公司-20240527-20241130\工作留证\微信记录,工作群2.mp4,105889.08,262487.19,4
H:\核心存储\档案馆\工作 2022至今\全职\2-技术开发-代小秘（福建）信息科技有限公司-20240527-20241130\工作留证\微信记录,工作群3.mp4,41363.9,262487.19,4
H:\核心存储\档案馆\工作 2022至今\全职\2-技术开发-代小秘（福建）信息科技有限公司-20240527-20241130\工作留证\微信记录,工作群4.mp4,34832.82,262487.19,4
H:\核心存储\档案馆\工作 2022至今\全职\2-技术开发-代小秘（福建）信息科技有限公司-20240527-20241130\工作留证\照片,20241129_180958.jpg,3877.87,12473.0,3
H:\核心存储\档案馆\工作 2022至今\全职\2-技术开发-代小秘（福建）信息科技有限公司-20240527-20241130\工作留证\照片,20241129_181324.jpg,4249.49,12473.0,3
H:\核心存储\档案馆\工作 2022至今\全职\2-技术开发-代小秘（福建）信息科技有限公司-20240527-20241130\工作留证\照片,20241129_181352.jpg,4345.64,12473.0,3
H:\核心存储\档案馆\工作 2022至今\全职\2-技术开发-代小秘（福建）信息科技有限公司-20240527-20241130\工资记录,平安银行-1.jpg,380.29,1150.07,3
H:\核心存储\档案馆\工作 2022至今\全职\2-技术开发-代小秘（福建）信息科技有限公司-20240527-20241130\工资记录,平安银行-2.jpg,311.5,1150.07,3
H:\核心存储\档案馆\工作 2022至今\全职\2-技术开发-代小秘（福建）信息科技有限公司-20240527-20241130\工资记录,微信支付转账电子凭证.pdf,458.27,1150.07,3
H:\核心存储\档案馆\工作 2022至今\兼职\1-课后服务教师-福建亨亨网络科技有限公司-202310-202401,授课教案.xlsx,32.85,44.58,3
H:\核心存储\档案馆\工作 2022至今\兼职\1-课后服务教师-福建亨亨网络科技有限公司-202310-202401,教学计划.xlsx,11.72,44.58,3
H:\核心存储\档案馆\工作 2022至今\兼职\1-课后服务教师-福建亨亨网络科技有限公司-202310-202401,课时费120元.txt,0.0,44.58,3
H:\核心存储\档案馆\工作 2022至今\兼职\1-课后服务教师-福建亨亨网络科技有限公司-202310-202401\洋下小学照片（仅保留打卡）\20231013,1013打卡.jpg,3098.65,3098.65,1
H:\核心存储\档案馆\工作 2022至今\兼职\1-课后服务教师-福建亨亨网络科技有限公司-202310-202401\洋下小学照片（仅保留打卡）\20231020,1020打卡.jpg,2772.68,2772.68,1
H:\核心存储\档案馆\工作 2022至今\兼职\1-课后服务教师-福建亨亨网络科技有限公司-202310-202401\洋下小学照片（仅保留打卡）\20231027,1027打卡.jpg,3612.79,3612.79,1
H:\核心存储\档案馆\工作 2022至今\兼职\1-课后服务教师-福建亨亨网络科技有限公司-202310-202401\洋下小学照片（仅保留打卡）\20231110,1110打卡.jpg,3448.15,3448.15,1
H:\核心存储\档案馆\工作 2022至今\兼职\1-课后服务教师-福建亨亨网络科技有限公司-202310-202401\洋下小学照片（仅保留打卡）\20231117,1117打卡.jpg,3126.69,3126.69,1
H:\核心存储\档案馆\工作 2022至今\兼职\1-课后服务教师-福建亨亨网络科技有限公司-202310-202401\洋下小学照片（仅保留打卡）\20231201,1201打卡.jpg,3356.08,3356.08,1
H:\核心存储\档案馆\工作 2022至今\兼职\1-课后服务教师-福建亨亨网络科技有限公司-202310-202401\洋下小学照片（仅保留打卡）\20231208,1208打卡.jpg,3127.32,3127.32,1
H:\核心存储\档案馆\工作 2022至今\兼职\1-课后服务教师-福建亨亨网络科技有限公司-202310-202401\洋下小学照片（仅保留打卡）\20231215,1215打卡.jpg,2582.96,2582.96,1
H:\核心存储\档案馆\工作 2022至今\兼职\1-课后服务教师-福建亨亨网络科技有限公司-202310-202401\洋下小学照片（仅保留打卡）\20231222,1222打卡.jpg,3323.89,3323.89,1
H:\核心存储\档案馆\工作 2022至今\兼职\1-课后服务教师-福建亨亨网络科技有限公司-202310-202401\洋下小学照片（仅保留打卡）\20231229,1229打卡.jpg,3919.77,3919.77,1
H:\核心存储\档案馆\工作 2022至今\兼职\1-课后服务教师-福建亨亨网络科技有限公司-202310-202401\洋下小学照片（仅保留打卡）\20240105(结课),0105打卡.jpg,3197.02,3197.02,1
H:\核心存储\档案馆\工作 2022至今\兼职\1-课后服务教师-福建亨亨网络科技有限公司-202310-202401\洋下小学照片（仅保留打卡）\20240112(补课),0112打卡.jpg,3004.05,3004.05,1
H:\核心存储\档案馆\工作 2022至今\兼职\1-课后服务教师-福建亨亨网络科技有限公司-202310-202401\课时登记表,课时登记表.xlsx,13.48,23.67,2
H:\核心存储\档案馆\工作 2022至今\兼职\1-课后服务教师-福建亨亨网络科技有限公司-202310-202401\课时登记表,课时登记表模板（月为单位）.xlsx,10.19,23.67,2
H:\核心存储\档案馆\工作 2022至今\兼职\2-助教-福建七色光教育咨询有限公司-20241109-20250115,Boss直骋记录未存.txt,0.0,453.74,2
H:\核心存储\档案馆\工作 2022至今\兼职\2-助教-福建七色光教育咨询有限公司-20241109-20250115,微信支付转账电子凭证.pdf,453.74,453.74,2
H:\核心存储\档案馆\工作 2022至今\兼职\2-助教-福建七色光教育咨询有限公司-20241109-20250115\202411,11月助教工资.xlsx,20.11,870.91,4
H:\核心存储\档案馆\工作 2022至今\兼职\2-助教-福建七色光教育咨询有限公司-20241109-20250115\202411,支付.jpg,213.97,870.91,4
H:\核心存储\档案馆\工作 2022至今\兼职\2-助教-福建七色光教育咨询有限公司-20241109-20250115\202411,收款.jpg,339.19,870.91,4
H:\核心存储\档案馆\工作 2022至今\兼职\2-助教-福建七色光教育咨询有限公司-20241109-20250115\202411,确认.jpg,297.63,870.91,4
H:\核心存储\档案馆\工作 2022至今\兼职\2-助教-福建七色光教育咨询有限公司-20241109-20250115\202412,12月助教工资.xlsx,16.1,772.98,4
H:\核心存储\档案馆\工作 2022至今\兼职\2-助教-福建七色光教育咨询有限公司-20241109-20250115\202412,支付.jpg,198.73,772.98,4
H:\核心存储\档案馆\工作 2022至今\兼职\2-助教-福建七色光教育咨询有限公司-20241109-20250115\202412,收款.jpg,269.44,772.98,4
H:\核心存储\档案馆\工作 2022至今\兼职\2-助教-福建七色光教育咨询有限公司-20241109-20250115\202412,确认.jpg,288.71,772.98,4
H:\核心存储\档案馆\工作 2022至今\兼职\2-助教-福建七色光教育咨询有限公司-20241109-20250115\微信记录,佳佳老师.mp4,16215.28,196908.62,4
H:\核心存储\档案馆\工作 2022至今\兼职\2-助教-福建七色光教育咨询有限公司-20241109-20250115\微信记录,助教群.mp4,92725.88,196908.62,4
H:\核心存储\档案馆\工作 2022至今\兼职\2-助教-福建七色光教育咨询有限公司-20241109-20250115\微信记录,台江校区教务.mp4,33688.63,196908.62,4
H:\核心存储\档案馆\工作 2022至今\兼职\2-助教-福建七色光教育咨询有限公司-20241109-20250115\微信记录,蓝莓老师.mp4,54278.84,196908.62,4
H:\核心存储\档案馆\工作 2022至今\兼职\3-教师-湖南田头训文化传播有限公司-20241108-20250207,正课课后反馈模版.doc,184.0,184.0,1
H:\核心存储\档案馆\工作 2022至今\兼职\3-教师-湖南田头训文化传播有限公司-20241108-20250207\20241117-20250207 刘嘉怡 语文,刘嘉怡-课程记录.xlsx,103.87,103.87,1
H:\核心存储\档案馆\工作 2022至今\兼职\3-教师-湖南田头训文化传播有限公司-20241108-20250207\20241117-20250207 刘嘉怡 语文\20241117-20250207-七上\1-20241122-五-20.40-21.40-1h￥40,会议详情.png,141.05,2172.01,6
H:\核心存储\档案馆\工作 2022至今\兼职\3-教师-湖南田头训文化传播有限公司-20241108-20250207\20241117-20250207 刘嘉怡 语文\20241117-20250207-七上\1-20241122-五-20.40-21.40-1h￥40,参会情况.xlsx,7.79,2172.01,6
H:\核心存储\档案馆\工作 2022至今\兼职\3-教师-湖南田头训文化传播有限公司-20241108-20250207\20241117-20250207 刘嘉怡 语文\20241117-20250207-七上\1-20241122-五-20.40-21.40-1h￥40,反馈.jpg,486.07,2172.01,6
H:\核心存储\档案馆\工作 2022至今\兼职\3-教师-湖南田头训文化传播有限公司-20241108-20250207\20241117-20250207 刘嘉怡 语文\20241117-20250207-七上\1-20241122-五-20.40-21.40-1h￥40,审批单.pdf,122.39,2172.01,6
H:\核心存储\档案馆\工作 2022至今\兼职\3-教师-湖南田头训文化传播有限公司-20241108-20250207\20241117-20250207 刘嘉怡 语文\20241117-20250207-七上\1-20241122-五-20.40-21.40-1h￥40,审批截图.jpg,1183.22,2172.01,6
H:\核心存储\档案馆\工作 2022至今\兼职\3-教师-湖南田头训文化传播有限公司-20241108-20250207\20241117-20250207 刘嘉怡 语文\20241117-20250207-七上\1-20241122-五-20.40-21.40-1h￥40,支付.jpg,231.49,2172.01,6
H:\核心存储\档案馆\工作 2022至今\兼职\3-教师-湖南田头训文化传播有限公司-20241108-20250207\20241117-20250207 刘嘉怡 语文\20241117-20250207-七上\10-20241213-五-20.30-21.30-1h￥40,会议详情.png,139.38,1981.92,6
H:\核心存储\档案馆\工作 2022至今\兼职\3-教师-湖南田头训文化传播有限公司-20241108-20250207\20241117-20250207 刘嘉怡 语文\20241117-20250207-七上\10-20241213-五-20.30-21.30-1h￥40,参会情况.xlsx,7.78,1981.92,6
H:\核心存储\档案馆\工作 2022至今\兼职\3-教师-湖南田头训文化传播有限公司-20241108-20250207\20241117-20250207 刘嘉怡 语文\20241117-20250207-七上\10-20241213-五-20.30-21.30-1h￥40,反馈.jpg,520.72,1981.92,6
H:\核心存储\档案馆\工作 2022至今\兼职\3-教师-湖南田头训文化传播有限公司-20241108-20250207\20241117-20250207 刘嘉怡 语文\20241117-20250207-七上\10-20241213-五-20.30-21.30-1h￥40,审批单.pdf,119.73,1981.92,6
H:\核心存储\档案馆\工作 2022至今\兼职\3-教师-湖南田头训文化传播有限公司-20241108-20250207\20241117-20250207 刘嘉怡 语文\20241117-20250207-七上\10-20241213-五-20.30-21.30-1h￥40,审批截图.jpg,944.3,1981.92,6
H:\核心存储\档案馆\工作 2022至今\兼职\3-教师-湖南田头训文化传播有限公司-20241108-20250207\20241117-20250207 刘嘉怡 语文\20241117-20250207-七上\10-20241213-五-20.30-21.30-1h￥40,支付.jpg,250.0,1981.92,6
H:\核心存储\档案馆\工作 2022至今\兼职\3-教师-湖南田头训文化传播有限公司-20241108-20250207\20241117-20250207 刘嘉怡 语文\20241117-20250207-七上\12-20241215-天-14.00-16.00-2h￥80,会议详情-1.png,141.3,2350.58,8
H:\核心存储\档案馆\工作 2022至今\兼职\3-教师-湖南田头训文化传播有限公司-20241108-20250207\20241117-20250207 刘嘉怡 语文\20241117-20250207-七上\12-20241215-天-14.00-16.00-2h￥80,会议详情-2.png,141.44,2350.58,8
H:\核心存储\档案馆\工作 2022至今\兼职\3-教师-湖南田头训文化传播有限公司-20241108-20250207\20241117-20250207 刘嘉怡 语文\20241117-20250207-七上\12-20241215-天-14.00-16.00-2h￥80,参会情况-1.xlsx,7.87,2350.58,8
H:\核心存储\档案馆\工作 2022至今\兼职\3-教师-湖南田头训文化传播有限公司-20241108-20250207\20241117-20250207 刘嘉怡 语文\20241117-20250207-七上\12-20241215-天-14.00-16.00-2h￥80,参会情况-2.xlsx,7.87,2350.58,8
H:\核心存储\档案馆\工作 2022至今\兼职\3-教师-湖南田头训文化传播有限公司-20241108-20250207\20241117-20250207 刘嘉怡 语文\20241117-20250207-七上\12-20241215-天-14.00-16.00-2h￥80,反馈.jpg,596.03,2350.58,8
H:\核心存储\档案馆\工作 2022至今\兼职\3-教师-湖南田头训文化传播有限公司-20241108-20250207\20241117-20250207 刘嘉怡 语文\20241117-20250207-七上\12-20241215-天-14.00-16.00-2h￥80,审批单.pdf,131.59,2350.58,8
H:\核心存储\档案馆\工作 2022至今\兼职\3-教师-湖南田头训文化传播有限公司-20241108-20250207\20241117-20250207 刘嘉怡 语文\20241117-20250207-七上\12-20241215-天-14.00-16.00-2h￥80,审批截图.jpg,1048.98,2350.58,8
H:\核心存储\档案馆\工作 2022至今\兼职\3-教师-湖南田头训文化传播有限公司-20241108-20250207\20241117-20250207 刘嘉怡 语文\20241117-20250207-七上\12-20241215-天-14.00-16.00-2h￥80,支付.jpg,275.51,2350.58,8
H:\核心存储\档案馆\工作 2022至今\兼职\3-教师-湖南田头训文化传播有限公司-20241108-20250207\20241117-20250207 刘嘉怡 语文\20241117-20250207-七上\13-20241220-五-20.30-21.30-1h￥40,会议详情.png,142.23,2050.53,6
H:\核心存储\档案馆\工作 2022至今\兼职\3-教师-湖南田头训文化传播有限公司-20241108-20250207\20241117-20250207 刘嘉怡 语文\20241117-20250207-七上\13-20241220-五-20.30-21.30-1h￥40,参会情况.xlsx,7.77,2050.53,6
H:\核心存储\档案馆\工作 2022至今\兼职\3-教师-湖南田头训文化传播有限公司-20241108-20250207\20241117-20250207 刘嘉怡 语文\20241117-20250207-七上\13-20241220-五-20.30-21.30-1h￥40,反馈.jpg,595.63,2050.53,6
H:\核心存储\档案馆\工作 2022至今\兼职\3-教师-湖南田头训文化传播有限公司-20241108-20250207\20241117-20250207 刘嘉怡 语文\20241117-20250207-七上\13-20241220-五-20.30-21.30-1h￥40,审批单.pdf,111.77,2050.53,6
H:\核心存储\档案馆\工作 2022至今\兼职\3-教师-湖南田头训文化传播有限公司-20241108-20250207\20241117-20250207 刘嘉怡 语文\20241117-20250207-七上\13-20241220-五-20.30-21.30-1h￥40,审批截图.jpg,942.65,2050.53,6
H:\核心存储\档案馆\工作 2022至今\兼职\3-教师-湖南田头训文化传播有限公司-20241108-20250207\20241117-20250207 刘嘉怡 语文\20241117-20250207-七上\13-20241220-五-20.30-21.30-1h￥40,支付.jpg,250.48,2050.53,6
H:\核心存储\档案馆\工作 2022至今\兼职\3-教师-湖南田头训文化传播有限公司-20241108-20250207\20241117-20250207 刘嘉怡 语文\20241117-20250207-七上\14-20241222-天-14.00-15.00-1h￥40,会议详情.png,145.14,2592.9,7
H:\核心存储\档案馆\工作 2022至今\兼职\3-教师-湖南田头训文化传播有限公司-20241108-20250207\20241117-20250207 刘嘉怡 语文\20241117-20250207-七上\14-20241222-天-14.00-15.00-1h￥40,参会情况.xlsx,7.78,2592.9,7
H:\核心存储\档案馆\工作 2022至今\兼职\3-教师-湖南田头训文化传播有限公司-20241108-20250207\20241117-20250207 刘嘉怡 语文\20241117-20250207-七上\14-20241222-天-14.00-15.00-1h￥40,反馈.jpg,653.88,2592.9,7
H:\核心存储\档案馆\工作 2022至今\兼职\3-教师-湖南田头训文化传播有限公司-20241108-20250207\20241117-20250207 刘嘉怡 语文\20241117-20250207-七上\14-20241222-天-14.00-15.00-1h￥40,学生请假一小时.jpg,479.49,2592.9,7
H:\核心存储\档案馆\工作 2022至今\兼职\3-教师-湖南田头训文化传播有限公司-20241108-20250207\20241117-20250207 刘嘉怡 语文\20241117-20250207-七上\14-20241222-天-14.00-15.00-1h￥40,审批单.pdf,131.78,2592.9,7
H:\核心存储\档案馆\工作 2022至今\兼职\3-教师-湖南田头训文化传播有限公司-20241108-20250207\20241117-20250207 刘嘉怡 语文\20241117-20250207-七上\14-20241222-天-14.00-15.00-1h￥40,审批截图.jpg,947.24,2592.9,7
H:\核心存储\档案馆\工作 2022至今\兼职\3-教师-湖南田头训文化传播有限公司-20241108-20250207\20241117-20250207 刘嘉怡 语文\20241117-20250207-七上\14-20241222-天-14.00-15.00-1h￥40,支付.jpg,227.6,2592.9,7
H:\核心存储\档案馆\工作 2022至今\兼职\3-教师-湖南田头训文化传播有限公司-20241108-20250207\20241117-20250207 刘嘉怡 语文\20241117-20250207-七上\15-20241227-五-20.30-21.30-1h￥40,会议详情.png,146.52,2021.15,6
H:\核心存储\档案馆\工作 2022至今\兼职\3-教师-湖南田头训文化传播有限公司-20241108-20250207\20241117-20250207 刘嘉怡 语文\20241117-20250207-七上\15-20241227-五-20.30-21.30-1h￥40,参会情况.xlsx,7.88,2021.15,6
H:\核心存储\档案馆\工作 2022至今\兼职\3-教师-湖南田头训文化传播有限公司-20241108-20250207\20241117-20250207 刘嘉怡 语文\20241117-20250207-七上\15-20241227-五-20.30-21.30-1h￥40,反馈.jpg,547.57,2021.15,6
H:\核心存储\档案馆\工作 2022至今\兼职\3-教师-湖南田头训文化传播有限公司-20241108-20250207\20241117-20250207 刘嘉怡 语文\20241117-20250207-七上\15-20241227-五-20.30-21.30-1h￥40,审批单.pdf,120.41,2021.15,6
H:\核心存储\档案馆\工作 2022至今\兼职\3-教师-湖南田头训文化传播有限公司-20241108-20250207\20241117-20250207 刘嘉怡 语文\20241117-20250207-七上\15-20241227-五-20.30-21.30-1h￥40,审批截图.jpg,948.33,2021.15,6
H:\核心存储\档案馆\工作 2022至今\兼职\3-教师-湖南田头训文化传播有限公司-20241108-20250207\20241117-20250207 刘嘉怡 语文\20241117-20250207-七上\15-20241227-五-20.30-21.30-1h￥40,支付.jpg,250.45,2021.15,6
H:\核心存储\档案馆\工作 2022至今\兼职\3-教师-湖南田头训文化传播有限公司-20241108-20250207\20241117-20250207 刘嘉怡 语文\20241117-20250207-七上\17-20241229-天-14.00-16.00-2h￥80,会议详情.png,147.87,2131.22,6
H:\核心存储\档案馆\工作 2022至今\兼职\3-教师-湖南田头训文化传播有限公司-20241108-20250207\20241117-20250207 刘嘉怡 语文\20241117-20250207-七上\17-20241229-天-14.00-16.00-2h￥80,参会情况.xlsx,7.93,2131.22,6
H:\核心存储\档案馆\工作 2022至今\兼职\3-教师-湖南田头训文化传播有限公司-20241108-20250207\20241117-20250207 刘嘉怡 语文\20241117-20250207-七上\17-20241229-天-14.00-16.00-2h￥80,反馈.jpg,637.49,2131.22,6
H:\核心存储\档案馆\工作 2022至今\兼职\3-教师-湖南田头训文化传播有限公司-20241108-20250207\20241117-20250207 刘嘉怡 语文\20241117-20250207-七上\17-20241229-天-14.00-16.00-2h￥80,审批单.pdf,132.21,2131.22,6
H:\核心存储\档案馆\工作 2022至今\兼职\3-教师-湖南田头训文化传播有限公司-20241108-20250207\20241117-20250207 刘嘉怡 语文\20241117-20250207-七上\17-20241229-天-14.00-16.00-2h￥80,审批截图.jpg,953.9,2131.22,6
H:\核心存储\档案馆\工作 2022至今\兼职\3-教师-湖南田头训文化传播有限公司-20241108-20250207\20241117-20250207 刘嘉怡 语文\20241117-20250207-七上\17-20241229-天-14.00-16.00-2h￥80,支付.jpg,251.82,2131.22,6
H:\核心存储\档案馆\工作 2022至今\兼职\3-教师-湖南田头训文化传播有限公司-20241108-20250207\20241117-20250207 刘嘉怡 语文\20241117-20250207-七上\18-20250103-五-20.30-21.30-1h￥40,会议详情.png,137.89,2034.36,6
H:\核心存储\档案馆\工作 2022至今\兼职\3-教师-湖南田头训文化传播有限公司-20241108-20250207\20241117-20250207 刘嘉怡 语文\20241117-20250207-七上\18-20250103-五-20.30-21.30-1h￥40,参会情况.xlsx,7.78,2034.36,6
H:\核心存储\档案馆\工作 2022至今\兼职\3-教师-湖南田头训文化传播有限公司-20241108-20250207\20241117-20250207 刘嘉怡 语文\20241117-20250207-七上\18-20250103-五-20.30-21.30-1h￥40,反馈.jpg,552.15,2034.36,6
H:\核心存储\档案馆\工作 2022至今\兼职\3-教师-湖南田头训文化传播有限公司-20241108-20250207\20241117-20250207 刘嘉怡 语文\20241117-20250207-七上\18-20250103-五-20.30-21.30-1h￥40,审批单.pdf,124.6,2034.36,6
H:\核心存储\档案馆\工作 2022至今\兼职\3-教师-湖南田头训文化传播有限公司-20241108-20250207\20241117-20250207 刘嘉怡 语文\20241117-20250207-七上\18-20250103-五-20.30-21.30-1h￥40,审批截图.jpg,954.32,2034.36,6
H:\核心存储\档案馆\工作 2022至今\兼职\3-教师-湖南田头训文化传播有限公司-20241108-20250207\20241117-20250207 刘嘉怡 语文\20241117-20250207-七上\18-20250103-五-20.30-21.30-1h￥40,支付.jpg,257.62,2034.36,6
H:\核心存储\档案馆\工作 2022至今\兼职\3-教师-湖南田头训文化传播有限公司-20241108-20250207\20241117-20250207 刘嘉怡 语文\20241117-20250207-七上\20-20250105-天-14.00-16.00-2h￥80,会议详情-1.png,141.34,2185.93,8
H:\核心存储\档案馆\工作 2022至今\兼职\3-教师-湖南田头训文化传播有限公司-20241108-20250207\20241117-20250207 刘嘉怡 语文\20241117-20250207-七上\20-20250105-天-14.00-16.00-2h￥80,会议详情-2.png,140.06,2185.93,8
H:\核心存储\档案馆\工作 2022至今\兼职\3-教师-湖南田头训文化传播有限公司-20241108-20250207\20241117-20250207 刘嘉怡 语文\20241117-20250207-七上\20-20250105-天-14.00-16.00-2h￥80,参会情况-1.xlsx,8.54,2185.93,8
H:\核心存储\档案馆\工作 2022至今\兼职\3-教师-湖南田头训文化传播有限公司-20241108-20250207\20241117-20250207 刘嘉怡 语文\20241117-20250207-七上\20-20250105-天-14.00-16.00-2h￥80,参会情况-2.xlsx,7.79,2185.93,8
H:\核心存储\档案馆\工作 2022至今\兼职\3-教师-湖南田头训文化传播有限公司-20241108-20250207\20241117-20250207 刘嘉怡 语文\20241117-20250207-七上\20-20250105-天-14.00-16.00-2h￥80,反馈.jpg,551.64,2185.93,8
H:\核心存储\档案馆\工作 2022至今\兼职\3-教师-湖南田头训文化传播有限公司-20241108-20250207\20241117-20250207 刘嘉怡 语文\20241117-20250207-七上\20-20250105-天-14.00-16.00-2h￥80,审批单.pdf,124.35,2185.93,8
H:\核心存储\档案馆\工作 2022至今\兼职\3-教师-湖南田头训文化传播有限公司-20241108-20250207\20241117-20250207 刘嘉怡 语文\20241117-20250207-七上\20-20250105-天-14.00-16.00-2h￥80,审批截图.jpg,952.36,2185.93,8
H:\核心存储\档案馆\工作 2022至今\兼职\3-教师-湖南田头训文化传播有限公司-20241108-20250207\20241117-20250207 刘嘉怡 语文\20241117-20250207-七上\20-20250105-天-14.00-16.00-2h￥80,支付.jpg,259.85,2185.93,8
H:\核心存储\档案馆\工作 2022至今\兼职\3-教师-湖南田头训文化传播有限公司-20241108-20250207\20241117-20250207 刘嘉怡 语文\20241117-20250207-七上\21.5-20250113-一-16.30-18.00-1.5h￥60,会议详情.png,129.04,2065.63,6
H:\核心存储\档案馆\工作 2022至今\兼职\3-教师-湖南田头训文化传播有限公司-20241108-20250207\20241117-20250207 刘嘉怡 语文\20241117-20250207-七上\21.5-20250113-一-16.30-18.00-1.5h￥60,参会情况.xlsx,7.88,2065.63,6
H:\核心存储\档案馆\工作 2022至今\兼职\3-教师-湖南田头训文化传播有限公司-20241108-20250207\20241117-20250207 刘嘉怡 语文\20241117-20250207-七上\21.5-20250113-一-16.30-18.00-1.5h￥60,反馈.jpg,560.9,2065.63,6
H:\核心存储\档案馆\工作 2022至今\兼职\3-教师-湖南田头训文化传播有限公司-20241108-20250207\20241117-20250207 刘嘉怡 语文\20241117-20250207-七上\21.5-20250113-一-16.30-18.00-1.5h￥60,审批单.pdf,121.26,2065.63,6
H:\核心存储\档案馆\工作 2022至今\兼职\3-教师-湖南田头训文化传播有限公司-20241108-20250207\20241117-20250207 刘嘉怡 语文\20241117-20250207-七上\21.5-20250113-一-16.30-18.00-1.5h￥60,审批截图.jpg,966.58,2065.63,6
H:\核心存储\档案馆\工作 2022至今\兼职\3-教师-湖南田头训文化传播有限公司-20241108-20250207\20241117-20250207 刘嘉怡 语文\20241117-20250207-七上\21.5-20250113-一-16.30-18.00-1.5h￥60,支付.jpg,279.97,2065.63,6
H:\核心存储\档案馆\工作 2022至今\兼职\3-教师-湖南田头训文化传播有限公司-20241108-20250207\20241117-20250207 刘嘉怡 语文\20241117-20250207-七上\23-20250115-三-16.30-18.00-1.5h￥60,会议详情.png,135.12,2124.25,6
H:\核心存储\档案馆\工作 2022至今\兼职\3-教师-湖南田头训文化传播有限公司-20241108-20250207\20241117-20250207 刘嘉怡 语文\20241117-20250207-七上\23-20250115-三-16.30-18.00-1.5h￥60,参会情况.xlsx,7.92,2124.25,6
H:\核心存储\档案馆\工作 2022至今\兼职\3-教师-湖南田头训文化传播有限公司-20241108-20250207\20241117-20250207 刘嘉怡 语文\20241117-20250207-七上\23-20250115-三-16.30-18.00-1.5h￥60,反馈.jpg,579.03,2124.25,6
H:\核心存储\档案馆\工作 2022至今\兼职\3-教师-湖南田头训文化传播有限公司-20241108-20250207\20241117-20250207 刘嘉怡 语文\20241117-20250207-七上\23-20250115-三-16.30-18.00-1.5h￥60,审批单.pdf,158.8,2124.25,6
H:\核心存储\档案馆\工作 2022至今\兼职\3-教师-湖南田头训文化传播有限公司-20241108-20250207\20241117-20250207 刘嘉怡 语文\20241117-20250207-七上\23-20250115-三-16.30-18.00-1.5h￥60,审批截图.jpg,965.16,2124.25,6
H:\核心存储\档案馆\工作 2022至今\兼职\3-教师-湖南田头训文化传播有限公司-20241108-20250207\20241117-20250207 刘嘉怡 语文\20241117-20250207-七上\23-20250115-三-16.30-18.00-1.5h￥60,支付.jpg,278.21,2124.25,6
H:\核心存储\档案馆\工作 2022至今\兼职\3-教师-湖南田头训文化传播有限公司-20241108-20250207\20241117-20250207 刘嘉怡 语文\20241117-20250207-七上\24.5-20250117-五-16.30-18.00-1.5h￥60,会议详情.png,128.98,2122.64,6
H:\核心存储\档案馆\工作 2022至今\兼职\3-教师-湖南田头训文化传播有限公司-20241108-20250207\20241117-20250207 刘嘉怡 语文\20241117-20250207-七上\24.5-20250117-五-16.30-18.00-1.5h￥60,参会情况.xlsx,7.91,2122.64,6
H:\核心存储\档案馆\工作 2022至今\兼职\3-教师-湖南田头训文化传播有限公司-20241108-20250207\20241117-20250207 刘嘉怡 语文\20241117-20250207-七上\24.5-20250117-五-16.30-18.00-1.5h￥60,反馈.jpg,578.15,2122.64,6
H:\核心存储\档案馆\工作 2022至今\兼职\3-教师-湖南田头训文化传播有限公司-20241108-20250207\20241117-20250207 刘嘉怡 语文\20241117-20250207-七上\24.5-20250117-五-16.30-18.00-1.5h￥60,审批单.pdf,163.04,2122.64,6
H:\核心存储\档案馆\工作 2022至今\兼职\3-教师-湖南田头训文化传播有限公司-20241108-20250207\20241117-20250207 刘嘉怡 语文\20241117-20250207-七上\24.5-20250117-五-16.30-18.00-1.5h￥60,审批截图.jpg,965.17,2122.64,6
H:\核心存储\档案馆\工作 2022至今\兼职\3-教师-湖南田头训文化传播有限公司-20241108-20250207\20241117-20250207 刘嘉怡 语文\20241117-20250207-七上\24.5-20250117-五-16.30-18.00-1.5h￥60,支付.jpg,279.39,2122.64,6
H:\核心存储\档案馆\工作 2022至今\兼职\3-教师-湖南田头训文化传播有限公司-20241108-20250207\20241117-20250207 刘嘉怡 语文\20241117-20250207-七上\26-20250120-一-16.30-18.00-1.5h￥60,会议详情.png,141.9,2109.2,6
H:\核心存储\档案馆\工作 2022至今\兼职\3-教师-湖南田头训文化传播有限公司-20241108-20250207\20241117-20250207 刘嘉怡 语文\20241117-20250207-七上\26-20250120-一-16.30-18.00-1.5h￥60,参会情况.xlsx,7.87,2109.2,6
H:\核心存储\档案馆\工作 2022至今\兼职\3-教师-湖南田头训文化传播有限公司-20241108-20250207\20241117-20250207 刘嘉怡 语文\20241117-20250207-七上\26-20250120-一-16.30-18.00-1.5h￥60,反馈.jpg,559.55,2109.2,6
H:\核心存储\档案馆\工作 2022至今\兼职\3-教师-湖南田头训文化传播有限公司-20241108-20250207\20241117-20250207 刘嘉怡 语文\20241117-20250207-七上\26-20250120-一-16.30-18.00-1.5h￥60,审批单.pdf,158.78,2109.2,6
H:\核心存储\档案馆\工作 2022至今\兼职\3-教师-湖南田头训文化传播有限公司-20241108-20250207\20241117-20250207 刘嘉怡 语文\20241117-20250207-七上\26-20250120-一-16.30-18.00-1.5h￥60,审批截图.jpg,961.14,2109.2,6
H:\核心存储\档案馆\工作 2022至今\兼职\3-教师-湖南田头训文化传播有限公司-20241108-20250207\20241117-20250207 刘嘉怡 语文\20241117-20250207-七上\26-20250120-一-16.30-18.00-1.5h￥60,支付.jpg,279.95,2109.2,6
H:\核心存储\档案馆\工作 2022至今\兼职\3-教师-湖南田头训文化传播有限公司-20241108-20250207\20241117-20250207 刘嘉怡 语文\20241117-20250207-七上\27.5-20250124-五-16.30-18.00-1.5h￥60,会议详情.png,132.84,2007.22,6
H:\核心存储\档案馆\工作 2022至今\兼职\3-教师-湖南田头训文化传播有限公司-20241108-20250207\20241117-20250207 刘嘉怡 语文\20241117-20250207-七上\27.5-20250124-五-16.30-18.00-1.5h￥60,参会情况.xlsx,7.79,2007.22,6
H:\核心存储\档案馆\工作 2022至今\兼职\3-教师-湖南田头训文化传播有限公司-20241108-20250207\20241117-20250207 刘嘉怡 语文\20241117-20250207-七上\27.5-20250124-五-16.30-18.00-1.5h￥60,反馈.jpg,475.33,2007.22,6
H:\核心存储\档案馆\工作 2022至今\兼职\3-教师-湖南田头训文化传播有限公司-20241108-20250207\20241117-20250207 刘嘉怡 语文\20241117-20250207-七上\27.5-20250124-五-16.30-18.00-1.5h￥60,审批单.pdf,147.39,2007.22,6
H:\核心存储\档案馆\工作 2022至今\兼职\3-教师-湖南田头训文化传播有限公司-20241108-20250207\20241117-20250207 刘嘉怡 语文\20241117-20250207-七上\27.5-20250124-五-16.30-18.00-1.5h￥60,审批截图.jpg,964.45,2007.22,6
H:\核心存储\档案馆\工作 2022至今\兼职\3-教师-湖南田头训文化传播有限公司-20241108-20250207\20241117-20250207 刘嘉怡 语文\20241117-20250207-七上\27.5-20250124-五-16.30-18.00-1.5h￥60,支付.jpg,279.42,2007.22,6
H:\核心存储\档案馆\工作 2022至今\兼职\3-教师-湖南田头训文化传播有限公司-20241108-20250207\20241117-20250207 刘嘉怡 语文\20241117-20250207-七上\29-20250204-二-10.00-11.30-1.5h￥60,会议详情.png,133.64,726.23,3
H:\核心存储\档案馆\工作 2022至今\兼职\3-教师-湖南田头训文化传播有限公司-20241108-20250207\20241117-20250207 刘嘉怡 语文\20241117-20250207-七上\29-20250204-二-10.00-11.30-1.5h￥60,参会情况.xlsx,7.78,726.23,3
H:\核心存储\档案馆\工作 2022至今\兼职\3-教师-湖南田头训文化传播有限公司-20241108-20250207\20241117-20250207 刘嘉怡 语文\20241117-20250207-七上\29-20250204-二-10.00-11.30-1.5h￥60,反馈.jpg,584.81,726.23,3
H:\核心存储\档案馆\工作 2022至今\兼职\3-教师-湖南田头训文化传播有限公司-20241108-20250207\20241117-20250207 刘嘉怡 语文\20241117-20250207-七上\3-20241124-天-14.00-16.00-2h￥80,会议详情.png,141.17,1938.52,6
H:\核心存储\档案馆\工作 2022至今\兼职\3-教师-湖南田头训文化传播有限公司-20241108-20250207\20241117-20250207 刘嘉怡 语文\20241117-20250207-七上\3-20241124-天-14.00-16.00-2h￥80,参会情况.xlsx,7.8,1938.52,6
H:\核心存储\档案馆\工作 2022至今\兼职\3-教师-湖南田头训文化传播有限公司-20241108-20250207\20241117-20250207 刘嘉怡 语文\20241117-20250207-七上\3-20241124-天-14.00-16.00-2h￥80,反馈.jpg,493.42,1938.52,6
H:\核心存储\档案馆\工作 2022至今\兼职\3-教师-湖南田头训文化传播有限公司-20241108-20250207\20241117-20250207 刘嘉怡 语文\20241117-20250207-七上\3-20241124-天-14.00-16.00-2h￥80,审批单.pdf,120.28,1938.52,6
H:\核心存储\档案馆\工作 2022至今\兼职\3-教师-湖南田头训文化传播有限公司-20241108-20250207\20241117-20250207 刘嘉怡 语文\20241117-20250207-七上\3-20241124-天-14.00-16.00-2h￥80,审批截图.jpg,946.36,1938.52,6
H:\核心存储\档案馆\工作 2022至今\兼职\3-教师-湖南田头训文化传播有限公司-20241108-20250207\20241117-20250207 刘嘉怡 语文\20241117-20250207-七上\3-20241124-天-14.00-16.00-2h￥80,支付.jpg,229.5,1938.52,6
H:\核心存储\档案馆\工作 2022至今\兼职\3-教师-湖南田头训文化传播有限公司-20241108-20250207\20241117-20250207 刘嘉怡 语文\20241117-20250207-七上\30.5-20250205-三-16.30-18.00-1.5h￥60,反馈.jpg,553.06,553.06,1
H:\核心存储\档案馆\工作 2022至今\兼职\3-教师-湖南田头训文化传播有限公司-20241108-20250207\20241117-20250207 刘嘉怡 语文\20241117-20250207-七上\4-20241129-五-20.30-21.30-1h￥40,会议详情.png,141.38,1960.25,6
H:\核心存储\档案馆\工作 2022至今\兼职\3-教师-湖南田头训文化传播有限公司-20241108-20250207\20241117-20250207 刘嘉怡 语文\20241117-20250207-七上\4-20241129-五-20.30-21.30-1h￥40,参会情况.xlsx,7.79,1960.25,6
H:\核心存储\档案馆\工作 2022至今\兼职\3-教师-湖南田头训文化传播有限公司-20241108-20250207\20241117-20250207 刘嘉怡 语文\20241117-20250207-七上\4-20241129-五-20.30-21.30-1h￥40,反馈.jpg,510.5,1960.25,6
H:\核心存储\档案馆\工作 2022至今\兼职\3-教师-湖南田头训文化传播有限公司-20241108-20250207\20241117-20250207 刘嘉怡 语文\20241117-20250207-七上\4-20241129-五-20.30-21.30-1h￥40,审批单.pdf,122.67,1960.25,6
H:\核心存储\档案馆\工作 2022至今\兼职\3-教师-湖南田头训文化传播有限公司-20241108-20250207\20241117-20250207 刘嘉怡 语文\20241117-20250207-七上\4-20241129-五-20.30-21.30-1h￥40,审批截图.jpg,948.15,1960.25,6
H:\核心存储\档案馆\工作 2022至今\兼职\3-教师-湖南田头训文化传播有限公司-20241108-20250207\20241117-20250207 刘嘉怡 语文\20241117-20250207-七上\4-20241129-五-20.30-21.30-1h￥40,支付.jpg,229.77,1960.25,6
H:\核心存储\档案馆\工作 2022至今\兼职\3-教师-湖南田头训文化传播有限公司-20241108-20250207\20241117-20250207 刘嘉怡 语文\20241117-20250207-七上\6-20241201-天-14.00-16.00-2h￥80,会议详情.png,141.29,1939.78,6
H:\核心存储\档案馆\工作 2022至今\兼职\3-教师-湖南田头训文化传播有限公司-20241108-20250207\20241117-20250207 刘嘉怡 语文\20241117-20250207-七上\6-20241201-天-14.00-16.00-2h￥80,参会详情.xlsx,7.95,1939.78,6
H:\核心存储\档案馆\工作 2022至今\兼职\3-教师-湖南田头训文化传播有限公司-20241108-20250207\20241117-20250207 刘嘉怡 语文\20241117-20250207-七上\6-20241201-天-14.00-16.00-2h￥80,反馈.jpg,491.69,1939.78,6
H:\核心存储\档案馆\工作 2022至今\兼职\3-教师-湖南田头训文化传播有限公司-20241108-20250207\20241117-20250207 刘嘉怡 语文\20241117-20250207-七上\6-20241201-天-14.00-16.00-2h￥80,审批单.pdf,115.49,1939.78,6
H:\核心存储\档案馆\工作 2022至今\兼职\3-教师-湖南田头训文化传播有限公司-20241108-20250207\20241117-20250207 刘嘉怡 语文\20241117-20250207-七上\6-20241201-天-14.00-16.00-2h￥80,审批截图.jpg,950.41,1939.78,6
H:\核心存储\档案馆\工作 2022至今\兼职\3-教师-湖南田头训文化传播有限公司-20241108-20250207\20241117-20250207 刘嘉怡 语文\20241117-20250207-七上\6-20241201-天-14.00-16.00-2h￥80,支付.jpg,232.95,1939.78,6
H:\核心存储\档案馆\工作 2022至今\兼职\3-教师-湖南田头训文化传播有限公司-20241108-20250207\20241117-20250207 刘嘉怡 语文\20241117-20250207-七上\7-20241206-五-20.40-21.40-1h￥40,会议详情.png,139.69,1962.63,6
H:\核心存储\档案馆\工作 2022至今\兼职\3-教师-湖南田头训文化传播有限公司-20241108-20250207\20241117-20250207 刘嘉怡 语文\20241117-20250207-七上\7-20241206-五-20.40-21.40-1h￥40,参会情况.xlsx,7.84,1962.63,6
H:\核心存储\档案馆\工作 2022至今\兼职\3-教师-湖南田头训文化传播有限公司-20241108-20250207\20241117-20250207 刘嘉怡 语文\20241117-20250207-七上\7-20241206-五-20.40-21.40-1h￥40,反馈.jpg,513.71,1962.63,6
H:\核心存储\档案馆\工作 2022至今\兼职\3-教师-湖南田头训文化传播有限公司-20241108-20250207\20241117-20250207 刘嘉怡 语文\20241117-20250207-七上\7-20241206-五-20.40-21.40-1h￥40,审批单.pdf,119.06,1962.63,6
H:\核心存储\档案馆\工作 2022至今\兼职\3-教师-湖南田头训文化传播有限公司-20241108-20250207\20241117-20250207 刘嘉怡 语文\20241117-20250207-七上\7-20241206-五-20.40-21.40-1h￥40,审批截图.jpg,952.88,1962.63,6
H:\核心存储\档案馆\工作 2022至今\兼职\3-教师-湖南田头训文化传播有限公司-20241108-20250207\20241117-20250207 刘嘉怡 语文\20241117-20250207-七上\7-20241206-五-20.40-21.40-1h￥40,支付.jpg,229.44,1962.63,6
H:\核心存储\档案馆\工作 2022至今\兼职\3-教师-湖南田头训文化传播有限公司-20241108-20250207\20241117-20250207 刘嘉怡 语文\20241117-20250207-七上\9-20241208-天-14.00-16.00-2h￥80,会议详情.png,139.54,2035.89,6
H:\核心存储\档案馆\工作 2022至今\兼职\3-教师-湖南田头训文化传播有限公司-20241108-20250207\20241117-20250207 刘嘉怡 语文\20241117-20250207-七上\9-20241208-天-14.00-16.00-2h￥80,参会情况.xlsx,7.87,2035.89,6
H:\核心存储\档案馆\工作 2022至今\兼职\3-教师-湖南田头训文化传播有限公司-20241108-20250207\20241117-20250207 刘嘉怡 语文\20241117-20250207-七上\9-20241208-天-14.00-16.00-2h￥80,反馈.jpg,570.64,2035.89,6
H:\核心存储\档案馆\工作 2022至今\兼职\3-教师-湖南田头训文化传播有限公司-20241108-20250207\20241117-20250207 刘嘉怡 语文\20241117-20250207-七上\9-20241208-天-14.00-16.00-2h￥80,审批单.pdf,116.52,2035.89,6
H:\核心存储\档案馆\工作 2022至今\兼职\3-教师-湖南田头训文化传播有限公司-20241108-20250207\20241117-20250207 刘嘉怡 语文\20241117-20250207-七上\9-20241208-天-14.00-16.00-2h￥80,审批截图.jpg,948.44,2035.89,6
H:\核心存储\档案馆\工作 2022至今\兼职\3-教师-湖南田头训文化传播有限公司-20241108-20250207\20241117-20250207 刘嘉怡 语文\20241117-20250207-七上\9-20241208-天-14.00-16.00-2h￥80,支付.jpg,252.88,2035.89,6
H:\核心存储\档案馆\工作 2022至今\兼职\3-教师-湖南田头训文化传播有限公司-20241108-20250207\20241117-20250207 刘嘉怡 语文\20241117-20250207-七上\未到-20250110-五-20.30-21.30-1h,会议截图.png,880.5,1729.71,4
H:\核心存储\档案馆\工作 2022至今\兼职\3-教师-湖南田头训文化传播有限公司-20241108-20250207\20241117-20250207 刘嘉怡 语文\20241117-20250207-七上\未到-20250110-五-20.30-21.30-1h,会议详情.png,127.03,1729.71,4
H:\核心存储\档案馆\工作 2022至今\兼职\3-教师-湖南田头训文化传播有限公司-20241108-20250207\20241117-20250207 刘嘉怡 语文\20241117-20250207-七上\未到-20250110-五-20.30-21.30-1h,参会情况.xlsx,7.68,1729.71,4
H:\核心存储\档案馆\工作 2022至今\兼职\3-教师-湖南田头训文化传播有限公司-20241108-20250207\20241117-20250207 刘嘉怡 语文\20241117-20250207-七上\未到-20250110-五-20.30-21.30-1h,家长重新沟通时间.jpg,714.5,1729.71,4
H:\核心存储\档案馆\工作 2022至今\兼职\3-教师-湖南田头训文化传播有限公司-20241108-20250207\20241117-20250207 刘嘉怡 语文\20241117-20250207-七上\未到-20250203-一-16.30-18.00-1.5h,会议截图.png,1451.5,1953.85,4
H:\核心存储\档案馆\工作 2022至今\兼职\3-教师-湖南田头训文化传播有限公司-20241108-20250207\20241117-20250207 刘嘉怡 语文\20241117-20250207-七上\未到-20250203-一-16.30-18.00-1.5h,会议详情.png,126.79,1953.85,4
H:\核心存储\档案馆\工作 2022至今\兼职\3-教师-湖南田头训文化传播有限公司-20241108-20250207\20241117-20250207 刘嘉怡 语文\20241117-20250207-七上\未到-20250203-一-16.30-18.00-1.5h,参会情况.xlsx,7.68,1953.85,4
H:\核心存储\档案馆\工作 2022至今\兼职\3-教师-湖南田头训文化传播有限公司-20241108-20250207\20241117-20250207 刘嘉怡 语文\20241117-20250207-七上\未到-20250203-一-16.30-18.00-1.5h,家长更改时间.jpg,367.88,1953.85,4
H:\核心存储\档案馆\工作 2022至今\兼职\3-教师-湖南田头训文化传播有限公司-20241108-20250207\20241117-20250207 刘嘉怡 语文\20241117-20250207-七上\试课-20241117-天-15.00-16.00-1h,会议详情.png,145.33,153.36,2
H:\核心存储\档案馆\工作 2022至今\兼职\3-教师-湖南田头训文化传播有限公司-20241108-20250207\20241117-20250207 刘嘉怡 语文\20241117-20250207-七上\试课-20241117-天-15.00-16.00-1h,参会情况.xlsx,8.03,153.36,2
H:\核心存储\档案馆\工作 2022至今\兼职\3-教师-湖南田头训文化传播有限公司-20241108-20250207\20241117-20250207 刘嘉怡 语文\20241117-20250207-七上\请假-20250122-二-16.30-18.00-1.5h,学生请假.jpg,344.26,344.26,1
H:\核心存储\档案馆\工作 2022至今\兼职\3-教师-湖南田头训文化传播有限公司-20241108-20250207\20250120-20250207 刘文博 语文,刘文博-课程记录.xlsx,12.15,12.15,1
H:\核心存储\档案馆\工作 2022至今\兼职\3-教师-湖南田头训文化传播有限公司-20241108-20250207\20250120-20250207 刘文博 语文\20250120-20250207-九上\1.5-20250120-一-08.00-09.30-1.5h￥60,会议详情.png,136.97,2249.25,6
H:\核心存储\档案馆\工作 2022至今\兼职\3-教师-湖南田头训文化传播有限公司-20241108-20250207\20250120-20250207 刘文博 语文\20250120-20250207-九上\1.5-20250120-一-08.00-09.30-1.5h￥60,参会情况.xlsx,7.79,2249.25,6
H:\核心存储\档案馆\工作 2022至今\兼职\3-教师-湖南田头训文化传播有限公司-20241108-20250207\20250120-20250207 刘文博 语文\20250120-20250207-九上\1.5-20250120-一-08.00-09.30-1.5h￥60,反馈.jpg,690.03,2249.25,6
H:\核心存储\档案馆\工作 2022至今\兼职\3-教师-湖南田头训文化传播有限公司-20241108-20250207\20250120-20250207 刘文博 语文\20250120-20250207-九上\1.5-20250120-一-08.00-09.30-1.5h￥60,审批单.pdf,164.93,2249.25,6
H:\核心存储\档案馆\工作 2022至今\兼职\3-教师-湖南田头训文化传播有限公司-20241108-20250207\20250120-20250207 刘文博 语文\20250120-20250207-九上\1.5-20250120-一-08.00-09.30-1.5h￥60,审批截图.jpg,968.42,2249.25,6
H:\核心存储\档案馆\工作 2022至今\兼职\3-教师-湖南田头训文化传播有限公司-20241108-20250207\20250120-20250207 刘文博 语文\20250120-20250207-九上\1.5-20250120-一-08.00-09.30-1.5h￥60,支付.jpg,281.11,2249.25,6
H:\核心存储\档案馆\工作 2022至今\兼职\3-教师-湖南田头训文化传播有限公司-20241108-20250207\20250120-20250207 刘文博 语文\20250120-20250207-九上\10.5-20250204-二-08.00-09.30-1.5h￥60,会议详情.png,126.92,787.65,3
H:\核心存储\档案馆\工作 2022至今\兼职\3-教师-湖南田头训文化传播有限公司-20241108-20250207\20250120-20250207 刘文博 语文\20250120-20250207-九上\10.5-20250204-二-08.00-09.30-1.5h￥60,参会情况.xlsx,7.79,787.65,3
H:\核心存储\档案馆\工作 2022至今\兼职\3-教师-湖南田头训文化传播有限公司-20241108-20250207\20250120-20250207 刘文博 语文\20250120-20250207-九上\10.5-20250204-二-08.00-09.30-1.5h￥60,反馈.jpg,652.95,787.65,3
H:\核心存储\档案馆\工作 2022至今\兼职\3-教师-湖南田头训文化传播有限公司-20241108-20250207\20250120-20250207 刘文博 语文\20250120-20250207-九上\12-20250205-三-08.00-09.30-1.5h￥60,反馈.jpg,517.1,517.1,1
H:\核心存储\档案馆\工作 2022至今\兼职\3-教师-湖南田头训文化传播有限公司-20241108-20250207\20250120-20250207 刘文博 语文\20250120-20250207-九上\13.5-20250206-四-08.00-09.30-1.5h￥60,反馈.jpg,522.96,522.96,1
H:\核心存储\档案馆\工作 2022至今\兼职\3-教师-湖南田头训文化传播有限公司-20241108-20250207\20250120-20250207 刘文博 语文\20250120-20250207-九上\15-20250207-五-08.00-09.30-1.5h￥60,反馈.jpg,572.93,572.93,1
H:\核心存储\档案馆\工作 2022至今\兼职\3-教师-湖南田头训文化传播有限公司-20241108-20250207\20250120-20250207 刘文博 语文\20250120-20250207-九上\3-20250121-二-08.00-09.30-1.5h￥60,会议详情.png,122.84,2002.61,6
H:\核心存储\档案馆\工作 2022至今\兼职\3-教师-湖南田头训文化传播有限公司-20241108-20250207\20250120-20250207 刘文博 语文\20250120-20250207-九上\3-20250121-二-08.00-09.30-1.5h￥60,参会情况.xlsx,7.84,2002.61,6
H:\核心存储\档案馆\工作 2022至今\兼职\3-教师-湖南田头训文化传播有限公司-20241108-20250207\20250120-20250207 刘文博 语文\20250120-20250207-九上\3-20250121-二-08.00-09.30-1.5h￥60,反馈.jpg,474.49,2002.61,6
H:\核心存储\档案馆\工作 2022至今\兼职\3-教师-湖南田头训文化传播有限公司-20241108-20250207\20250120-20250207 刘文博 语文\20250120-20250207-九上\3-20250121-二-08.00-09.30-1.5h￥60,审批单.pdf,145.39,2002.61,6
H:\核心存储\档案馆\工作 2022至今\兼职\3-教师-湖南田头训文化传播有限公司-20241108-20250207\20250120-20250207 刘文博 语文\20250120-20250207-九上\3-20250121-二-08.00-09.30-1.5h￥60,审批截图.jpg,962.33,2002.61,6
H:\核心存储\档案馆\工作 2022至今\兼职\3-教师-湖南田头训文化传播有限公司-20241108-20250207\20250120-20250207 刘文博 语文\20250120-20250207-九上\3-20250121-二-08.00-09.30-1.5h￥60,支付.jpg,289.72,2002.61,6
H:\核心存储\档案馆\工作 2022至今\兼职\3-教师-湖南田头训文化传播有限公司-20241108-20250207\20250120-20250207 刘文博 语文\20250120-20250207-九上\4.5-20250122-三-08.00-09.30-1.5h￥60,会议详情.png,130.59,2136.43,6
H:\核心存储\档案馆\工作 2022至今\兼职\3-教师-湖南田头训文化传播有限公司-20241108-20250207\20250120-20250207 刘文博 语文\20250120-20250207-九上\4.5-20250122-三-08.00-09.30-1.5h￥60,参会情况.xlsx,7.79,2136.43,6
H:\核心存储\档案馆\工作 2022至今\兼职\3-教师-湖南田头训文化传播有限公司-20241108-20250207\20250120-20250207 刘文博 语文\20250120-20250207-九上\4.5-20250122-三-08.00-09.30-1.5h￥60,反馈.jpg,503.02,2136.43,6
H:\核心存储\档案馆\工作 2022至今\兼职\3-教师-湖南田头训文化传播有限公司-20241108-20250207\20250120-20250207 刘文博 语文\20250120-20250207-九上\4.5-20250122-三-08.00-09.30-1.5h￥60,审批单.pdf,162.02,2136.43,6
H:\核心存储\档案馆\工作 2022至今\兼职\3-教师-湖南田头训文化传播有限公司-20241108-20250207\20250120-20250207 刘文博 语文\20250120-20250207-九上\4.5-20250122-三-08.00-09.30-1.5h￥60,审批截图.jpg,1042.71,2136.43,6
H:\核心存储\档案馆\工作 2022至今\兼职\3-教师-湖南田头训文化传播有限公司-20241108-20250207\20250120-20250207 刘文博 语文\20250120-20250207-九上\4.5-20250122-三-08.00-09.30-1.5h￥60,支付.jpg,290.3,2136.43,6
H:\核心存储\档案馆\工作 2022至今\兼职\3-教师-湖南田头训文化传播有限公司-20241108-20250207\20250120-20250207 刘文博 语文\20250120-20250207-九上\6-20250123-四-08.00-09.30-1.5h￥60,会议详情.png,134.1,2003.76,6
H:\核心存储\档案馆\工作 2022至今\兼职\3-教师-湖南田头训文化传播有限公司-20241108-20250207\20250120-20250207 刘文博 语文\20250120-20250207-九上\6-20250123-四-08.00-09.30-1.5h￥60,参会情况.xlsx,7.79,2003.76,6
H:\核心存储\档案馆\工作 2022至今\兼职\3-教师-湖南田头训文化传播有限公司-20241108-20250207\20250120-20250207 刘文博 语文\20250120-20250207-九上\6-20250123-四-08.00-09.30-1.5h￥60,反馈.jpg,465.64,2003.76,6
H:\核心存储\档案馆\工作 2022至今\兼职\3-教师-湖南田头训文化传播有限公司-20241108-20250207\20250120-20250207 刘文博 语文\20250120-20250207-九上\6-20250123-四-08.00-09.30-1.5h￥60,审批单.pdf,146.05,2003.76,6
H:\核心存储\档案馆\工作 2022至今\兼职\3-教师-湖南田头训文化传播有限公司-20241108-20250207\20250120-20250207 刘文博 语文\20250120-20250207-九上\6-20250123-四-08.00-09.30-1.5h￥60,审批截图.jpg,962.75,2003.76,6
H:\核心存储\档案馆\工作 2022至今\兼职\3-教师-湖南田头训文化传播有限公司-20241108-20250207\20250120-20250207 刘文博 语文\20250120-20250207-九上\6-20250123-四-08.00-09.30-1.5h￥60,支付.jpg,287.44,2003.76,6
H:\核心存储\档案馆\工作 2022至今\兼职\3-教师-湖南田头训文化传播有限公司-20241108-20250207\20250120-20250207 刘文博 语文\20250120-20250207-九上\7.5-20250124-五-08.00-09.30-1.5h￥60,会议详情.png,125.68,2099.19,6
H:\核心存储\档案馆\工作 2022至今\兼职\3-教师-湖南田头训文化传播有限公司-20241108-20250207\20250120-20250207 刘文博 语文\20250120-20250207-九上\7.5-20250124-五-08.00-09.30-1.5h￥60,参会情况.xlsx,7.79,2099.19,6
H:\核心存储\档案馆\工作 2022至今\兼职\3-教师-湖南田头训文化传播有限公司-20241108-20250207\20250120-20250207 刘文博 语文\20250120-20250207-九上\7.5-20250124-五-08.00-09.30-1.5h￥60,反馈.jpg,560.81,2099.19,6
H:\核心存储\档案馆\工作 2022至今\兼职\3-教师-湖南田头训文化传播有限公司-20241108-20250207\20250120-20250207 刘文博 语文\20250120-20250207-九上\7.5-20250124-五-08.00-09.30-1.5h￥60,审批单.pdf,155.87,2099.19,6
H:\核心存储\档案馆\工作 2022至今\兼职\3-教师-湖南田头训文化传播有限公司-20241108-20250207\20250120-20250207 刘文博 语文\20250120-20250207-九上\7.5-20250124-五-08.00-09.30-1.5h￥60,审批截图.jpg,970.14,2099.19,6
H:\核心存储\档案馆\工作 2022至今\兼职\3-教师-湖南田头训文化传播有限公司-20241108-20250207\20250120-20250207 刘文博 语文\20250120-20250207-九上\7.5-20250124-五-08.00-09.30-1.5h￥60,支付.jpg,278.9,2099.19,6
H:\核心存储\档案馆\工作 2022至今\兼职\3-教师-湖南田头训文化传播有限公司-20241108-20250207\20250120-20250207 刘文博 语文\20250120-20250207-九上\9-20250203-一-14.00-15.30-1.5h￥60,会议详情.png,131.91,995.73,3
H:\核心存储\档案馆\工作 2022至今\兼职\3-教师-湖南田头训文化传播有限公司-20241108-20250207\20250120-20250207 刘文博 语文\20250120-20250207-九上\9-20250203-一-14.00-15.30-1.5h￥60,参会情况.xlsx,7.79,995.73,3
H:\核心存储\档案馆\工作 2022至今\兼职\3-教师-湖南田头训文化传播有限公司-20241108-20250207\20250120-20250207 刘文博 语文\20250120-20250207-九上\9-20250203-一-14.00-15.30-1.5h￥60,反馈.jpg,856.02,995.73,3
H:\核心存储\档案馆\工作 2022至今\兼职\3-教师-湖南田头训文化传播有限公司-20241108-20250207\20250120-20250207 刘文博 语文\20250120-20250207-九上\未到-20250203-一-08.00-09.30-1.5h,会议截图.png,1453.03,2016.29,4
H:\核心存储\档案馆\工作 2022至今\兼职\3-教师-湖南田头训文化传播有限公司-20241108-20250207\20250120-20250207 刘文博 语文\20250120-20250207-九上\未到-20250203-一-08.00-09.30-1.5h,会议详情.png,124.0,2016.29,4
H:\核心存储\档案馆\工作 2022至今\兼职\3-教师-湖南田头训文化传播有限公司-20241108-20250207\20250120-20250207 刘文博 语文\20250120-20250207-九上\未到-20250203-一-08.00-09.30-1.5h,参会情况.xlsx,7.68,2016.29,4
H:\核心存储\档案馆\工作 2022至今\兼职\3-教师-湖南田头训文化传播有限公司-20241108-20250207\20250120-20250207 刘文博 语文\20250120-20250207-九上\未到-20250203-一-08.00-09.30-1.5h,家长更改时间.jpg,431.58,2016.29,4
H:\核心存储\档案馆\工作 2022至今\兼职\3-教师-湖南田头训文化传播有限公司-20241108-20250207\入职与试讲,241101+张卉萱+入职信息登记表.docx,15.54,52437.45,3
H:\核心存储\档案馆\工作 2022至今\兼职\3-教师-湖南田头训文化传播有限公司-20241108-20250207\入职与试讲,教员入职流程和说明.docx,21.0,52437.45,3
H:\核心存储\档案馆\工作 2022至今\兼职\3-教师-湖南田头训文化传播有限公司-20241108-20250207\入职与试讲,试讲.mp4,52400.92,52437.45,3
H:\核心存储\档案馆\工作 2022至今\兼职\3-教师-湖南田头训文化传播有限公司-20241108-20250207\合同,1.jpg,240.17,3114.24,5
H:\核心存储\档案馆\工作 2022至今\兼职\3-教师-湖南田头训文化传播有限公司-20241108-20250207\合同,2.jpg,145.08,3114.24,5
H:\核心存储\档案馆\工作 2022至今\兼职\3-教师-湖南田头训文化传播有限公司-20241108-20250207\合同,3.png,417.94,3114.24,5
H:\核心存储\档案馆\工作 2022至今\兼职\3-教师-湖南田头训文化传播有限公司-20241108-20250207\合同,兼职合同签订记录.png,1960.44,3114.24,5
H:\核心存储\档案馆\工作 2022至今\兼职\3-教师-湖南田头训文化传播有限公司-20241108-20250207\合同,教师承诺书和兼职合同.pdf,350.61,3114.24,5
H:\核心存储\档案馆\工作 2022至今\兼职\3-教师-湖南田头训文化传播有限公司-20241108-20250207\离职,微信教务.jpg,1393.77,3633.02,2
H:\核心存储\档案馆\工作 2022至今\兼职\3-教师-湖南田头训文化传播有限公司-20241108-20250207\离职,钉钉人事.jpg,2239.25,3633.02,2
H:\核心存储\档案馆\工作 2022至今\兼职\3-教师-湖南田头训文化传播有限公司-20241108-20250207\课酬说明,申请课酬记录.jpg,1754.25,2458.77,3
H:\核心存储\档案馆\工作 2022至今\兼职\3-教师-湖南田头训文化传播有限公司-20241108-20250207\课酬说明,课费.jpg,74.39,2458.77,3
H:\核心存储\档案馆\工作 2022至今\兼职\3-教师-湖南田头训文化传播有限公司-20241108-20250207\课酬说明,课酬结算流程说明(支付宝方式打款）.pdf,630.13,2458.77,3
H:\核心存储\档案馆\工作 2022至今\兼职\4-重点笔记整理-福建护航教育咨询有限公司,Boss公司信息.jpg,1158.57,4028.76,5
H:\核心存储\档案馆\工作 2022至今\兼职\4-重点笔记整理-福建护航教育咨询有限公司,Boss招聘信息.png,628.39,4028.76,5
H:\核心存储\档案馆\工作 2022至今\兼职\4-重点笔记整理-福建护航教育咨询有限公司,Boss直聘完整沟通记录.jpg,1493.54,4028.76,5
H:\核心存储\档案馆\工作 2022至今\兼职\4-重点笔记整理-福建护航教育咨询有限公司,往来记录.jpg,325.29,4028.76,5
H:\核心存储\档案馆\工作 2022至今\兼职\4-重点笔记整理-福建护航教育咨询有限公司,薪资沟通微信记录.jpg,422.97,4028.76,5
H:\核心存储\档案馆\工作 2022至今\兼职\4-重点笔记整理-福建护航教育咨询有限公司\20241220-20250104-劳动和社会保障法￥350,完整微信记录.jpg,1982.74,2319.9,2
H:\核心存储\档案馆\工作 2022至今\兼职\4-重点笔记整理-福建护航教育咨询有限公司\20241220-20250104-劳动和社会保障法￥350,结算.jpg,337.15,2319.9,2
H:\核心存储\档案馆\工作 2022至今\兼职\4-重点笔记整理-福建护航教育咨询有限公司\20241220-20250104-劳动和社会保障法￥350\results,劳动和社会保障法.docx,2423.14,2617.93,2
H:\核心存储\档案馆\工作 2022至今\兼职\4-重点笔记整理-福建护航教育咨询有限公司\20241220-20250104-劳动和社会保障法￥350\results,劳动和社会保障法.xmind,194.78,2617.93,2
H:\核心存储\档案馆\工作 2022至今\兼职\4-重点笔记整理-福建护航教育咨询有限公司\20241220-20250104-劳动和社会保障法￥350\sources,PPT.pdf,10065.57,11276.39,2
H:\核心存储\档案馆\工作 2022至今\兼职\4-重点笔记整理-福建护航教育咨询有限公司\20241220-20250104-劳动和社会保障法￥350\sources,教辅.pdf,1210.82,11276.39,2
H:\核心存储\档案馆\工作 2022至今\兼职\4-重点笔记整理-福建护航教育咨询有限公司\20250417-20250506-人工智能与大数据￥250,人工智能与大数据.docx,4686.89,10564.65,5
H:\核心存储\档案馆\工作 2022至今\兼职\4-重点笔记整理-福建护航教育咨询有限公司\20250417-20250506-人工智能与大数据￥250,人工智能与大数据.xmind,255.51,10564.65,5
H:\核心存储\档案馆\工作 2022至今\兼职\4-重点笔记整理-福建护航教育咨询有限公司\20250417-20250506-人工智能与大数据￥250,完整微信记录-1.jpg,4435.38,10564.65,5
H:\核心存储\档案馆\工作 2022至今\兼职\4-重点笔记整理-福建护航教育咨询有限公司\20250417-20250506-人工智能与大数据￥250,完整微信记录-2.jpg,856.32,10564.65,5
H:\核心存储\档案馆\工作 2022至今\兼职\4-重点笔记整理-福建护航教育咨询有限公司\20250417-20250506-人工智能与大数据￥250,结算.jpg,330.55,10564.65,5
H:\核心存储\档案馆\工作 2022至今\兼职\4-重点笔记整理-福建护航教育咨询有限公司\20250417-20250506-人工智能与大数据￥250\人工智能与大数据,PPT.pdf,14586.24,18397.48,2
H:\核心存储\档案馆\工作 2022至今\兼职\4-重点笔记整理-福建护航教育咨询有限公司\20250417-20250506-人工智能与大数据￥250\人工智能与大数据,教辅.pdf,3811.24,18397.48,2
H:\核心存储\档案馆\工作 2022至今\兼职\5-晚辅助教-福建西格玛教育管理有限公司（福建小飞鱼文化科技有限公司）-20250319-20250626,Boss公司信息.jpg,1053.19,1053.19,1
H:\核心存储\档案馆\工作 2022至今\兼职\5-晚辅助教-福建西格玛教育管理有限公司（福建小飞鱼文化科技有限公司）-20250319-20250626\照片,mmexport1751257941855.jpg,150.69,438.09,3
H:\核心存储\档案馆\工作 2022至今\兼职\5-晚辅助教-福建西格玛教育管理有限公司（福建小飞鱼文化科技有限公司）-20250319-20250626\照片,mmexport1751257945154.jpg,144.83,438.09,3
H:\核心存储\档案馆\工作 2022至今\兼职\5-晚辅助教-福建西格玛教育管理有限公司（福建小飞鱼文化科技有限公司）-20250319-20250626\照片,mmexport1751257950846.jpg,142.57,438.09,3
H:\核心存储\档案馆\工作 2022至今\兼职\5-晚辅助教-福建西格玛教育管理有限公司（福建小飞鱼文化科技有限公司）-20250319-20250626\重要聊天记录,Boss直聘完整沟通记录.jpg,1493.54,3899.25,3
H:\核心存储\档案馆\工作 2022至今\兼职\5-晚辅助教-福建西格玛教育管理有限公司（福建小飞鱼文化科技有限公司）-20250319-20250626\重要聊天记录,完整微信记录.jpg,1982.74,3899.25,3
H:\核心存储\档案馆\工作 2022至今\兼职\5-晚辅助教-福建西格玛教育管理有限公司（福建小飞鱼文化科技有限公司）-20250319-20250626\重要聊天记录,薪资沟通微信记录.jpg,422.97,3899.25,3
H:\核心存储\档案馆\工作 2022至今\兼职\6-营运部员工-深圳沃尔玛百货零售有限公司福州山姆会员商店-20250701-20260106,非全职员工劳动合同.pdf,118.05,118.05,1
H:\核心存储\档案馆\工作 2022至今\兼职\6-营运部员工-深圳沃尔玛百货零售有限公司福州山姆会员商店-20250701-20260106\健康证,20250630-20260629.pdf,177.71,177.71,1
H:\核心存储\档案馆\工作 2022至今\兼职\6-营运部员工-深圳沃尔玛百货零售有限公司福州山姆会员商店-20250701-20260106\入职材料,20250701_143709.jpg,2253.1,3145.13,3
H:\核心存储\档案馆\工作 2022至今\兼职\6-营运部员工-深圳沃尔玛百货零售有限公司福州山姆会员商店-20250701-20260106\入职材料,中国高等教育学位在线验证报告.pdf,440.24,3145.13,3
H:\核心存储\档案馆\工作 2022至今\兼职\6-营运部员工-深圳沃尔玛百货零售有限公司福州山姆会员商店-20250701-20260106\入职材料,教育部学历证书电子注册备案表_张卉萱.pdf,451.78,3145.13,3
H:\核心存储\档案馆\工作 2022至今\兼职\6-营运部员工-深圳沃尔玛百货零售有限公司福州山姆会员商店-20250701-20260106\照片,20260102_212956.jpg,2036.08,12385.94,8
H:\核心存储\档案馆\工作 2022至今\兼职\6-营运部员工-深圳沃尔玛百货零售有限公司福州山姆会员商店-20250701-20260106\照片,20260106_222956.jpg,2625.5,12385.94,8
H:\核心存储\档案馆\工作 2022至今\兼职\6-营运部员工-深圳沃尔玛百货零售有限公司福州山姆会员商店-20250701-20260106\照片,20260106_223038.jpg,2079.32,12385.94,8
H:\核心存储\档案馆\工作 2022至今\兼职\6-营运部员工-深圳沃尔玛百货零售有限公司福州山姆会员商店-20250701-20260106\照片,IMG_20250904_005727_635.jpg,1260.16,12385.94,8
H:\核心存储\档案馆\工作 2022至今\兼职\6-营运部员工-深圳沃尔玛百货零售有限公司福州山姆会员商店-20250701-20260106\照片,IMG_20260102_214332.jpg,2740.62,12385.94,8
H:\核心存储\档案馆\工作 2022至今\兼职\6-营运部员工-深圳沃尔玛百货零售有限公司福州山姆会员商店-20250701-20260106\照片,mmexport1754670079522.jpg,708.66,12385.94,8
H:\核心存储\档案馆\工作 2022至今\兼职\6-营运部员工-深圳沃尔玛百货零售有限公司福州山姆会员商店-20250701-20260106\照片,mmexport1763390361269.jpg,138.05,12385.94,8
H:\核心存储\档案馆\工作 2022至今\兼职\6-营运部员工-深圳沃尔玛百货零售有限公司福州山姆会员商店-20250701-20260106\照片,Screenshot_2025-10-24-23-21-50-921_com.ss.android.lark.jpg,797.57,12385.94,8
H:\核心存储\档案馆\工作 2022至今\毕业档案去向,Screenshot_2023-08-02-16-23-21-921_com.tencent.mm.jpg,309.9,1274.39,4
H:\核心存储\档案馆\工作 2022至今\毕业档案去向,Screenshot_2023-08-02-16-23-25-868_com.tencent.mm.jpg,299.97,1274.39,4
H:\核心存储\档案馆\工作 2022至今\毕业档案去向,Screenshot_2023-09-23-19-12-18-704_com.tencent.mm.jpg,351.68,1274.39,4
H:\核心存储\档案馆\工作 2022至今\毕业档案去向,Screenshot_2023-09-23-19-12-23-883_com.tencent.mm.jpg,312.83,1274.39,4
H:\核心存储\档案馆\工作 2022至今\简历,张卉萱2025.pdf,221.59,221.59,1
H:\核心存储\档案馆\攀岩 20251101至今\上海\BANANA+嘉里合集,20260222_160609.jpg,2081.6,652775.19,12
H:\核心存储\档案馆\攀岩 20251101至今\上海\BANANA+嘉里合集,20260222_172016.mp4,78054.25,652775.19,12
H:\核心存储\档案馆\攀岩 20251101至今\上海\BANANA+嘉里合集,20260222_174924.mp4,177259.33,652775.19,12
H:\核心存储\档案馆\攀岩 20251101至今\上海\BANANA+嘉里合集,20260222_183124.mp4,115120.76,652775.19,12
H:\核心存储\档案馆\攀岩 20251101至今\上海\BANANA+嘉里合集,20260222_190350.jpg,1745.66,652775.19,12
H:\核心存储\档案馆\攀岩 20251101至今\上海\BANANA+嘉里合集,20260222_190450.jpg,1075.35,652775.19,12
H:\核心存储\档案馆\攀岩 20251101至今\上海\BANANA+嘉里合集,20260222_192510.mp4,158132.55,652775.19,12
H:\核心存储\档案馆\攀岩 20251101至今\上海\BANANA+嘉里合集,20260222_192925.mp4,111530.53,652775.19,12
H:\核心存储\档案馆\攀岩 20251101至今\上海\BANANA+嘉里合集,20260222_192930.jpg,2647.21,652775.19,12
H:\核心存储\档案馆\攀岩 20251101至今\上海\BANANA+嘉里合集,20260222_193117.jpg,2457.03,652775.19,12
H:\核心存储\档案馆\攀岩 20251101至今\上海\BANANA+嘉里合集,20260222_wx_camera_1771750417431.jpg,1338.89,652775.19,12
H:\核心存储\档案馆\攀岩 20251101至今\上海\BANANA+嘉里合集,20260222_wx_camera_1771750426307.jpg,1332.01,652775.19,12
H:\核心存储\档案馆\攀岩 20251101至今\上海\Benchmark滨港中心,20260223_170110.mp4,257433.08,876420.95,8
H:\核心存储\档案馆\攀岩 20251101至今\上海\Benchmark滨港中心,20260223_170714.mp4,166918.27,876420.95,8
H:\核心存储\档案馆\攀岩 20251101至今\上海\Benchmark滨港中心,20260223_171137.mp4,130744.85,876420.95,8
H:\核心存储\档案馆\攀岩 20251101至今\上海\Benchmark滨港中心,20260223_171514.mp4,106459.73,876420.95,8
H:\核心存储\档案馆\攀岩 20251101至今\上海\Benchmark滨港中心,20260223_171649.mp4,131985.03,876420.95,8
H:\核心存储\档案馆\攀岩 20251101至今\上海\Benchmark滨港中心,20260223_172050.mp4,80136.57,876420.95,8
H:\核心存储\档案馆\攀岩 20251101至今\上海\Benchmark滨港中心,wx_camera_1771832932271.jpg,1286.84,876420.95,8
H:\核心存储\档案馆\攀岩 20251101至今\上海\Benchmark滨港中心,wx_camera_1771834718653.jpg,1456.58,876420.95,8
H:\核心存储\档案馆\攀岩 20251101至今\上海\嘿抱万象城,20260223_183404.jpg,2437.86,820972.26,14
H:\核心存储\档案馆\攀岩 20251101至今\上海\嘿抱万象城,20260223_192110.jpg,2735.23,820972.26,14
H:\核心存储\档案馆\攀岩 20251101至今\上海\嘿抱万象城,20260223_193421_1.mp4,75328.62,820972.26,14
H:\核心存储\档案馆\攀岩 20251101至今\上海\嘿抱万象城,20260223_193543.jpg,2604.06,820972.26,14
H:\核心存储\档案馆\攀岩 20251101至今\上海\嘿抱万象城,20260223_193602.jpg,2109.0,820972.26,14
H:\核心存储\档案馆\攀岩 20251101至今\上海\嘿抱万象城,20260223_193614.jpg,2778.58,820972.26,14
H:\核心存储\档案馆\攀岩 20251101至今\上海\嘿抱万象城,20260223_193937.mp4,136724.54,820972.26,14
H:\核心存储\档案馆\攀岩 20251101至今\上海\嘿抱万象城,20260223_194526.mp4,122483.84,820972.26,14
H:\核心存储\档案馆\攀岩 20251101至今\上海\嘿抱万象城,20260223_200002.mp4,85045.64,820972.26,14
H:\核心存储\档案馆\攀岩 20251101至今\上海\嘿抱万象城,20260223_200147.jpg,2723.55,820972.26,14
H:\核心存储\档案馆\攀岩 20251101至今\上海\嘿抱万象城,20260223_200320.mp4,141547.84,820972.26,14
H:\核心存储\档案馆\攀岩 20251101至今\上海\嘿抱万象城,20260223_200958.mp4,124021.42,820972.26,14
H:\核心存储\档案馆\攀岩 20251101至今\上海\嘿抱万象城,20260223_201158.mp4,119169.47,820972.26,14
H:\核心存储\档案馆\攀岩 20251101至今\上海\嘿抱万象城,20260223_wx_camera_1771847267311.jpg,1262.62,820972.26,14
H:\核心存储\档案馆\攀岩 20251101至今\上海\粉抱,20260224_115448.mp4,188859.35,1603581.23,9
H:\核心存储\档案馆\攀岩 20251101至今\上海\粉抱,20260224_120116.mp4,160787.97,1603581.23,9
H:\核心存储\档案馆\攀岩 20251101至今\上海\粉抱,20260224_120451.mp4,175773.56,1603581.23,9
H:\核心存储\档案馆\攀岩 20251101至今\上海\粉抱,20260224_120725.mp4,141530.84,1603581.23,9
H:\核心存储\档案馆\攀岩 20251101至今\上海\粉抱,20260224_121512.mp4,143477.12,1603581.23,9
H:\核心存储\档案馆\攀岩 20251101至今\上海\粉抱,20260224_121706.mp4,226414.66,1603581.23,9
H:\核心存储\档案馆\攀岩 20251101至今\上海\粉抱,20260224_122027.mp4,101242.57,1603581.23,9
H:\核心存储\档案馆\攀岩 20251101至今\上海\粉抱,20260224_123247.mp4,207982.88,1603581.23,9
H:\核心存储\档案馆\攀岩 20251101至今\上海\粉抱,20260224_123921.mp4,257512.29,1603581.23,9
H:\核心存储\档案馆\攀岩 20251101至今\乌托攀,20251101_122552第一支完攀视频.mp4,66597.1,3972408.49,30
H:\核心存储\档案馆\攀岩 20251101至今\乌托攀,20251210_204406.mp4,87929.46,3972408.49,30
H:\核心存储\档案馆\攀岩 20251101至今\乌托攀,20251219_162707.mp4,125113.88,3972408.49,30
H:\核心存储\档案馆\攀岩 20251101至今\乌托攀,20251219_163920.mp4,172255.31,3972408.49,30
H:\核心存储\档案馆\攀岩 20251101至今\乌托攀,20251219_165236.mp4,119829.64,3972408.49,30
H:\核心存储\档案馆\攀岩 20251101至今\乌托攀,20251219_233129.mp4,102624.43,3972408.49,30
H:\核心存储\档案馆\攀岩 20251101至今\乌托攀,20251223_213420.mp4,146677.46,3972408.49,30
H:\核心存储\档案馆\攀岩 20251101至今\乌托攀,20251230_215455.mp4,130413.83,3972408.49,30
H:\核心存储\档案馆\攀岩 20251101至今\乌托攀,20251230_215718.mp4,106128.15,3972408.49,30
H:\核心存储\档案馆\攀岩 20251101至今\乌托攀,20251230_220119.mp4,112981.46,3972408.49,30
H:\核心存储\档案馆\攀岩 20251101至今\乌托攀,20251230_220817.mp4,121771.58,3972408.49,30
H:\核心存储\档案馆\攀岩 20251101至今\乌托攀,20251230_221242.mp4,119898.46,3972408.49,30
H:\核心存储\档案馆\攀岩 20251101至今\乌托攀,20251230_221341.mp4,131547.99,3972408.49,30
H:\核心存储\档案馆\攀岩 20251101至今\乌托攀,20251230_221631.mp4,128854.65,3972408.49,30
H:\核心存储\档案馆\攀岩 20251101至今\乌托攀,20251230_221936.mp4,92444.61,3972408.49,30
H:\核心存储\档案馆\攀岩 20251101至今\乌托攀,20251230_222254.mp4,166735.62,3972408.49,30
H:\核心存储\档案馆\攀岩 20251101至今\乌托攀,20251231_172940.mp4,156247.17,3972408.49,30
H:\核心存储\档案馆\攀岩 20251101至今\乌托攀,20260101_005127.mp4,185875.59,3972408.49,30
H:\核心存储\档案馆\攀岩 20251101至今\乌托攀,20260108_222321.mp4,138258.82,3972408.49,30
H:\核心存储\档案馆\攀岩 20251101至今\乌托攀,20260108_223039.mp4,149985.82,3972408.49,30
H:\核心存储\档案馆\攀岩 20251101至今\乌托攀,20260108_223413.mp4,114745.16,3972408.49,30
H:\核心存储\档案馆\攀岩 20251101至今\乌托攀,20260126_213108.mp4,137514.73,3972408.49,30
H:\核心存储\档案馆\攀岩 20251101至今\乌托攀,20260126_213551.mp4,156446.82,3972408.49,30
H:\核心存储\档案馆\攀岩 20251101至今\乌托攀,20260126_213854.mp4,131464.98,3972408.49,30
H:\核心存储\档案馆\攀岩 20251101至今\乌托攀,20260126_214817第一个成功的动态.mp4,94798.9,3972408.49,30
H:\核心存储\档案馆\攀岩 20251101至今\乌托攀,20260126_221424.mp4,156428.01,3972408.49,30
H:\核心存储\档案馆\攀岩 20251101至今\乌托攀,20260126_222254.mp4,196874.55,3972408.49,30
H:\核心存储\档案馆\攀岩 20251101至今\乌托攀,20260126_224332.mp4,145967.54,3972408.49,30
H:\核心存储\档案馆\攀岩 20251101至今\乌托攀,20260126_231522.mp4,139003.09,3972408.49,30
H:\核心存储\档案馆\攀岩 20251101至今\乌托攀,20260126_232319.mp4,136993.7,3972408.49,30
H:\核心存储\档案馆\木耳 20240425-20251129,#前缀说明.txt,0.17,96319145.69,1657
H:\核心存储\档案馆\木耳 20240425-20251129,20241006_195956.jpg,4041.49,96319145.69,1657
H:\核心存储\档案馆\木耳 20240425-20251129,20241006_200045.jpg,3851.32,96319145.69,1657
H:\核心存储\档案馆\木耳 20240425-20251129,20241007_044911.mp4,36325.26,96319145.69,1657
H:\核心存储\档案馆\木耳 20240425-20251129,20241007_045107.mp4,65302.7,96319145.69,1657
H:\核心存储\档案馆\木耳 20240425-20251129,20241007_045340.mp4,104853.95,96319145.69,1657
H:\核心存储\档案馆\木耳 20240425-20251129,20241007_155348.jpg,5026.28,96319145.69,1657
H:\核心存储\档案馆\木耳 20240425-20251129,20241007_155351.jpg,5082.66,96319145.69,1657
H:\核心存储\档案馆\木耳 20240425-20251129,20241011_210155.mp4,49408.58,96319145.69,1657
H:\核心存储\档案馆\木耳 20240425-20251129,20241011_210248.mp4,35344.99,96319145.69,1657
H:\核心存储\档案馆\木耳 20240425-20251129,20241014_192105.mp4,8554.12,96319145.69,1657
H:\核心存储\档案馆\木耳 20240425-20251129,20241014_192213.jpg,4385.36,96319145.69,1657
H:\核心存储\档案馆\木耳 20240425-20251129,20241014_192238.jpg,4170.21,96319145.69,1657
H:\核心存储\档案馆\木耳 20240425-20251129,20241014_192305.jpg,3979.79,96319145.69,1657
H:\核心存储\档案馆\木耳 20240425-20251129,20241014_192407.mp4,20433.38,96319145.69,1657
H:\核心存储\档案馆\木耳 20240425-20251129,20241014_192727.mp4,33570.23,96319145.69,1657
H:\核心存储\档案馆\木耳 20240425-20251129,20241017_222352.jpg,3630.37,96319145.69,1657
H:\核心存储\档案馆\木耳 20240425-20251129,20241024_234911.mp4,122498.61,96319145.69,1657
H:\核心存储\档案馆\木耳 20240425-20251129,20241024_235157.mp4,117417.06,96319145.69,1657
H:\核心存储\档案馆\木耳 20240425-20251129,20241025_021250.mp4,38306.09,96319145.69,1657
H:\核心存储\档案馆\木耳 20240425-20251129,20241026_013708.mp4,82809.76,96319145.69,1657
H:\核心存储\档案馆\木耳 20240425-20251129,20241026_014000.mp4,27340.12,96319145.69,1657
H:\核心存储\档案馆\木耳 20240425-20251129,20241026_014033.jpg,3759.07,96319145.69,1657
H:\核心存储\档案馆\木耳 20240425-20251129,20241026_014048.jpg,3553.15,96319145.69,1657
H:\核心存储\档案馆\木耳 20240425-20251129,20241026_211721.mp4,18382.95,96319145.69,1657
H:\核心存储\档案馆\木耳 20240425-20251129,20241026_211738.jpg,3861.71,96319145.69,1657
H:\核心存储\档案馆\木耳 20240425-20251129,20241026_211744.jpg,4226.76,96319145.69,1657
H:\核心存储\档案馆\木耳 20240425-20251129,20241026_211824.jpg,4220.54,96319145.69,1657
H:\核心存储\档案馆\木耳 20240425-20251129,20241026_211905.mp4,5200.74,96319145.69,1657
H:\核心存储\档案馆\木耳 20240425-20251129,20241027_011529.jpg,4829.62,96319145.69,1657
H:\核心存储\档案馆\木耳 20240425-20251129,20241027_011546.jpg,4555.06,96319145.69,1657
H:\核心存储\档案馆\木耳 20240425-20251129,20241027_011600.mp4,63234.61,96319145.69,1657
H:\核心存储\档案馆\木耳 20240425-20251129,20241027_011702.jpg,3503.17,96319145.69,1657
H:\核心存储\档案馆\木耳 20240425-20251129,20241027_011748.mp4,24316.74,96319145.69,1657
H:\核心存储\档案馆\木耳 20240425-20251129,20241027_011810.mp4,47682.11,96319145.69,1657
H:\核心存储\档案馆\木耳 20240425-20251129,20241027_011854.jpg,4358.58,96319145.69,1657
H:\核心存储\档案馆\木耳 20240425-20251129,20241027_011904.mp4,15885.47,96319145.69,1657
H:\核心存储\档案馆\木耳 20240425-20251129,20241029_190812.jpg,3397.39,96319145.69,1657
H:\核心存储\档案馆\木耳 20240425-20251129,20241029_190817.mp4,78557.05,96319145.69,1657
H:\核心存储\档案馆\木耳 20240425-20251129,20241029_190906.mp4,60651.61,96319145.69,1657
H:\核心存储\档案馆\木耳 20240425-20251129,20241030_012207.jpg,3898.67,96319145.69,1657
H:\核心存储\档案馆\木耳 20240425-20251129,20241030_203201.mp4,38082.85,96319145.69,1657
H:\核心存储\档案馆\木耳 20240425-20251129,20241101_201529.jpg,4252.4,96319145.69,1657
H:\核心存储\档案馆\木耳 20240425-20251129,20241101_201537.jpg,3975.64,96319145.69,1657
H:\核心存储\档案馆\木耳 20240425-20251129,20241102_002028.mp4,373771.57,96319145.69,1657
H:\核心存储\档案馆\木耳 20240425-20251129,20241102_004222.mp4,249856.28,96319145.69,1657
H:\核心存储\档案馆\木耳 20240425-20251129,20241102_004502.mp4,19907.59,96319145.69,1657
H:\核心存储\档案馆\木耳 20240425-20251129,20241104_082217.jpg,4033.35,96319145.69,1657
H:\核心存储\档案馆\木耳 20240425-20251129,20241104_082245.jpg,3882.92,96319145.69,1657
H:\核心存储\档案馆\木耳 20240425-20251129,20241105_042636.jpg,3634.6,96319145.69,1657
H:\核心存储\档案馆\木耳 20240425-20251129,20241106_221818.jpg,3517.33,96319145.69,1657
H:\核心存储\档案馆\木耳 20240425-20251129,20241108_011724.mp4,21655.44,96319145.69,1657
H:\核心存储\档案馆\木耳 20240425-20251129,20241108_011746.mp4,26563.86,96319145.69,1657
H:\核心存储\档案馆\木耳 20240425-20251129,20241108_011854.mp4,35305.2,96319145.69,1657
H:\核心存储\档案馆\木耳 20240425-20251129,20241109_212641.jpg,3704.43,96319145.69,1657
H:\核心存储\档案馆\木耳 20240425-20251129,20241110_122253.jpg,3777.51,96319145.69,1657
H:\核心存储\档案馆\木耳 20240425-20251129,20241111_220943.jpg,3695.94,96319145.69,1657
H:\核心存储\档案馆\木耳 20240425-20251129,20241111_221014.jpg,4088.84,96319145.69,1657
H:\核心存储\档案馆\木耳 20240425-20251129,20241111_221044.jpg,4266.88,96319145.69,1657
H:\核心存储\档案馆\木耳 20240425-20251129,20241113_084237.jpg,2080.88,96319145.69,1657
H:\核心存储\档案馆\木耳 20240425-20251129,20241113_084247.jpg,3638.56,96319145.69,1657
H:\核心存储\档案馆\木耳 20240425-20251129,20241114_185615.mp4,33504.12,96319145.69,1657
H:\核心存储\档案馆\木耳 20240425-20251129,20241120_194635.mp4,26577.82,96319145.69,1657
H:\核心存储\档案馆\木耳 20240425-20251129,20241120_194828.jpg,4215.06,96319145.69,1657
H:\核心存储\档案馆\木耳 20240425-20251129,20241120_194829.jpg,4214.78,96319145.69,1657
H:\核心存储\档案馆\木耳 20240425-20251129,20241120_194842.jpg,3797.97,96319145.69,1657
H:\核心存储\档案馆\木耳 20240425-20251129,20241121_022539.jpg,3349.11,96319145.69,1657
H:\核心存储\档案馆\木耳 20240425-20251129,20241122_232810.mp4,18942.86,96319145.69,1657
H:\核心存储\档案馆\木耳 20240425-20251129,20241124_011922.jpg,3789.86,96319145.69,1657
H:\核心存储\档案馆\木耳 20240425-20251129,20241127_010541.mp4,22905.22,96319145.69,1657
H:\核心存储\档案馆\木耳 20240425-20251129,20241127_011743.mp4,84263.13,96319145.69,1657
H:\核心存储\档案馆\木耳 20240425-20251129,20241130_014721.mp4,46753.12,96319145.69,1657
H:\核心存储\档案馆\木耳 20240425-20251129,20241201_181007.mp4,99981.96,96319145.69,1657
H:\核心存储\档案馆\木耳 20240425-20251129,20241202_121923.jpg,3498.57,96319145.69,1657
H:\核心存储\档案馆\木耳 20240425-20251129,20241202_121925.jpg,3529.26,96319145.69,1657
H:\核心存储\档案馆\木耳 20240425-20251129,20241204_022341.jpg,3972.03,96319145.69,1657
H:\核心存储\档案馆\木耳 20240425-20251129,20241207_011822.jpg,4149.76,96319145.69,1657
H:\核心存储\档案馆\木耳 20240425-20251129,20241207_011831.jpg,4060.26,96319145.69,1657
H:\核心存储\档案馆\木耳 20240425-20251129,20241207_011917.jpg,3674.75,96319145.69,1657
H:\核心存储\档案馆\木耳 20240425-20251129,20241207_012002.jpg,3617.15,96319145.69,1657
H:\核心存储\档案馆\木耳 20240425-20251129,20241207_012003.jpg,3666.73,96319145.69,1657
H:\核心存储\档案馆\木耳 20240425-20251129,20241207_012004.jpg,3464.36,96319145.69,1657
H:\核心存储\档案馆\木耳 20240425-20251129,20241207_165849.jpg,3639.49,96319145.69,1657
H:\核心存储\档案馆\木耳 20240425-20251129,20241207_165939.mp4,108659.16,96319145.69,1657
H:\核心存储\档案馆\木耳 20240425-20251129,20241207_170051.mp4,28457.36,96319145.69,1657
H:\核心存储\档案馆\木耳 20240425-20251129,20241210_003823.mp4,81020.28,96319145.69,1657
H:\核心存储\档案馆\木耳 20240425-20251129,20241213_013810.jpg,3843.64,96319145.69,1657
H:\核心存储\档案馆\木耳 20240425-20251129,20241217_014130.jpg,3576.8,96319145.69,1657
H:\核心存储\档案馆\木耳 20240425-20251129,20241217_014137.jpg,3889.74,96319145.69,1657
H:\核心存储\档案馆\木耳 20240425-20251129,20241217_014200.mp4,25142.8,96319145.69,1657
H:\核心存储\档案馆\木耳 20240425-20251129,20241217_014229.mp4,23786.61,96319145.69,1657
H:\核心存储\档案馆\木耳 20240425-20251129,20241218_005055.jpg,3196.22,96319145.69,1657
H:\核心存储\档案馆\木耳 20240425-20251129,20250102_083215.mp4,97512.41,96319145.69,1657
H:\核心存储\档案馆\木耳 20240425-20251129,20250103_071553.jpg,2639.65,96319145.69,1657
H:\核心存储\档案馆\木耳 20240425-20251129,20250103_071750.mp4,31468.39,96319145.69,1657
H:\核心存储\档案馆\木耳 20240425-20251129,20250103_071927.mp4,38084.48,96319145.69,1657
H:\核心存储\档案馆\木耳 20240425-20251129,20250104_005922.mp4,59018.09,96319145.69,1657
H:\核心存储\档案馆\木耳 20240425-20251129,20250104_010116.mp4,89271.99,96319145.69,1657
H:\核心存储\档案馆\木耳 20240425-20251129,20250111_012618.jpg,3563.93,96319145.69,1657
H:\核心存储\档案馆\木耳 20240425-20251129,20250111_012955.jpg,3759.09,96319145.69,1657
H:\核心存储\档案馆\木耳 20240425-20251129,20250111_013035.jpg,3547.73,96319145.69,1657
H:\核心存储\档案馆\木耳 20240425-20251129,20250111_013102.jpg,2729.02,96319145.69,1657
H:\核心存储\档案馆\木耳 20240425-20251129,20250123_023442.mp4,39328.47,96319145.69,1657
H:\核心存储\档案馆\木耳 20240425-20251129,20250123_023534.jpg,3491.79,96319145.69,1657
H:\核心存储\档案馆\木耳 20240425-20251129,20250123_023712.mp4,43617.85,96319145.69,1657
H:\核心存储\档案馆\木耳 20240425-20251129,20250123_023758.jpg,3149.32,96319145.69,1657
H:\核心存储\档案馆\木耳 20240425-20251129,20250123_023921.jpg,3327.18,96319145.69,1657
H:\核心存储\档案馆\木耳 20240425-20251129,20250123_023932.mp4,64666.7,96319145.69,1657
H:\核心存储\档案馆\木耳 20240425-20251129,20250126_235739.jpg,3765.36,96319145.69,1657
H:\核心存储\档案馆\木耳 20240425-20251129,20250126_235808.jpg,3705.03,96319145.69,1657
H:\核心存储\档案馆\木耳 20240425-20251129,20250126_235823.jpg,4132.17,96319145.69,1657
H:\核心存储\档案馆\木耳 20240425-20251129,20250127_085509.jpg,3557.7,96319145.69,1657
H:\核心存储\档案馆\木耳 20240425-20251129,20250127_215228.mp4,52390.46,96319145.69,1657
H:\核心存储\档案馆\木耳 20240425-20251129,20250127_215328.mp4,38052.52,96319145.69,1657
H:\核心存储\档案馆\木耳 20240425-20251129,20250127_215611.mp4,6490.59,96319145.69,1657
H:\核心存储\档案馆\木耳 20240425-20251129,20250205_135649.jpg,2360.69,96319145.69,1657
H:\核心存储\档案馆\木耳 20240425-20251129,20250205_135730.jpg,2017.88,96319145.69,1657
H:\核心存储\档案馆\木耳 20240425-20251129,20250206_140143.mp4,8656.55,96319145.69,1657
H:\核心存储\档案馆\木耳 20240425-20251129,20250206_142459.jpg,548.03,96319145.69,1657
H:\核心存储\档案馆\木耳 20240425-20251129,20250206_202912.jpg,1925.08,96319145.69,1657
H:\核心存储\档案馆\木耳 20240425-20251129,20250206_203028.mp4,57480.6,96319145.69,1657
H:\核心存储\档案馆\木耳 20240425-20251129,20250206_212730.mp4,8736.0,96319145.69,1657
H:\核心存储\档案馆\木耳 20240425-20251129,20250206_212844_1.mp4,12585.16,96319145.69,1657
H:\核心存储\档案馆\木耳 20240425-20251129,20250206_212844_2.mp4,20176.99,96319145.69,1657
H:\核心存储\档案馆\木耳 20240425-20251129,20250206_212844_3.mp4,8385.0,96319145.69,1657
H:\核心存储\档案馆\木耳 20240425-20251129,20250206_213017.mp4,15824.54,96319145.69,1657
H:\核心存储\档案馆\木耳 20240425-20251129,20250207_113839.jpg,2533.76,96319145.69,1657
H:\核心存储\档案馆\木耳 20240425-20251129,20250207_113844.mp4,24728.51,96319145.69,1657
H:\核心存储\档案馆\木耳 20240425-20251129,20250207_113934.jpg,2139.5,96319145.69,1657
H:\核心存储\档案馆\木耳 20240425-20251129,20250207_114009.mp4,158372.34,96319145.69,1657
H:\核心存储\档案馆\木耳 20240425-20251129,20250210_012112.mp4,95621.05,96319145.69,1657
H:\核心存储\档案馆\木耳 20240425-20251129,20250211_003100.mp4,18394.49,96319145.69,1657
H:\核心存储\档案馆\木耳 20240425-20251129,20250212_232723.jpg,2309.0,96319145.69,1657
H:\核心存储\档案馆\木耳 20240425-20251129,20250212_232725.jpg,2232.72,96319145.69,1657
H:\核心存储\档案馆\木耳 20240425-20251129,20250212_232732.mp4,37649.49,96319145.69,1657
H:\核心存储\档案馆\木耳 20240425-20251129,20250212_232847.mp4,137294.91,96319145.69,1657
H:\核心存储\档案馆\木耳 20240425-20251129,20250212_233157.mp4,35421.77,96319145.69,1657
H:\核心存储\档案馆\木耳 20240425-20251129,20250218_021212.mp4,8431.78,96319145.69,1657
H:\核心存储\档案馆\木耳 20240425-20251129,20250218_021212_1.mp4,10691.7,96319145.69,1657
H:\核心存储\档案馆\木耳 20240425-20251129,20250218_021305.mp4,111590.64,96319145.69,1657
H:\核心存储\档案馆\木耳 20240425-20251129,20250218_021305_1.mp4,78270.21,96319145.69,1657
H:\核心存储\档案馆\木耳 20240425-20251129,20250218_021540.mp4,35130.64,96319145.69,1657
H:\核心存储\档案馆\木耳 20240425-20251129,20250218_021611.mp4,101864.73,96319145.69,1657
H:\核心存储\档案馆\木耳 20240425-20251129,20250218_021726_1.mp4,26103.99,96319145.69,1657
H:\核心存储\档案馆\木耳 20240425-20251129,20250218_021726_2.mp4,11953.04,96319145.69,1657
H:\核心存储\档案馆\木耳 20240425-20251129,20250226_104359.mp4,226550.52,96319145.69,1657
H:\核心存储\档案馆\木耳 20240425-20251129,20250228_075016.jpg,2836.57,96319145.69,1657
H:\核心存储\档案馆\木耳 20240425-20251129,20250228_075019.jpg,2742.96,96319145.69,1657
H:\核心存储\档案馆\木耳 20240425-20251129,20250303_061133.mp4,6938.26,96319145.69,1657
H:\核心存储\档案馆\木耳 20240425-20251129,20250303_061349.mp4,44379.64,96319145.69,1657
H:\核心存储\档案馆\木耳 20240425-20251129,20250304_075323.mp4,19650.41,96319145.69,1657
H:\核心存储\档案馆\木耳 20240425-20251129,20250304_075359.jpg,2160.82,96319145.69,1657
H:\核心存储\档案馆\木耳 20240425-20251129,20250304_150714.jpg,2296.79,96319145.69,1657
H:\核心存储\档案馆\木耳 20240425-20251129,20250304_151034(0).jpg,2320.01,96319145.69,1657
H:\核心存储\档案馆\木耳 20240425-20251129,20250304_151118.jpg,2184.55,96319145.69,1657
H:\核心存储\档案馆\木耳 20240425-20251129,20250304_151121.jpg,2706.75,96319145.69,1657
H:\核心存储\档案馆\木耳 20240425-20251129,20250308_130118.mp4,226620.0,96319145.69,1657
H:\核心存储\档案馆\木耳 20240425-20251129,20250308_130334.mp4,70256.2,96319145.69,1657
H:\核心存储\档案馆\木耳 20240425-20251129,20250310_212302.jpg,2024.24,96319145.69,1657
H:\核心存储\档案馆\木耳 20240425-20251129,20250310_212306.mp4,42011.92,96319145.69,1657
H:\核心存储\档案馆\木耳 20240425-20251129,20250310_212417.jpg,2007.76,96319145.69,1657
H:\核心存储\档案馆\木耳 20240425-20251129,20250313_034239.jpg,2487.96,96319145.69,1657
H:\核心存储\档案馆\木耳 20240425-20251129,20250313_034248.jpg,2569.96,96319145.69,1657
H:\核心存储\档案馆\木耳 20240425-20251129,20250313_034251.jpg,2535.24,96319145.69,1657
H:\核心存储\档案馆\木耳 20240425-20251129,20250318_190810.mp4,10065.36,96319145.69,1657
H:\核心存储\档案馆\木耳 20240425-20251129,20250320_101518.mp4,11741.86,96319145.69,1657
H:\核心存储\档案馆\木耳 20240425-20251129,20250320_101533.mp4,67530.27,96319145.69,1657
H:\核心存储\档案馆\木耳 20240425-20251129,20250323_140843.mp4,5293.38,96319145.69,1657
H:\核心存储\档案馆\木耳 20240425-20251129,20250326_082813.jpg,2299.28,96319145.69,1657
H:\核心存储\档案馆\木耳 20240425-20251129,20250327_110900.jpg,2548.59,96319145.69,1657
H:\核心存储\档案馆\木耳 20240425-20251129,20250407_123200.jpg,2547.99,96319145.69,1657
H:\核心存储\档案馆\木耳 20240425-20251129,20250407_123215.jpg,2468.09,96319145.69,1657
H:\核心存储\档案馆\木耳 20240425-20251129,20250407_123218.jpg,2263.73,96319145.69,1657
H:\核心存储\档案馆\木耳 20240425-20251129,20250409_090301.jpg,3091.11,96319145.69,1657
H:\核心存储\档案馆\木耳 20240425-20251129,20250409_090306.jpg,2490.77,96319145.69,1657
H:\核心存储\档案馆\木耳 20240425-20251129,20250411_155403.jpg,2404.0,96319145.69,1657
H:\核心存储\档案馆\木耳 20240425-20251129,20250416_065454.mp4,70480.58,96319145.69,1657
H:\核心存储\档案馆\木耳 20240425-20251129,20250416_065557.mp4,107476.81,96319145.69,1657
H:\核心存储\档案馆\木耳 20240425-20251129,20250416_065834.jpg,2667.53,96319145.69,1657
H:\核心存储\档案馆\木耳 20240425-20251129,20250416_070017.jpg,2848.27,96319145.69,1657
H:\核心存储\档案馆\木耳 20240425-20251129,20250420_074743.jpg,2293.56,96319145.69,1657
H:\核心存储\档案馆\木耳 20240425-20251129,20250420_081242.jpg,2333.96,96319145.69,1657
H:\核心存储\档案馆\木耳 20240425-20251129,20250420_112237.jpg,2246.87,96319145.69,1657
H:\核心存储\档案馆\木耳 20240425-20251129,20250420_112259.jpg,2288.31,96319145.69,1657
H:\核心存储\档案馆\木耳 20240425-20251129,20250420_112534.jpg,2540.78,96319145.69,1657
H:\核心存储\档案馆\木耳 20240425-20251129,20250420_112539.jpg,2007.54,96319145.69,1657
H:\核心存储\档案馆\木耳 20240425-20251129,20250420_112542.jpg,1909.53,96319145.69,1657
H:\核心存储\档案馆\木耳 20240425-20251129,20250420_112543.jpg,1943.22,96319145.69,1657
H:\核心存储\档案馆\木耳 20240425-20251129,20250420_112547.jpg,2101.19,96319145.69,1657
H:\核心存储\档案馆\木耳 20240425-20251129,20250421_003246.jpg,2681.67,96319145.69,1657
H:\核心存储\档案馆\木耳 20240425-20251129,20250421_011456.mp4,21428.89,96319145.69,1657
H:\核心存储\档案馆\木耳 20240425-20251129,20250421_011601.jpg,2067.04,96319145.69,1657
H:\核心存储\档案馆\木耳 20240425-20251129,20250421_011604.jpg,2060.4,96319145.69,1657
H:\核心存储\档案馆\木耳 20240425-20251129,20250421_080451.jpg,2156.22,96319145.69,1657
H:\核心存储\档案馆\木耳 20240425-20251129,20250421_080615.jpg,2447.98,96319145.69,1657
H:\核心存储\档案馆\木耳 20240425-20251129,20250421_081201.jpg,2413.06,96319145.69,1657
H:\核心存储\档案馆\木耳 20240425-20251129,20250421_081414.mp4,8509.03,96319145.69,1657
H:\核心存储\档案馆\木耳 20240425-20251129,20250421_090013.jpg,2289.69,96319145.69,1657
H:\核心存储\档案馆\木耳 20240425-20251129,20250421_155548.jpg,3074.59,96319145.69,1657
H:\核心存储\档案馆\木耳 20240425-20251129,20250421_155553.jpg,3523.06,96319145.69,1657
H:\核心存储\档案馆\木耳 20240425-20251129,20250421_155559.jpg,2418.78,96319145.69,1657
H:\核心存储\档案馆\木耳 20240425-20251129,20250421_155602.jpg,2908.15,96319145.69,1657
H:\核心存储\档案馆\木耳 20240425-20251129,20250421_155618.jpg,2849.03,96319145.69,1657
H:\核心存储\档案馆\木耳 20240425-20251129,20250422_164041.jpg,2221.61,96319145.69,1657
H:\核心存储\档案馆\木耳 20240425-20251129,20250422_170241.jpg,2093.82,96319145.69,1657
H:\核心存储\档案馆\木耳 20240425-20251129,20250422_170246.mp4,50378.83,96319145.69,1657
H:\核心存储\档案馆\木耳 20240425-20251129,20250423_065039_1.mp4,50996.48,96319145.69,1657
H:\核心存储\档案馆\木耳 20240425-20251129,20250423_065130.mp4,41492.82,96319145.69,1657
H:\核心存储\档案馆\木耳 20240425-20251129,20250423_080631.jpg,2357.79,96319145.69,1657
H:\核心存储\档案馆\木耳 20240425-20251129,20250423_080642.mp4,52571.36,96319145.69,1657
H:\核心存储\档案馆\木耳 20240425-20251129,20250423_164634.mp4,31406.0,96319145.69,1657
H:\核心存储\档案馆\木耳 20240425-20251129,20250423_164725.jpg,2187.26,96319145.69,1657
H:\核心存储\档案馆\木耳 20240425-20251129,20250424_030721.jpg,2991.36,96319145.69,1657
H:\核心存储\档案馆\木耳 20240425-20251129,20250424_220951.jpg,2587.6,96319145.69,1657
H:\核心存储\档案馆\木耳 20240425-20251129,20250424_221217.jpg,2445.66,96319145.69,1657
H:\核心存储\档案馆\木耳 20240425-20251129,20250424_221717.mp4,91985.8,96319145.69,1657
H:\核心存储\档案馆\木耳 20240425-20251129,20250424_222103.jpg,2429.94,96319145.69,1657
H:\核心存储\档案馆\木耳 20240425-20251129,20250424_222148.jpg,2178.49,96319145.69,1657
H:\核心存储\档案馆\木耳 20240425-20251129,20250424_222652.mp4,29236.04,96319145.69,1657
H:\核心存储\档案馆\木耳 20240425-20251129,20250425_042154.jpg,1646.61,96319145.69,1657
H:\核心存储\档案馆\木耳 20240425-20251129,20250425_043102.jpg,2506.89,96319145.69,1657
H:\核心存储\档案馆\木耳 20240425-20251129,20250425_043116.jpg,2652.44,96319145.69,1657
H:\核心存储\档案馆\木耳 20240425-20251129,20250426_001119.jpg,2950.68,96319145.69,1657
H:\核心存储\档案馆\木耳 20240425-20251129,20250426_001307.mp4,215286.4,96319145.69,1657
H:\核心存储\档案馆\木耳 20240425-20251129,20250426_001952.jpg,2151.49,96319145.69,1657
H:\核心存储\档案馆\木耳 20240425-20251129,20250426_001954.jpg,2331.41,96319145.69,1657
H:\核心存储\档案馆\木耳 20240425-20251129,20250426_001958.jpg,2456.88,96319145.69,1657
H:\核心存储\档案馆\木耳 20240425-20251129,20250426_002001.jpg,2455.02,96319145.69,1657
H:\核心存储\档案馆\木耳 20240425-20251129,20250426_002117.mp4,24973.26,96319145.69,1657
H:\核心存储\档案馆\木耳 20240425-20251129,20250426_002519.mp4,15171.8,96319145.69,1657
H:\核心存储\档案馆\木耳 20240425-20251129,20250426_065904.jpg,2204.54,96319145.69,1657
H:\核心存储\档案馆\木耳 20240425-20251129,20250426_065907.jpg,2203.84,96319145.69,1657
H:\核心存储\档案馆\木耳 20240425-20251129,20250426_143245.mp4,128384.75,96319145.69,1657
H:\核心存储\档案馆\木耳 20240425-20251129,20250429_061408.jpg,2408.82,96319145.69,1657
H:\核心存储\档案馆\木耳 20240425-20251129,20250429_061431.jpg,2570.55,96319145.69,1657
H:\核心存储\档案馆\木耳 20240425-20251129,20250430_054924.jpg,2213.66,96319145.69,1657
H:\核心存储\档案馆\木耳 20240425-20251129,20250430_060817.jpg,1760.75,96319145.69,1657
H:\核心存储\档案馆\木耳 20240425-20251129,20250430_060819.jpg,1856.74,96319145.69,1657
H:\核心存储\档案馆\木耳 20240425-20251129,20250430_060824.jpg,1930.03,96319145.69,1657
H:\核心存储\档案馆\木耳 20240425-20251129,20250430_060826.jpg,1975.32,96319145.69,1657
H:\核心存储\档案馆\木耳 20240425-20251129,20250501_073637.jpg,2422.99,96319145.69,1657
H:\核心存储\档案馆\木耳 20240425-20251129,20250501_073639.jpg,2277.69,96319145.69,1657
H:\核心存储\档案馆\木耳 20240425-20251129,20250501_073644.jpg,2086.21,96319145.69,1657
H:\核心存储\档案馆\木耳 20240425-20251129,20250501_073658.mp4,26449.26,96319145.69,1657
H:\核心存储\档案馆\木耳 20240425-20251129,20250501_073852.jpg,2193.64,96319145.69,1657
H:\核心存储\档案馆\木耳 20240425-20251129,20250501_073856.jpg,2624.47,96319145.69,1657
H:\核心存储\档案馆\木耳 20240425-20251129,20250501_073919.jpg,2554.58,96319145.69,1657
H:\核心存储\档案馆\木耳 20240425-20251129,20250501_074000.jpg,2099.52,96319145.69,1657
H:\核心存储\档案馆\木耳 20240425-20251129,20250501_074054.jpg,2554.85,96319145.69,1657
H:\核心存储\档案馆\木耳 20240425-20251129,20250501_074106.mp4,8433.75,96319145.69,1657
H:\核心存储\档案馆\木耳 20240425-20251129,20250501_074122.mp4,4814.56,96319145.69,1657
H:\核心存储\档案馆\木耳 20240425-20251129,20250501_094534.jpg,2455.17,96319145.69,1657
H:\核心存储\档案馆\木耳 20240425-20251129,20250501_094543.mp4,20788.84,96319145.69,1657
H:\核心存储\档案馆\木耳 20240425-20251129,20250501_115952.jpg,2289.3,96319145.69,1657
H:\核心存储\档案馆\木耳 20240425-20251129,20250501_120232.mp4,13698.38,96319145.69,1657
H:\核心存储\档案馆\木耳 20240425-20251129,20250501_120255.jpg,1827.31,96319145.69,1657
H:\核心存储\档案馆\木耳 20240425-20251129,20250502_052904.jpg,2302.3,96319145.69,1657
H:\核心存储\档案馆\木耳 20240425-20251129,20250502_105156.jpg,2380.81,96319145.69,1657
H:\核心存储\档案馆\木耳 20240425-20251129,20250502_105205.mp4,18755.78,96319145.69,1657
H:\核心存储\档案馆\木耳 20240425-20251129,20250503_192645.jpg,2122.14,96319145.69,1657
H:\核心存储\档案馆\木耳 20240425-20251129,20250503_192715.jpg,2338.33,96319145.69,1657
H:\核心存储\档案馆\木耳 20240425-20251129,20250506_105317.jpg,2689.23,96319145.69,1657
H:\核心存储\档案馆\木耳 20240425-20251129,20250507_082018.mp4,34356.71,96319145.69,1657
H:\核心存储\档案馆\木耳 20240425-20251129,20250509_141858.jpg,2234.75,96319145.69,1657
H:\核心存储\档案馆\木耳 20240425-20251129,20250510_100858.mp4,35290.66,96319145.69,1657
H:\核心存储\档案馆\木耳 20240425-20251129,20250510_101234.mp4,78023.32,96319145.69,1657
H:\核心存储\档案馆\木耳 20240425-20251129,20250510_103549.jpg,1591.88,96319145.69,1657
H:\核心存储\档案馆\木耳 20240425-20251129,20250510_104306.jpg,1788.83,96319145.69,1657
H:\核心存储\档案馆\木耳 20240425-20251129,20250510_125645.jpg,1725.5,96319145.69,1657
H:\核心存储\档案馆\木耳 20240425-20251129,20250510_155427.jpg,2066.11,96319145.69,1657
H:\核心存储\档案馆\木耳 20240425-20251129,20250510_190633.jpg,2132.71,96319145.69,1657
H:\核心存储\档案馆\木耳 20240425-20251129,20250510_192156.jpg,2886.6,96319145.69,1657
H:\核心存储\档案馆\木耳 20240425-20251129,20250510_192315.jpg,2228.08,96319145.69,1657
H:\核心存储\档案馆\木耳 20240425-20251129,20250510_203315.jpg,1906.15,96319145.69,1657
H:\核心存储\档案馆\木耳 20240425-20251129,20250510_205532.jpg,2377.22,96319145.69,1657
H:\核心存储\档案馆\木耳 20240425-20251129,20250510_205558.jpg,1998.1,96319145.69,1657
H:\核心存储\档案馆\木耳 20240425-20251129,20250511_032025.mp4,54282.49,96319145.69,1657
H:\核心存储\档案馆\木耳 20240425-20251129,20250511_111526.jpg,1922.3,96319145.69,1657
H:\核心存储\档案馆\木耳 20240425-20251129,20250511_111644.jpg,1704.42,96319145.69,1657
H:\核心存储\档案馆\木耳 20240425-20251129,20250511_162418.jpg,2058.9,96319145.69,1657
H:\核心存储\档案馆\木耳 20240425-20251129,20250511_193830.jpg,2416.24,96319145.69,1657
H:\核心存储\档案馆\木耳 20240425-20251129,20250512_133529.jpg,2339.09,96319145.69,1657
H:\核心存储\档案馆\木耳 20240425-20251129,20250512_231245.jpg,1942.67,96319145.69,1657
H:\核心存储\档案馆\木耳 20240425-20251129,20250513_013445.jpg,2144.74,96319145.69,1657
H:\核心存储\档案馆\木耳 20240425-20251129,20250513_150812.jpg,1934.78,96319145.69,1657
H:\核心存储\档案馆\木耳 20240425-20251129,20250513_150936.jpg,2092.84,96319145.69,1657
H:\核心存储\档案馆\木耳 20240425-20251129,20250513_170517.jpg,2496.74,96319145.69,1657
H:\核心存储\档案馆\木耳 20240425-20251129,20250514_021620.mp4,75309.22,96319145.69,1657
H:\核心存储\档案馆\木耳 20240425-20251129,20250514_102107.jpg,2058.33,96319145.69,1657
H:\核心存储\档案馆\木耳 20240425-20251129,20250515_012035.jpg,1936.25,96319145.69,1657
H:\核心存储\档案馆\木耳 20240425-20251129,20250515_015546.jpg,2821.38,96319145.69,1657
H:\核心存储\档案馆\木耳 20240425-20251129,20250515_042209.jpg,2677.6,96319145.69,1657
H:\核心存储\档案馆\木耳 20240425-20251129,20250515_042235.jpg,1798.62,96319145.69,1657
H:\核心存储\档案馆\木耳 20240425-20251129,20250515_045322.jpg,2560.97,96319145.69,1657
H:\核心存储\档案馆\木耳 20240425-20251129,20250515_045448.jpg,1118.21,96319145.69,1657
H:\核心存储\档案馆\木耳 20240425-20251129,20250515_045450.jpg,1117.62,96319145.69,1657
H:\核心存储\档案馆\木耳 20240425-20251129,20250517_003410.mp4,18433.61,96319145.69,1657
H:\核心存储\档案馆\木耳 20240425-20251129,20250517_004754.mp4,26630.56,96319145.69,1657
H:\核心存储\档案馆\木耳 20240425-20251129,20250517_124354.mp4,53976.79,96319145.69,1657
H:\核心存储\档案馆\木耳 20240425-20251129,20250518_233604.mp4,15379.45,96319145.69,1657
H:\核心存储\档案馆\木耳 20240425-20251129,20250519_150423.jpg,1896.37,96319145.69,1657
H:\核心存储\档案馆\木耳 20240425-20251129,20250519_150439.mp4,77236.03,96319145.69,1657
H:\核心存储\档案馆\木耳 20240425-20251129,20250520_000318.jpg,1857.24,96319145.69,1657
H:\核心存储\档案馆\木耳 20240425-20251129,20250520_000403.jpg,1970.78,96319145.69,1657
H:\核心存储\档案馆\木耳 20240425-20251129,20250520_000417.jpg,2045.39,96319145.69,1657
H:\核心存储\档案馆\木耳 20240425-20251129,20250520_000423.jpg,2060.55,96319145.69,1657
H:\核心存储\档案馆\木耳 20240425-20251129,20250520_154509.jpg,2395.87,96319145.69,1657
H:\核心存储\档案馆\木耳 20240425-20251129,20250520_163035.jpg,1980.46,96319145.69,1657
H:\核心存储\档案馆\木耳 20240425-20251129,20250521_000543.jpg,1933.53,96319145.69,1657
H:\核心存储\档案馆\木耳 20240425-20251129,20250522_053246.jpg,2319.12,96319145.69,1657
H:\核心存储\档案馆\木耳 20240425-20251129,20250522_054101.jpg,2287.43,96319145.69,1657
H:\核心存储\档案馆\木耳 20240425-20251129,20250524_133836.jpg,2258.59,96319145.69,1657
H:\核心存储\档案馆\木耳 20240425-20251129,20250524_133859.mp4,43594.05,96319145.69,1657
H:\核心存储\档案馆\木耳 20240425-20251129,20250524_134001.jpg,2251.07,96319145.69,1657
H:\核心存储\档案馆\木耳 20240425-20251129,20250524_145217.jpg,2304.48,96319145.69,1657
H:\核心存储\档案馆\木耳 20240425-20251129,20250524_145442.mp4,21897.88,96319145.69,1657
H:\核心存储\档案馆\木耳 20240425-20251129,20250525_004811.jpg,1944.62,96319145.69,1657
H:\核心存储\档案馆\木耳 20240425-20251129,20250525_072232.jpg,2631.07,96319145.69,1657
H:\核心存储\档案馆\木耳 20240425-20251129,20250525_072248.jpg,2946.09,96319145.69,1657
H:\核心存储\档案馆\木耳 20240425-20251129,20250525_155656.jpg,2480.2,96319145.69,1657
H:\核心存储\档案馆\木耳 20240425-20251129,20250525_155736.jpg,2133.48,96319145.69,1657
H:\核心存储\档案馆\木耳 20240425-20251129,20250525_155747.jpg,2379.32,96319145.69,1657
H:\核心存储\档案馆\木耳 20240425-20251129,20250525_155805.mp4,30966.2,96319145.69,1657
H:\核心存储\档案馆\木耳 20240425-20251129,20250526_002457.mp4,49949.8,96319145.69,1657
H:\核心存储\档案馆\木耳 20240425-20251129,20250526_002555.jpg,1338.41,96319145.69,1657
H:\核心存储\档案馆\木耳 20240425-20251129,20250527_145206.jpg,1961.2,96319145.69,1657
H:\核心存储\档案馆\木耳 20240425-20251129,20250527_145246.jpg,1746.31,96319145.69,1657
H:\核心存储\档案馆\木耳 20240425-20251129,20250530_160514.mp4,50173.07,96319145.69,1657
H:\核心存储\档案馆\木耳 20240425-20251129,20250531_070557.jpg,2055.09,96319145.69,1657
H:\核心存储\档案馆\木耳 20240425-20251129,20250531_070639.jpg,2144.58,96319145.69,1657
H:\核心存储\档案馆\木耳 20240425-20251129,20250531_200702.mp4,43279.95,96319145.69,1657
H:\核心存储\档案馆\木耳 20240425-20251129,20250604_002512.jpg,2687.84,96319145.69,1657
H:\核心存储\档案馆\木耳 20240425-20251129,20250604_002519.mp4,40713.91,96319145.69,1657
H:\核心存储\档案馆\木耳 20240425-20251129,20250606_000224.mp4,51711.25,96319145.69,1657
H:\核心存储\档案馆\木耳 20240425-20251129,20250609_132854.jpg,2413.17,96319145.69,1657
H:\核心存储\档案馆\木耳 20240425-20251129,20250609_231322.mp4,31047.92,96319145.69,1657
H:\核心存储\档案馆\木耳 20240425-20251129,20250609_231539.jpg,2936.33,96319145.69,1657
H:\核心存储\档案馆\木耳 20240425-20251129,20250609_231744.mp4,36356.93,96319145.69,1657
H:\核心存储\档案馆\木耳 20240425-20251129,20250619_132453.jpg,2764.25,96319145.69,1657
H:\核心存储\档案馆\木耳 20240425-20251129,20250628_190106.jpg,2073.39,96319145.69,1657
H:\核心存储\档案馆\木耳 20240425-20251129,20250628_190132.jpg,2397.03,96319145.69,1657
H:\核心存储\档案馆\木耳 20240425-20251129,20250628_190205.jpg,2479.15,96319145.69,1657
H:\核心存储\档案馆\木耳 20240425-20251129,20250713_034549.jpg,1759.82,96319145.69,1657
H:\核心存储\档案馆\木耳 20240425-20251129,20250713_034617.jpg,1892.53,96319145.69,1657
H:\核心存储\档案馆\木耳 20240425-20251129,20250713_034624.jpg,1738.76,96319145.69,1657
H:\核心存储\档案馆\木耳 20240425-20251129,20250713_034630.jpg,1838.09,96319145.69,1657
H:\核心存储\档案馆\木耳 20240425-20251129,20250717_141348.mp4,59070.34,96319145.69,1657
H:\核心存储\档案馆\木耳 20240425-20251129,20250717_162346.jpg,2054.21,96319145.69,1657
H:\核心存储\档案馆\木耳 20240425-20251129,20250717_164853.jpg,2427.0,96319145.69,1657
H:\核心存储\档案馆\木耳 20240425-20251129,20250724_072511.jpg,2347.94,96319145.69,1657
H:\核心存储\档案馆\木耳 20240425-20251129,20250724_072703.jpg,2523.94,96319145.69,1657
H:\核心存储\档案馆\木耳 20240425-20251129,20250724_072730.jpg,2248.96,96319145.69,1657
H:\核心存储\档案馆\木耳 20240425-20251129,20250724_072824.jpg,2569.46,96319145.69,1657
H:\核心存储\档案馆\木耳 20240425-20251129,20250725_123702.jpg,2112.12,96319145.69,1657
H:\核心存储\档案馆\木耳 20240425-20251129,20250725_123741.jpg,2590.21,96319145.69,1657
H:\核心存储\档案馆\木耳 20240425-20251129,20250725_123813.jpg,2745.93,96319145.69,1657
H:\核心存储\档案馆\木耳 20240425-20251129,20250725_123826.jpg,2379.09,96319145.69,1657
H:\核心存储\档案馆\木耳 20240425-20251129,20250725_123855.jpg,2520.79,96319145.69,1657
H:\核心存储\档案馆\木耳 20240425-20251129,20250725_123903.jpg,2725.66,96319145.69,1657
H:\核心存储\档案馆\木耳 20240425-20251129,20250725_124001.jpg,2838.78,96319145.69,1657
H:\核心存储\档案馆\木耳 20240425-20251129,20250725_124008.jpg,2949.96,96319145.69,1657
H:\核心存储\档案馆\木耳 20240425-20251129,20250726_003512.mp4,48207.85,96319145.69,1657
H:\核心存储\档案馆\木耳 20240425-20251129,20250726_003612.jpg,2569.55,96319145.69,1657
H:\核心存储\档案馆\木耳 20240425-20251129,20250726_003613.jpg,2745.2,96319145.69,1657
H:\核心存储\档案馆\木耳 20240425-20251129,20250726_003614.jpg,2301.36,96319145.69,1657
H:\核心存储\档案馆\木耳 20240425-20251129,20250726_003642.jpg,2485.27,96319145.69,1657
H:\核心存储\档案馆\木耳 20240425-20251129,20250726_003807.jpg,2443.33,96319145.69,1657
H:\核心存储\档案馆\木耳 20240425-20251129,20250726_003812.jpg,2294.8,96319145.69,1657
H:\核心存储\档案馆\木耳 20240425-20251129,20250727_111708.jpg,1944.59,96319145.69,1657
H:\核心存储\档案馆\木耳 20240425-20251129,20250801_090413.mp4,48635.67,96319145.69,1657
H:\核心存储\档案馆\木耳 20240425-20251129,20250803_120717.jpg,2279.67,96319145.69,1657
H:\核心存储\档案馆\木耳 20240425-20251129,20250803_120741.jpg,2711.18,96319145.69,1657
H:\核心存储\档案馆\木耳 20240425-20251129,20250803_120803.jpg,2393.28,96319145.69,1657
H:\核心存储\档案馆\木耳 20240425-20251129,20250803_120807.jpg,2359.25,96319145.69,1657
H:\核心存储\档案馆\木耳 20240425-20251129,20250805_092233.mp4,43609.05,96319145.69,1657
H:\核心存储\档案馆\木耳 20240425-20251129,20250805_092256.jpg,2351.09,96319145.69,1657
H:\核心存储\档案馆\木耳 20240425-20251129,20250805_092327.jpg,1995.54,96319145.69,1657
H:\核心存储\档案馆\木耳 20240425-20251129,20250807_001926.jpg,2303.11,96319145.69,1657
H:\核心存储\档案馆\木耳 20240425-20251129,20250807_001932.jpg,2529.89,96319145.69,1657
H:\核心存储\档案馆\木耳 20240425-20251129,20250811_144849.jpg,2035.19,96319145.69,1657
H:\核心存储\档案馆\木耳 20240425-20251129,20250812_121123.jpg,2526.8,96319145.69,1657
H:\核心存储\档案馆\木耳 20240425-20251129,20250812_121310.jpg,2164.98,96319145.69,1657
H:\核心存储\档案馆\木耳 20240425-20251129,20250812_165935.jpg,1998.5,96319145.69,1657
H:\核心存储\档案馆\木耳 20240425-20251129,20250812_165958.jpg,2461.39,96319145.69,1657
H:\核心存储\档案馆\木耳 20240425-20251129,20250821_003955.jpg,1998.16,96319145.69,1657
H:\核心存储\档案馆\木耳 20240425-20251129,20250902_164611.jpg,2323.01,96319145.69,1657
H:\核心存储\档案馆\木耳 20240425-20251129,20250902_164633.jpg,2574.2,96319145.69,1657
H:\核心存储\档案馆\木耳 20240425-20251129,20250903_081919.jpg,3084.56,96319145.69,1657
H:\核心存储\档案馆\木耳 20240425-20251129,20250903_081932.jpg,2736.15,96319145.69,1657
H:\核心存储\档案馆\木耳 20240425-20251129,20250907_155816.jpg,2218.35,96319145.69,1657
H:\核心存储\档案馆\木耳 20240425-20251129,20250907_170855.jpg,2333.54,96319145.69,1657
H:\核心存储\档案馆\木耳 20240425-20251129,20250910_080610.mp4,393314.69,96319145.69,1657
H:\核心存储\档案馆\木耳 20240425-20251129,20250910_080906.jpg,2383.19,96319145.69,1657
H:\核心存储\档案馆\木耳 20240425-20251129,20250910_080911.jpg,2440.57,96319145.69,1657
H:\核心存储\档案馆\木耳 20240425-20251129,20250910_101809.jpg,1502.17,96319145.69,1657
H:\核心存储\档案馆\木耳 20240425-20251129,20250910_102414.jpg,2220.54,96319145.69,1657
H:\核心存储\档案馆\木耳 20240425-20251129,20250910_102421.mp4,14724.03,96319145.69,1657
H:\核心存储\档案馆\木耳 20240425-20251129,20250910_102446.mp4,10371.45,96319145.69,1657
H:\核心存储\档案馆\木耳 20240425-20251129,20250910_102454.jpg,1906.09,96319145.69,1657
H:\核心存储\档案馆\木耳 20240425-20251129,20250910_123828.jpg,2285.26,96319145.69,1657
H:\核心存储\档案馆\木耳 20240425-20251129,20250910_235438.jpg,1537.4,96319145.69,1657
H:\核心存储\档案馆\木耳 20240425-20251129,20250911_135252.jpg,1849.16,96319145.69,1657
H:\核心存储\档案馆\木耳 20240425-20251129,20250911_161628.jpg,1396.06,96319145.69,1657
H:\核心存储\档案馆\木耳 20240425-20251129,20250911_173329.jpg,2555.68,96319145.69,1657
H:\核心存储\档案馆\木耳 20240425-20251129,20250912_233633.jpg,2218.53,96319145.69,1657
H:\核心存储\档案馆\木耳 20240425-20251129,20250912_233700.mp4,112269.92,96319145.69,1657
H:\核心存储\档案馆\木耳 20240425-20251129,20250913_093356.jpg,2114.55,96319145.69,1657
H:\核心存储\档案馆\木耳 20240425-20251129,20250913_105135.jpg,1678.3,96319145.69,1657
H:\核心存储\档案馆\木耳 20240425-20251129,20250913_105354.jpg,1802.61,96319145.69,1657
H:\核心存储\档案馆\木耳 20240425-20251129,20250913_105359.jpg,1616.01,96319145.69,1657
H:\核心存储\档案馆\木耳 20240425-20251129,20250913_234459.mp4,191906.61,96319145.69,1657
H:\核心存储\档案馆\木耳 20240425-20251129,20250913_234616.jpg,1903.46,96319145.69,1657
H:\核心存储\档案馆\木耳 20240425-20251129,20250913_234621.jpg,1469.19,96319145.69,1657
H:\核心存储\档案馆\木耳 20240425-20251129,20250913_235036.jpg,1912.64,96319145.69,1657
H:\核心存储\档案馆\木耳 20240425-20251129,20250915_020459.mp4,164542.73,96319145.69,1657
H:\核心存储\档案馆\木耳 20240425-20251129,20250917_123159.mp4,55666.29,96319145.69,1657
H:\核心存储\档案馆\木耳 20240425-20251129,20250918_121536.jpg,1036.96,96319145.69,1657
H:\核心存储\档案馆\木耳 20240425-20251129,20250918_121616.jpg,1348.68,96319145.69,1657
H:\核心存储\档案馆\木耳 20240425-20251129,20250918_121622.mp4,50344.98,96319145.69,1657
H:\核心存储\档案馆\木耳 20240425-20251129,20250926_044331.jpg,1948.45,96319145.69,1657
H:\核心存储\档案馆\木耳 20240425-20251129,20250926_044433.jpg,2174.91,96319145.69,1657
H:\核心存储\档案馆\木耳 20240425-20251129,20251001_041406.jpg,2342.52,96319145.69,1657
H:\核心存储\档案馆\木耳 20240425-20251129,20251001_041409.jpg,2494.83,96319145.69,1657
H:\核心存储\档案馆\木耳 20240425-20251129,20251001_041416.jpg,2517.12,96319145.69,1657
H:\核心存储\档案馆\木耳 20240425-20251129,20251001_041418.jpg,2295.76,96319145.69,1657
H:\核心存储\档案馆\木耳 20240425-20251129,20251001_041419.jpg,2396.09,96319145.69,1657
H:\核心存储\档案馆\木耳 20240425-20251129,20251001_041424.jpg,2112.2,96319145.69,1657
H:\核心存储\档案馆\木耳 20240425-20251129,20251001_232700.jpg,2537.75,96319145.69,1657
H:\核心存储\档案馆\木耳 20240425-20251129,20251001_232709.mp4,98959.6,96319145.69,1657
H:\核心存储\档案馆\木耳 20240425-20251129,20251002_130226.jpg,2504.73,96319145.69,1657
H:\核心存储\档案馆\木耳 20240425-20251129,20251002_130230.jpg,2371.65,96319145.69,1657
H:\核心存储\档案馆\木耳 20240425-20251129,20251002_230624.jpg,2118.35,96319145.69,1657
H:\核心存储\档案馆\木耳 20240425-20251129,20251002_230732.jpg,2126.7,96319145.69,1657
H:\核心存储\档案馆\木耳 20240425-20251129,20251002_233431.mp4,75919.52,96319145.69,1657
H:\核心存储\档案馆\木耳 20240425-20251129,20251002_233502.jpg,2389.22,96319145.69,1657
H:\核心存储\档案馆\木耳 20240425-20251129,20251009_011155.jpg,1608.32,96319145.69,1657
H:\核心存储\档案馆\木耳 20240425-20251129,20251010_115046.jpg,1842.24,96319145.69,1657
H:\核心存储\档案馆\木耳 20240425-20251129,20251010_115159.mp4,55385.23,96319145.69,1657
H:\核心存储\档案馆\木耳 20240425-20251129,20251012_230718.mp4,101264.74,96319145.69,1657
H:\核心存储\档案馆\木耳 20240425-20251129,20251014_230251.jpg,2354.72,96319145.69,1657
H:\核心存储\档案馆\木耳 20240425-20251129,20251014_230258.jpg,2401.91,96319145.69,1657
H:\核心存储\档案馆\木耳 20240425-20251129,20251025_115349.jpg,2310.22,96319145.69,1657
H:\核心存储\档案馆\木耳 20240425-20251129,20251025_115355.jpg,2373.51,96319145.69,1657
H:\核心存储\档案馆\木耳 20240425-20251129,20251025_115502.jpg,2375.7,96319145.69,1657
H:\核心存储\档案馆\木耳 20240425-20251129,20251025_115511.jpg,2705.33,96319145.69,1657
H:\核心存储\档案馆\木耳 20240425-20251129,20251025_115606.jpg,2638.75,96319145.69,1657
H:\核心存储\档案馆\木耳 20240425-20251129,20251025_115608.jpg,2967.61,96319145.69,1657
H:\核心存储\档案馆\木耳 20240425-20251129,20251025_115611.jpg,2432.94,96319145.69,1657
H:\核心存储\档案馆\木耳 20240425-20251129,20251025_115634.mp4,267504.27,96319145.69,1657
H:\核心存储\档案馆\木耳 20240425-20251129,20251027_110215.jpg,1937.54,96319145.69,1657
H:\核心存储\档案馆\木耳 20240425-20251129,20251027_110224.mp4,221057.61,96319145.69,1657
H:\核心存储\档案馆\木耳 20240425-20251129,20251027_113423.jpg,2331.01,96319145.69,1657
H:\核心存储\档案馆\木耳 20240425-20251129,20251027_113526.mp4,43798.35,96319145.69,1657
H:\核心存储\档案馆\木耳 20240425-20251129,20251028_094653.mp4,324160.72,96319145.69,1657
H:\核心存储\档案馆\木耳 20240425-20251129,20251029_175233.jpg,2205.01,96319145.69,1657
H:\核心存储\档案馆\木耳 20240425-20251129,20251029_175300.jpg,1764.76,96319145.69,1657
H:\核心存储\档案馆\木耳 20240425-20251129,20251029_175450.jpg,2239.39,96319145.69,1657
H:\核心存储\档案馆\木耳 20240425-20251129,20251029_175455.jpg,2174.45,96319145.69,1657
H:\核心存储\档案馆\木耳 20240425-20251129,20251029_175508.jpg,2072.83,96319145.69,1657
H:\核心存储\档案馆\木耳 20240425-20251129,20251029_175544.jpg,2242.41,96319145.69,1657
H:\核心存储\档案馆\木耳 20240425-20251129,20251102_123251.jpg,2562.1,96319145.69,1657
H:\核心存储\档案馆\木耳 20240425-20251129,20251102_123256.mp4,340070.62,96319145.69,1657
H:\核心存储\档案馆\木耳 20240425-20251129,20251102_124719.jpg,2260.78,96319145.69,1657
H:\核心存储\档案馆\木耳 20240425-20251129,20251102_124722.mp4,66635.98,96319145.69,1657
H:\核心存储\档案馆\木耳 20240425-20251129,20251102_230953.mp4,147370.9,96319145.69,1657
H:\核心存储\档案馆\木耳 20240425-20251129,20251104_143724.mp4,451900.03,96319145.69,1657
H:\核心存储\档案馆\木耳 20240425-20251129,20251104_144025.jpg,2475.84,96319145.69,1657
H:\核心存储\档案馆\木耳 20240425-20251129,20251104_144048.jpg,2514.1,96319145.69,1657
H:\核心存储\档案馆\木耳 20240425-20251129,20251104_144052.mp4,609435.83,96319145.69,1657
H:\核心存储\档案馆\木耳 20240425-20251129,20251105_184850.jpg,2689.81,96319145.69,1657
H:\核心存储\档案馆\木耳 20240425-20251129,20251110_225303.jpg,2853.92,96319145.69,1657
H:\核心存储\档案馆\木耳 20240425-20251129,20251110_225445.jpg,1953.93,96319145.69,1657
H:\核心存储\档案馆\木耳 20240425-20251129,20251110_225449.jpg,1885.2,96319145.69,1657
H:\核心存储\档案馆\木耳 20240425-20251129,20251110_225541.jpg,1643.36,96319145.69,1657
H:\核心存储\档案馆\木耳 20240425-20251129,20251112_122555.jpg,1875.64,96319145.69,1657
H:\核心存储\档案馆\木耳 20240425-20251129,20251112_150748.jpg,2185.07,96319145.69,1657
H:\核心存储\档案馆\木耳 20240425-20251129,20251112_151033.jpg,1889.66,96319145.69,1657
H:\核心存储\档案馆\木耳 20240425-20251129,20251112_151119.mp4,140563.3,96319145.69,1657
H:\核心存储\档案馆\木耳 20240425-20251129,20251113_005620.jpg,2152.38,96319145.69,1657
H:\核心存储\档案馆\木耳 20240425-20251129,20251113_005650.jpg,2682.12,96319145.69,1657
H:\核心存储\档案馆\木耳 20240425-20251129,20251117_172031.jpg,2302.77,96319145.69,1657
H:\核心存储\档案馆\木耳 20240425-20251129,20251117_172204.jpg,2171.71,96319145.69,1657
H:\核心存储\档案馆\木耳 20240425-20251129,20251120_014148.jpg,1889.55,96319145.69,1657
H:\核心存储\档案馆\木耳 20240425-20251129,20251120_014500.jpg,2328.44,96319145.69,1657
H:\核心存储\档案馆\木耳 20240425-20251129,20251120_014509.mp4,186152.56,96319145.69,1657
H:\核心存储\档案馆\木耳 20240425-20251129,20251121_121608.jpg,1230.48,96319145.69,1657
H:\核心存储\档案馆\木耳 20240425-20251129,20251121_121616.jpg,1414.46,96319145.69,1657
H:\核心存储\档案馆\木耳 20240425-20251129,20251121_121621.mp4,472095.59,96319145.69,1657
H:\核心存储\档案馆\木耳 20240425-20251129,20251126_160623.jpg,2334.75,96319145.69,1657
H:\核心存储\档案馆\木耳 20240425-20251129,20251126_160737.mp4,2311107.74,96319145.69,1657
H:\核心存储\档案馆\木耳 20240425-20251129,20251127_003134.mp4,479222.02,96319145.69,1657
H:\核心存储\档案馆\木耳 20240425-20251129,20251128_232410.jpg,2080.38,96319145.69,1657
H:\核心存储\档案馆\木耳 20240425-20251129,20251128_232443.mp4,33064.4,96319145.69,1657
H:\核心存储\档案馆\木耳 20240425-20251129,20251128_232555.mp4,111680.39,96319145.69,1657
H:\核心存储\档案馆\木耳 20240425-20251129,20251128_233248.mp4,137923.16,96319145.69,1657
H:\核心存储\档案馆\木耳 20240425-20251129,20251128_233900.mp4,159363.04,96319145.69,1657
H:\核心存储\档案馆\木耳 20240425-20251129,20251128_235209.jpg,2371.27,96319145.69,1657
H:\核心存储\档案馆\木耳 20240425-20251129,20251128_235211.mp4,100655.21,96319145.69,1657
H:\核心存储\档案馆\木耳 20240425-20251129,20251129_051216.mp4,570344.21,96319145.69,1657
H:\核心存储\档案馆\木耳 20240425-20251129,20251129_051949.jpg,1888.49,96319145.69,1657
H:\核心存储\档案馆\木耳 20240425-20251129,20251129_052220.jpg,2118.42,96319145.69,1657
H:\核心存储\档案馆\木耳 20240425-20251129,20251129_052228.mp4,371029.77,96319145.69,1657
H:\核心存储\档案馆\木耳 20240425-20251129,20251129_053610.jpg,2248.24,96319145.69,1657
H:\核心存储\档案馆\木耳 20240425-20251129,20251129_053650.jpg,2359.07,96319145.69,1657
H:\核心存储\档案馆\木耳 20240425-20251129,20251129_053704.jpg,2183.08,96319145.69,1657
H:\核心存储\档案馆\木耳 20240425-20251129,20251129_072940.jpg,2201.25,96319145.69,1657
H:\核心存储\档案馆\木耳 20240425-20251129,20251129_073003.jpg,2259.91,96319145.69,1657
H:\核心存储\档案馆\木耳 20240425-20251129,20251129_073023.jpg,2156.95,96319145.69,1657
H:\核心存储\档案馆\木耳 20240425-20251129,20251129_073145.jpg,1786.62,96319145.69,1657
H:\核心存储\档案馆\木耳 20240425-20251129,20251129_083538.jpg,2149.01,96319145.69,1657
H:\核心存储\档案馆\木耳 20240425-20251129,20251129_083558.mp4,285797.58,96319145.69,1657
H:\核心存储\档案馆\木耳 20240425-20251129,20251129_083941.mp4,452768.01,96319145.69,1657
H:\核心存储\档案馆\木耳 20240425-20251129,20251129_084414.mp4,142079.35,96319145.69,1657
H:\核心存储\档案馆\木耳 20240425-20251129,20251129_084615.mp4,212434.28,96319145.69,1657
H:\核心存储\档案馆\木耳 20240425-20251129,20251129_085038.jpg,1969.02,96319145.69,1657
H:\核心存储\档案馆\木耳 20240425-20251129,20251129_085042.mp4,29107.64,96319145.69,1657
H:\核心存储\档案馆\木耳 20240425-20251129,20251129_090318.mp4,295981.19,96319145.69,1657
H:\核心存储\档案馆\木耳 20240425-20251129,20251129_093050.jpg,1571.77,96319145.69,1657
H:\核心存储\档案馆\木耳 20240425-20251129,20251129_100612.jpg,1733.97,96319145.69,1657
H:\核心存储\档案馆\木耳 20240425-20251129,20251129_100629.jpg,1577.7,96319145.69,1657
H:\核心存储\档案馆\木耳 20240425-20251129,20251129_101235.mp4,38887.6,96319145.69,1657
H:\核心存储\档案馆\木耳 20240425-20251129,20251129_101312.mp4,47726.38,96319145.69,1657
H:\核心存储\档案馆\木耳 20240425-20251129,20251129_101438.mp4,58288.69,96319145.69,1657
H:\核心存储\档案馆\木耳 20240425-20251129,20251129_101836.mp4,56977.74,96319145.69,1657
H:\核心存储\档案馆\木耳 20240425-20251129,20251129_102249.mp4,72930.05,96319145.69,1657
H:\核心存储\档案馆\木耳 20240425-20251129,20251129_104248.jpg,1852.19,96319145.69,1657
H:\核心存储\档案馆\木耳 20240425-20251129,20251129_104410.mp4,85098.31,96319145.69,1657
H:\核心存储\档案馆\木耳 20240425-20251129,20251129_104501.jpg,1812.18,96319145.69,1657
H:\核心存储\档案馆\木耳 20240425-20251129,20251129_114726.jpg,1370.16,96319145.69,1657
H:\核心存储\档案馆\木耳 20240425-20251129,20251129_114814.jpg,1642.11,96319145.69,1657
H:\核心存储\档案馆\木耳 20240425-20251129,20251129_115022.jpg,1829.48,96319145.69,1657
H:\核心存储\档案馆\木耳 20240425-20251129,20251129_115127.jpg,1701.19,96319145.69,1657
H:\核心存储\档案馆\木耳 20240425-20251129,20251129_115133.jpg,2018.33,96319145.69,1657
H:\核心存储\档案馆\木耳 20240425-20251129,IMG_20240425_213142.jpg,1298.0,96319145.69,1657
H:\核心存储\档案馆\木耳 20240425-20251129,IMG_20240427_144343.jpg,2591.23,96319145.69,1657
H:\核心存储\档案馆\木耳 20240425-20251129,IMG_20240427_144352.jpg,2247.2,96319145.69,1657
H:\核心存储\档案馆\木耳 20240425-20251129,IMG_20240427_144418.jpg,2724.61,96319145.69,1657
H:\核心存储\档案馆\木耳 20240425-20251129,IMG_20240427_202338.jpg,3529.52,96319145.69,1657
H:\核心存储\档案馆\木耳 20240425-20251129,IMG_20240427_204218.jpg,2466.6,96319145.69,1657
H:\核心存储\档案馆\木耳 20240425-20251129,IMG_20240427_224723.jpg,3439.43,96319145.69,1657
H:\核心存储\档案馆\木耳 20240425-20251129,IMG_20240428_201551.jpg,2855.07,96319145.69,1657
H:\核心存储\档案馆\木耳 20240425-20251129,IMG_20240429_005500.jpg,3862.73,96319145.69,1657
H:\核心存储\档案馆\木耳 20240425-20251129,IMG_20240429_005524.jpg,3180.66,96319145.69,1657
H:\核心存储\档案馆\木耳 20240425-20251129,IMG_20240429_005600.jpg,2542.78,96319145.69,1657
H:\核心存储\档案馆\木耳 20240425-20251129,IMG_20240429_005625.jpg,2834.1,96319145.69,1657
H:\核心存储\档案馆\木耳 20240425-20251129,IMG_20240429_005741.jpg,3073.88,96319145.69,1657
H:\核心存储\档案馆\木耳 20240425-20251129,IMG_20240429_042909.jpg,2562.33,96319145.69,1657
H:\核心存储\档案馆\木耳 20240425-20251129,IMG_20240429_043114.jpg,2237.23,96319145.69,1657
H:\核心存储\档案馆\木耳 20240425-20251129,IMG_20240429_232023.jpg,2552.65,96319145.69,1657
H:\核心存储\档案馆\木耳 20240425-20251129,IMG_20240430_010716.jpg,1234.02,96319145.69,1657
H:\核心存储\档案馆\木耳 20240425-20251129,IMG_20240430_082236.jpg,2926.95,96319145.69,1657
H:\核心存储\档案馆\木耳 20240425-20251129,IMG_20240430_090743.jpg,2209.29,96319145.69,1657
H:\核心存储\档案馆\木耳 20240425-20251129,IMG_20240430_174739.jpg,1994.84,96319145.69,1657
H:\核心存储\档案馆\木耳 20240425-20251129,IMG_20240430_185407.jpg,2635.91,96319145.69,1657
H:\核心存储\档案馆\木耳 20240425-20251129,IMG_20240430_185454.jpg,2130.86,96319145.69,1657
H:\核心存储\档案馆\木耳 20240425-20251129,IMG_20240430_235556.jpg,3218.14,96319145.69,1657
H:\核心存储\档案馆\木耳 20240425-20251129,IMG_20240430_235657.jpg,2660.48,96319145.69,1657
H:\核心存储\档案馆\木耳 20240425-20251129,IMG_20240430_235704.jpg,2524.42,96319145.69,1657
H:\核心存储\档案馆\木耳 20240425-20251129,IMG_20240501_000756.jpg,2011.62,96319145.69,1657
H:\核心存储\档案馆\木耳 20240425-20251129,IMG_20240501_001151.jpg,2111.86,96319145.69,1657
H:\核心存储\档案馆\木耳 20240425-20251129,IMG_20240501_001625.jpg,1976.42,96319145.69,1657
H:\核心存储\档案馆\木耳 20240425-20251129,IMG_20240501_001831.jpg,2567.68,96319145.69,1657
H:\核心存储\档案馆\木耳 20240425-20251129,IMG_20240501_002120.jpg,2118.24,96319145.69,1657
H:\核心存储\档案馆\木耳 20240425-20251129,IMG_20240501_002224.jpg,2749.02,96319145.69,1657
H:\核心存储\档案馆\木耳 20240425-20251129,IMG_20240501_002254.jpg,1965.02,96319145.69,1657
H:\核心存储\档案馆\木耳 20240425-20251129,IMG_20240501_002501.jpg,2009.14,96319145.69,1657
H:\核心存储\档案馆\木耳 20240425-20251129,IMG_20240501_002639.jpg,2048.23,96319145.69,1657
H:\核心存储\档案馆\木耳 20240425-20251129,IMG_20240501_002742.jpg,2161.47,96319145.69,1657
H:\核心存储\档案馆\木耳 20240425-20251129,IMG_20240501_002755.jpg,2590.31,96319145.69,1657
H:\核心存储\档案馆\木耳 20240425-20251129,IMG_20240501_003103.jpg,2148.45,96319145.69,1657
H:\核心存储\档案馆\木耳 20240425-20251129,IMG_20240501_003134.jpg,2687.49,96319145.69,1657
H:\核心存储\档案馆\木耳 20240425-20251129,IMG_20240501_003601.jpg,2086.92,96319145.69,1657
H:\核心存储\档案馆\木耳 20240425-20251129,IMG_20240501_003620.jpg,2673.65,96319145.69,1657
H:\核心存储\档案馆\木耳 20240425-20251129,IMG_20240501_003846.jpg,2137.11,96319145.69,1657
H:\核心存储\档案馆\木耳 20240425-20251129,IMG_20240501_004343.jpg,2160.88,96319145.69,1657
H:\核心存储\档案馆\木耳 20240425-20251129,IMG_20240501_004357.jpg,3034.5,96319145.69,1657
H:\核心存储\档案馆\木耳 20240425-20251129,IMG_20240501_004456.jpg,2180.44,96319145.69,1657
H:\核心存储\档案馆\木耳 20240425-20251129,IMG_20240501_004504.jpg,2102.6,96319145.69,1657
H:\核心存储\档案馆\木耳 20240425-20251129,IMG_20240501_005058.jpg,2209.09,96319145.69,1657
H:\核心存储\档案馆\木耳 20240425-20251129,IMG_20240501_005442.jpg,3072.12,96319145.69,1657
H:\核心存储\档案馆\木耳 20240425-20251129,IMG_20240501_013015.jpg,2010.91,96319145.69,1657
H:\核心存储\档案馆\木耳 20240425-20251129,IMG_20240501_023841.jpg,3184.26,96319145.69,1657
H:\核心存储\档案馆\木耳 20240425-20251129,IMG_20240501_023912.jpg,3458.76,96319145.69,1657
H:\核心存储\档案馆\木耳 20240425-20251129,IMG_20240501_024258.jpg,2670.66,96319145.69,1657
H:\核心存储\档案馆\木耳 20240425-20251129,IMG_20240501_024440.jpg,2109.33,96319145.69,1657
H:\核心存储\档案馆\木耳 20240425-20251129,IMG_20240501_024516.jpg,1831.1,96319145.69,1657
H:\核心存储\档案馆\木耳 20240425-20251129,IMG_20240501_024740.jpg,2181.35,96319145.69,1657
H:\核心存储\档案馆\木耳 20240425-20251129,IMG_20240501_061743.jpg,2464.09,96319145.69,1657
H:\核心存储\档案馆\木耳 20240425-20251129,IMG_20240501_061956.jpg,2961.96,96319145.69,1657
H:\核心存储\档案馆\木耳 20240425-20251129,IMG_20240501_090505.jpg,2300.16,96319145.69,1657
H:\核心存储\档案馆\木耳 20240425-20251129,IMG_20240501_090527.jpg,2441.46,96319145.69,1657
H:\核心存储\档案馆\木耳 20240425-20251129,IMG_20240501_091733.jpg,1950.8,96319145.69,1657
H:\核心存储\档案馆\木耳 20240425-20251129,IMG_20240501_103721.jpg,2274.15,96319145.69,1657
H:\核心存储\档案馆\木耳 20240425-20251129,IMG_20240501_225148.jpg,2445.0,96319145.69,1657
H:\核心存储\档案馆\木耳 20240425-20251129,IMG_20240501_225424.jpg,2368.62,96319145.69,1657
H:\核心存储\档案馆\木耳 20240425-20251129,IMG_20240501_230217.jpg,2102.98,96319145.69,1657
H:\核心存储\档案馆\木耳 20240425-20251129,IMG_20240502_061310.jpg,2744.34,96319145.69,1657
H:\核心存储\档案馆\木耳 20240425-20251129,IMG_20240502_072522.jpg,2111.45,96319145.69,1657
H:\核心存储\档案馆\木耳 20240425-20251129,IMG_20240502_072531.jpg,2127.11,96319145.69,1657
H:\核心存储\档案馆\木耳 20240425-20251129,IMG_20240504_071724.jpg,1736.54,96319145.69,1657
H:\核心存储\档案馆\木耳 20240425-20251129,IMG_20240504_072011.jpg,1910.09,96319145.69,1657
H:\核心存储\档案馆\木耳 20240425-20251129,IMG_20240504_072714.jpg,2634.63,96319145.69,1657
H:\核心存储\档案馆\木耳 20240425-20251129,IMG_20240504_073504.jpg,2705.88,96319145.69,1657
H:\核心存储\档案馆\木耳 20240425-20251129,IMG_20240504_074224.jpg,1883.83,96319145.69,1657
H:\核心存储\档案馆\木耳 20240425-20251129,IMG_20240504_075636.jpg,2335.89,96319145.69,1657
H:\核心存储\档案馆\木耳 20240425-20251129,IMG_20240504_080135.jpg,2479.85,96319145.69,1657
H:\核心存储\档案馆\木耳 20240425-20251129,IMG_20240504_080355.jpg,2424.19,96319145.69,1657
H:\核心存储\档案馆\木耳 20240425-20251129,IMG_20240504_080425.jpg,2756.15,96319145.69,1657
H:\核心存储\档案馆\木耳 20240425-20251129,IMG_20240504_080551.jpg,3191.67,96319145.69,1657
H:\核心存储\档案馆\木耳 20240425-20251129,IMG_20240504_080907.jpg,2349.98,96319145.69,1657
H:\核心存储\档案馆\木耳 20240425-20251129,IMG_20240504_084109.jpg,3043.89,96319145.69,1657
H:\核心存储\档案馆\木耳 20240425-20251129,IMG_20240505_081705.jpg,3536.1,96319145.69,1657
H:\核心存储\档案馆\木耳 20240425-20251129,IMG_20240505_095912.jpg,2365.31,96319145.69,1657
H:\核心存储\档案馆\木耳 20240425-20251129,IMG_20240505_095924.jpg,2608.98,96319145.69,1657
H:\核心存储\档案馆\木耳 20240425-20251129,IMG_20240505_095934.jpg,2802.22,96319145.69,1657
H:\核心存储\档案馆\木耳 20240425-20251129,IMG_20240505_100025.jpg,2131.46,96319145.69,1657
H:\核心存储\档案馆\木耳 20240425-20251129,IMG_20240505_100032.jpg,2571.35,96319145.69,1657
H:\核心存储\档案馆\木耳 20240425-20251129,IMG_20240505_100047.jpg,2174.43,96319145.69,1657
H:\核心存储\档案馆\木耳 20240425-20251129,IMG_20240505_100441.jpg,2276.9,96319145.69,1657
H:\核心存储\档案馆\木耳 20240425-20251129,IMG_20240506_061643.jpg,2797.63,96319145.69,1657
H:\核心存储\档案馆\木耳 20240425-20251129,IMG_20240507_192331.jpg,2563.19,96319145.69,1657
H:\核心存储\档案馆\木耳 20240425-20251129,IMG_20240507_212650.jpg,2715.46,96319145.69,1657
H:\核心存储\档案馆\木耳 20240425-20251129,IMG_20240507_212715.jpg,2657.83,96319145.69,1657
H:\核心存储\档案馆\木耳 20240425-20251129,IMG_20240507_215556.jpg,3361.61,96319145.69,1657
H:\核心存储\档案馆\木耳 20240425-20251129,IMG_20240508_072929.jpg,2643.63,96319145.69,1657
H:\核心存储\档案馆\木耳 20240425-20251129,IMG_20240508_073837.jpg,2251.35,96319145.69,1657
H:\核心存储\档案馆\木耳 20240425-20251129,IMG_20240508_180621.jpg,2883.1,96319145.69,1657
H:\核心存储\档案馆\木耳 20240425-20251129,IMG_20240508_181407.jpg,2620.33,96319145.69,1657
H:\核心存储\档案馆\木耳 20240425-20251129,IMG_20240508_183333.jpg,3263.61,96319145.69,1657
H:\核心存储\档案馆\木耳 20240425-20251129,IMG_20240509_020804_1.jpg,3207.6,96319145.69,1657
H:\核心存储\档案馆\木耳 20240425-20251129,IMG_20240509_082158.jpg,2350.65,96319145.69,1657
H:\核心存储\档案馆\木耳 20240425-20251129,IMG_20240509_082240.jpg,2240.23,96319145.69,1657
H:\核心存储\档案馆\木耳 20240425-20251129,IMG_20240509_082303.jpg,2065.07,96319145.69,1657
H:\核心存储\档案馆\木耳 20240425-20251129,IMG_20240509_082314.jpg,2323.87,96319145.69,1657
H:\核心存储\档案馆\木耳 20240425-20251129,IMG_20240509_082318.jpg,2241.14,96319145.69,1657
H:\核心存储\档案馆\木耳 20240425-20251129,IMG_20240509_083128.jpg,2325.8,96319145.69,1657
H:\核心存储\档案馆\木耳 20240425-20251129,IMG_20240509_090948.jpg,2293.0,96319145.69,1657
H:\核心存储\档案馆\木耳 20240425-20251129,IMG_20240509_090953.jpg,2441.2,96319145.69,1657
H:\核心存储\档案馆\木耳 20240425-20251129,IMG_20240509_100015.jpg,2434.32,96319145.69,1657
H:\核心存储\档案馆\木耳 20240425-20251129,IMG_20240509_100021.jpg,2411.17,96319145.69,1657
H:\核心存储\档案馆\木耳 20240425-20251129,IMG_20240509_104644.jpg,2723.98,96319145.69,1657
H:\核心存储\档案馆\木耳 20240425-20251129,IMG_20240509_120519.jpg,2414.04,96319145.69,1657
H:\核心存储\档案馆\木耳 20240425-20251129,IMG_20240509_120523.jpg,2346.64,96319145.69,1657
H:\核心存储\档案馆\木耳 20240425-20251129,IMG_20240509_120928.jpg,2361.34,96319145.69,1657
H:\核心存储\档案馆\木耳 20240425-20251129,IMG_20240509_171746.jpg,2338.05,96319145.69,1657
H:\核心存储\档案馆\木耳 20240425-20251129,IMG_20240509_185949.jpg,2487.15,96319145.69,1657
H:\核心存储\档案馆\木耳 20240425-20251129,IMG_20240509_190014.jpg,2525.43,96319145.69,1657
H:\核心存储\档案馆\木耳 20240425-20251129,IMG_20240509_191032.jpg,2616.39,96319145.69,1657
H:\核心存储\档案馆\木耳 20240425-20251129,IMG_20240509_191354.jpg,2580.42,96319145.69,1657
H:\核心存储\档案馆\木耳 20240425-20251129,IMG_20240509_191646.jpg,1836.03,96319145.69,1657
H:\核心存储\档案馆\木耳 20240425-20251129,IMG_20240509_215150.jpg,2567.98,96319145.69,1657
H:\核心存储\档案馆\木耳 20240425-20251129,IMG_20240510_132311.jpg,2253.12,96319145.69,1657
H:\核心存储\档案馆\木耳 20240425-20251129,IMG_20240510_132417.jpg,2380.63,96319145.69,1657
H:\核心存储\档案馆\木耳 20240425-20251129,IMG_20240510_132631.jpg,2876.67,96319145.69,1657
H:\核心存储\档案馆\木耳 20240425-20251129,IMG_20240510_132640.jpg,2308.8,96319145.69,1657
H:\核心存储\档案馆\木耳 20240425-20251129,IMG_20240510_132700.jpg,2472.84,96319145.69,1657
H:\核心存储\档案馆\木耳 20240425-20251129,IMG_20240510_132706.jpg,2603.23,96319145.69,1657
H:\核心存储\档案馆\木耳 20240425-20251129,IMG_20240510_132727.jpg,3367.67,96319145.69,1657
H:\核心存储\档案馆\木耳 20240425-20251129,IMG_20240510_152514.jpg,2882.57,96319145.69,1657
H:\核心存储\档案馆\木耳 20240425-20251129,IMG_20240510_152542.jpg,2538.53,96319145.69,1657
H:\核心存储\档案馆\木耳 20240425-20251129,IMG_20240510_171325.jpg,2675.64,96319145.69,1657
H:\核心存储\档案馆\木耳 20240425-20251129,IMG_20240510_194954.jpg,2809.91,96319145.69,1657
H:\核心存储\档案馆\木耳 20240425-20251129,IMG_20240511_060624.jpg,2379.24,96319145.69,1657
H:\核心存储\档案馆\木耳 20240425-20251129,IMG_20240511_060808.jpg,2796.27,96319145.69,1657
H:\核心存储\档案馆\木耳 20240425-20251129,IMG_20240511_060954.jpg,2399.84,96319145.69,1657
H:\核心存储\档案馆\木耳 20240425-20251129,IMG_20240511_061121.jpg,2140.72,96319145.69,1657
H:\核心存储\档案馆\木耳 20240425-20251129,IMG_20240511_072028.jpg,2432.75,96319145.69,1657
H:\核心存储\档案馆\木耳 20240425-20251129,IMG_20240511_072043.jpg,2476.31,96319145.69,1657
H:\核心存储\档案馆\木耳 20240425-20251129,IMG_20240511_072120.jpg,2878.76,96319145.69,1657
H:\核心存储\档案馆\木耳 20240425-20251129,IMG_20240511_113705.jpg,2499.19,96319145.69,1657
H:\核心存储\档案馆\木耳 20240425-20251129,IMG_20240511_153158.jpg,2715.62,96319145.69,1657
H:\核心存储\档案馆\木耳 20240425-20251129,IMG_20240511_153314.jpg,2168.87,96319145.69,1657
H:\核心存储\档案馆\木耳 20240425-20251129,IMG_20240511_153421.jpg,2588.42,96319145.69,1657
H:\核心存储\档案馆\木耳 20240425-20251129,IMG_20240511_153428.jpg,2666.82,96319145.69,1657
H:\核心存储\档案馆\木耳 20240425-20251129,IMG_20240511_153833.jpg,2150.12,96319145.69,1657
H:\核心存储\档案馆\木耳 20240425-20251129,IMG_20240511_173313.jpg,2489.99,96319145.69,1657
H:\核心存储\档案馆\木耳 20240425-20251129,IMG_20240511_180646.jpg,2309.49,96319145.69,1657
H:\核心存储\档案馆\木耳 20240425-20251129,IMG_20240511_180758.jpg,2798.25,96319145.69,1657
H:\核心存储\档案馆\木耳 20240425-20251129,IMG_20240511_191649.jpg,2362.15,96319145.69,1657
H:\核心存储\档案馆\木耳 20240425-20251129,IMG_20240511_191753.jpg,2752.84,96319145.69,1657
H:\核心存储\档案馆\木耳 20240425-20251129,IMG_20240511_191758.jpg,2757.44,96319145.69,1657
H:\核心存储\档案馆\木耳 20240425-20251129,IMG_20240511_191805.jpg,2662.82,96319145.69,1657
H:\核心存储\档案馆\木耳 20240425-20251129,IMG_20240511_191810.jpg,2795.12,96319145.69,1657
H:\核心存储\档案馆\木耳 20240425-20251129,IMG_20240511_192556.jpg,2490.28,96319145.69,1657
H:\核心存储\档案馆\木耳 20240425-20251129,IMG_20240511_193749.jpg,2670.18,96319145.69,1657
H:\核心存储\档案馆\木耳 20240425-20251129,IMG_20240511_201812.jpg,2558.17,96319145.69,1657
H:\核心存储\档案馆\木耳 20240425-20251129,IMG_20240512_071253.jpg,2764.73,96319145.69,1657
H:\核心存储\档案馆\木耳 20240425-20251129,IMG_20240512_071327.jpg,2593.34,96319145.69,1657
H:\核心存储\档案馆\木耳 20240425-20251129,IMG_20240512_090237.jpg,2969.55,96319145.69,1657
H:\核心存储\档案馆\木耳 20240425-20251129,IMG_20240512_090249.jpg,3258.8,96319145.69,1657
H:\核心存储\档案馆\木耳 20240425-20251129,IMG_20240512_090253.jpg,2525.25,96319145.69,1657
H:\核心存储\档案馆\木耳 20240425-20251129,IMG_20240512_090301.jpg,2562.83,96319145.69,1657
H:\核心存储\档案馆\木耳 20240425-20251129,IMG_20240512_092047.jpg,2395.49,96319145.69,1657
H:\核心存储\档案馆\木耳 20240425-20251129,IMG_20240512_092057.jpg,2344.05,96319145.69,1657
H:\核心存储\档案馆\木耳 20240425-20251129,IMG_20240512_100233.jpg,2708.77,96319145.69,1657
H:\核心存储\档案馆\木耳 20240425-20251129,IMG_20240512_100235.jpg,2634.51,96319145.69,1657
H:\核心存储\档案馆\木耳 20240425-20251129,IMG_20240512_100243.jpg,2647.74,96319145.69,1657
H:\核心存储\档案馆\木耳 20240425-20251129,IMG_20240512_101419.jpg,2319.18,96319145.69,1657
H:\核心存储\档案馆\木耳 20240425-20251129,IMG_20240512_133125.jpg,2222.42,96319145.69,1657
H:\核心存储\档案馆\木耳 20240425-20251129,IMG_20240512_133130.jpg,2187.01,96319145.69,1657
H:\核心存储\档案馆\木耳 20240425-20251129,IMG_20240512_164022.jpg,2522.46,96319145.69,1657
H:\核心存储\档案馆\木耳 20240425-20251129,IMG_20240512_180842.jpg,2424.77,96319145.69,1657
H:\核心存储\档案馆\木耳 20240425-20251129,IMG_20240512_181037.jpg,2137.67,96319145.69,1657
H:\核心存储\档案馆\木耳 20240425-20251129,IMG_20240512_181109.jpg,2396.87,96319145.69,1657
H:\核心存储\档案馆\木耳 20240425-20251129,IMG_20240512_181821.jpg,2101.55,96319145.69,1657
H:\核心存储\档案馆\木耳 20240425-20251129,IMG_20240512_181955.jpg,2097.19,96319145.69,1657
H:\核心存储\档案馆\木耳 20240425-20251129,IMG_20240512_182605.jpg,2563.99,96319145.69,1657
H:\核心存储\档案馆\木耳 20240425-20251129,IMG_20240513_072418.jpg,2100.95,96319145.69,1657
H:\核心存储\档案馆\木耳 20240425-20251129,IMG_20240513_184003.jpg,1926.83,96319145.69,1657
H:\核心存储\档案馆\木耳 20240425-20251129,IMG_20240513_184009.jpg,2029.13,96319145.69,1657
H:\核心存储\档案馆\木耳 20240425-20251129,IMG_20240513_210900.jpg,2757.5,96319145.69,1657
H:\核心存储\档案馆\木耳 20240425-20251129,IMG_20240513_210911.jpg,2574.67,96319145.69,1657
H:\核心存储\档案馆\木耳 20240425-20251129,IMG_20240513_210930.jpg,2785.03,96319145.69,1657
H:\核心存储\档案馆\木耳 20240425-20251129,IMG_20240514_093244.jpg,2844.73,96319145.69,1657
H:\核心存储\档案馆\木耳 20240425-20251129,IMG_20240514_093726.jpg,2579.01,96319145.69,1657
H:\核心存储\档案馆\木耳 20240425-20251129,IMG_20240514_094915.jpg,2911.58,96319145.69,1657
H:\核心存储\档案馆\木耳 20240425-20251129,IMG_20240514_134150.jpg,2330.27,96319145.69,1657
H:\核心存储\档案馆\木耳 20240425-20251129,IMG_20240514_162059.jpg,2506.55,96319145.69,1657
H:\核心存储\档案馆\木耳 20240425-20251129,IMG_20240514_182329.jpg,2432.53,96319145.69,1657
H:\核心存储\档案馆\木耳 20240425-20251129,IMG_20240515_090306.jpg,2637.94,96319145.69,1657
H:\核心存储\档案馆\木耳 20240425-20251129,IMG_20240515_173922.jpg,2232.37,96319145.69,1657
H:\核心存储\档案馆\木耳 20240425-20251129,IMG_20240515_173929.jpg,2392.83,96319145.69,1657
H:\核心存储\档案馆\木耳 20240425-20251129,IMG_20240515_182229.jpg,2768.58,96319145.69,1657
H:\核心存储\档案馆\木耳 20240425-20251129,IMG_20240515_185332.jpg,2687.14,96319145.69,1657
H:\核心存储\档案馆\木耳 20240425-20251129,IMG_20240515_185337.jpg,2802.8,96319145.69,1657
H:\核心存储\档案馆\木耳 20240425-20251129,IMG_20240515_185348.jpg,2691.66,96319145.69,1657
H:\核心存储\档案馆\木耳 20240425-20251129,IMG_20240515_185525.jpg,2516.13,96319145.69,1657
H:\核心存储\档案馆\木耳 20240425-20251129,IMG_20240515_185707.jpg,2657.91,96319145.69,1657
H:\核心存储\档案馆\木耳 20240425-20251129,IMG_20240515_192656.jpg,2499.92,96319145.69,1657
H:\核心存储\档案馆\木耳 20240425-20251129,IMG_20240515_193103.jpg,2697.69,96319145.69,1657
H:\核心存储\档案馆\木耳 20240425-20251129,IMG_20240516_102643.jpg,2445.42,96319145.69,1657
H:\核心存储\档案馆\木耳 20240425-20251129,IMG_20240516_104310.jpg,2313.43,96319145.69,1657
H:\核心存储\档案馆\木耳 20240425-20251129,IMG_20240516_175108.jpg,2924.92,96319145.69,1657
H:\核心存储\档案馆\木耳 20240425-20251129,IMG_20240517_095101.jpg,2707.33,96319145.69,1657
H:\核心存储\档案馆\木耳 20240425-20251129,IMG_20240517_095107.jpg,2087.87,96319145.69,1657
H:\核心存储\档案馆\木耳 20240425-20251129,IMG_20240517_095325.jpg,2644.63,96319145.69,1657
H:\核心存储\档案馆\木耳 20240425-20251129,IMG_20240517_095327.jpg,2143.68,96319145.69,1657
H:\核心存储\档案馆\木耳 20240425-20251129,IMG_20240517_095345.jpg,2249.84,96319145.69,1657
H:\核心存储\档案馆\木耳 20240425-20251129,IMG_20240517_131739.jpg,2598.46,96319145.69,1657
H:\核心存储\档案馆\木耳 20240425-20251129,IMG_20240517_132201.jpg,2235.02,96319145.69,1657
H:\核心存储\档案馆\木耳 20240425-20251129,IMG_20240517_132204.jpg,2241.45,96319145.69,1657
H:\核心存储\档案馆\木耳 20240425-20251129,IMG_20240517_132205.jpg,2253.02,96319145.69,1657
H:\核心存储\档案馆\木耳 20240425-20251129,IMG_20240517_172755.jpg,3382.05,96319145.69,1657
H:\核心存储\档案馆\木耳 20240425-20251129,IMG_20240517_175630.jpg,2212.02,96319145.69,1657
H:\核心存储\档案馆\木耳 20240425-20251129,IMG_20240517_180232.jpg,2435.16,96319145.69,1657
H:\核心存储\档案馆\木耳 20240425-20251129,IMG_20240517_182620.jpg,2320.02,96319145.69,1657
H:\核心存储\档案馆\木耳 20240425-20251129,IMG_20240517_182632.jpg,2391.88,96319145.69,1657
H:\核心存储\档案馆\木耳 20240425-20251129,IMG_20240517_224357.jpg,2512.14,96319145.69,1657
H:\核心存储\档案馆\木耳 20240425-20251129,IMG_20240517_224410.jpg,2626.59,96319145.69,1657
H:\核心存储\档案馆\木耳 20240425-20251129,IMG_20240517_224433.jpg,2631.69,96319145.69,1657
H:\核心存储\档案馆\木耳 20240425-20251129,IMG_20240517_225250.jpg,2836.23,96319145.69,1657
H:\核心存储\档案馆\木耳 20240425-20251129,IMG_20240517_225353.jpg,3080.89,96319145.69,1657
H:\核心存储\档案馆\木耳 20240425-20251129,IMG_20240517_225550.jpg,3056.05,96319145.69,1657
H:\核心存储\档案馆\木耳 20240425-20251129,IMG_20240517_225600.jpg,2994.22,96319145.69,1657
H:\核心存储\档案馆\木耳 20240425-20251129,IMG_20240517_225610.jpg,2947.32,96319145.69,1657
H:\核心存储\档案馆\木耳 20240425-20251129,IMG_20240517_225614.jpg,3112.68,96319145.69,1657
H:\核心存储\档案馆\木耳 20240425-20251129,IMG_20240517_225713.jpg,2852.14,96319145.69,1657
H:\核心存储\档案馆\木耳 20240425-20251129,IMG_20240517_225725.jpg,2352.79,96319145.69,1657
H:\核心存储\档案馆\木耳 20240425-20251129,IMG_20240517_230503.jpg,2453.74,96319145.69,1657
H:\核心存储\档案馆\木耳 20240425-20251129,IMG_20240517_230510.jpg,2668.64,96319145.69,1657
H:\核心存储\档案馆\木耳 20240425-20251129,IMG_20240517_230547.jpg,2226.86,96319145.69,1657
H:\核心存储\档案馆\木耳 20240425-20251129,IMG_20240517_230603.jpg,3391.62,96319145.69,1657
H:\核心存储\档案馆\木耳 20240425-20251129,IMG_20240518_154508.jpg,2332.74,96319145.69,1657
H:\核心存储\档案馆\木耳 20240425-20251129,IMG_20240518_154533.jpg,2721.19,96319145.69,1657
H:\核心存储\档案馆\木耳 20240425-20251129,IMG_20240518_154632.jpg,2256.71,96319145.69,1657
H:\核心存储\档案馆\木耳 20240425-20251129,IMG_20240518_154634.jpg,2290.31,96319145.69,1657
H:\核心存储\档案馆\木耳 20240425-20251129,IMG_20240518_154742.jpg,2035.25,96319145.69,1657
H:\核心存储\档案馆\木耳 20240425-20251129,IMG_20240518_154744.jpg,2212.91,96319145.69,1657
H:\核心存储\档案馆\木耳 20240425-20251129,IMG_20240518_154745.jpg,2189.34,96319145.69,1657
H:\核心存储\档案馆\木耳 20240425-20251129,IMG_20240518_154810.jpg,2419.65,96319145.69,1657
H:\核心存储\档案馆\木耳 20240425-20251129,IMG_20240518_155431.jpg,2407.64,96319145.69,1657
H:\核心存储\档案馆\木耳 20240425-20251129,IMG_20240518_181959.jpg,2342.04,96319145.69,1657
H:\核心存储\档案馆\木耳 20240425-20251129,IMG_20240518_182024.jpg,2484.78,96319145.69,1657
H:\核心存储\档案馆\木耳 20240425-20251129,IMG_20240518_182045.jpg,2236.27,96319145.69,1657
H:\核心存储\档案馆\木耳 20240425-20251129,IMG_20240518_182052.jpg,2196.71,96319145.69,1657
H:\核心存储\档案馆\木耳 20240425-20251129,IMG_20240518_182917.jpg,2275.22,96319145.69,1657
H:\核心存储\档案馆\木耳 20240425-20251129,IMG_20240518_182920.jpg,2198.4,96319145.69,1657
H:\核心存储\档案馆\木耳 20240425-20251129,IMG_20240518_182929.jpg,2071.09,96319145.69,1657
H:\核心存储\档案馆\木耳 20240425-20251129,IMG_20240518_183345.jpg,2343.88,96319145.69,1657
H:\核心存储\档案馆\木耳 20240425-20251129,IMG_20240518_183500.jpg,2213.47,96319145.69,1657
H:\核心存储\档案馆\木耳 20240425-20251129,IMG_20240518_184051.jpg,2648.53,96319145.69,1657
H:\核心存储\档案馆\木耳 20240425-20251129,IMG_20240518_190728.jpg,2831.94,96319145.69,1657
H:\核心存储\档案馆\木耳 20240425-20251129,IMG_20240518_191519.jpg,3231.19,96319145.69,1657
H:\核心存储\档案馆\木耳 20240425-20251129,IMG_20240518_192254.jpg,2983.39,96319145.69,1657
H:\核心存储\档案馆\木耳 20240425-20251129,IMG_20240518_193757.jpg,3011.75,96319145.69,1657
H:\核心存储\档案馆\木耳 20240425-20251129,IMG_20240518_194014.jpg,3042.58,96319145.69,1657
H:\核心存储\档案馆\木耳 20240425-20251129,IMG_20240518_205210.jpg,2644.76,96319145.69,1657
H:\核心存储\档案馆\木耳 20240425-20251129,IMG_20240519_155236.jpg,2693.83,96319145.69,1657
H:\核心存储\档案馆\木耳 20240425-20251129,IMG_20240519_155248.jpg,2721.02,96319145.69,1657
H:\核心存储\档案馆\木耳 20240425-20251129,IMG_20240519_200512.jpg,2426.04,96319145.69,1657
H:\核心存储\档案馆\木耳 20240425-20251129,IMG_20240519_200757.jpg,2515.15,96319145.69,1657
H:\核心存储\档案馆\木耳 20240425-20251129,IMG_20240519_200840.jpg,2712.3,96319145.69,1657
H:\核心存储\档案馆\木耳 20240425-20251129,IMG_20240520_112825.jpg,2445.06,96319145.69,1657
H:\核心存储\档案馆\木耳 20240425-20251129,IMG_20240520_112934.jpg,2748.62,96319145.69,1657
H:\核心存储\档案馆\木耳 20240425-20251129,IMG_20240520_113014.jpg,2498.96,96319145.69,1657
H:\核心存储\档案馆\木耳 20240425-20251129,IMG_20240520_204845.jpg,2649.63,96319145.69,1657
H:\核心存储\档案馆\木耳 20240425-20251129,IMG_20240520_204849.jpg,2884.29,96319145.69,1657
H:\核心存储\档案馆\木耳 20240425-20251129,IMG_20240520_212414.jpg,2581.26,96319145.69,1657
H:\核心存储\档案馆\木耳 20240425-20251129,IMG_20240520_212418.jpg,2759.05,96319145.69,1657
H:\核心存储\档案馆\木耳 20240425-20251129,IMG_20240520_220837.jpg,2573.16,96319145.69,1657
H:\核心存储\档案馆\木耳 20240425-20251129,IMG_20240521_110556.jpg,2795.13,96319145.69,1657
H:\核心存储\档案馆\木耳 20240425-20251129,IMG_20240521_110602.jpg,2349.69,96319145.69,1657
H:\核心存储\档案馆\木耳 20240425-20251129,IMG_20240521_110607.jpg,2413.63,96319145.69,1657
H:\核心存储\档案馆\木耳 20240425-20251129,IMG_20240522_124409.jpg,2597.94,96319145.69,1657
H:\核心存储\档案馆\木耳 20240425-20251129,IMG_20240522_125444.jpg,2997.61,96319145.69,1657
H:\核心存储\档案馆\木耳 20240425-20251129,IMG_20240522_125452.jpg,2853.42,96319145.69,1657
H:\核心存储\档案馆\木耳 20240425-20251129,IMG_20240522_125508.jpg,2819.48,96319145.69,1657
H:\核心存储\档案馆\木耳 20240425-20251129,IMG_20240522_125518.jpg,2820.44,96319145.69,1657
H:\核心存储\档案馆\木耳 20240425-20251129,IMG_20240522_125949.jpg,2500.01,96319145.69,1657
H:\核心存储\档案馆\木耳 20240425-20251129,IMG_20240522_153357.jpg,2586.05,96319145.69,1657
H:\核心存储\档案馆\木耳 20240425-20251129,IMG_20240526_110931.jpg,2579.18,96319145.69,1657
H:\核心存储\档案馆\木耳 20240425-20251129,IMG_20240526_111129.jpg,2087.48,96319145.69,1657
H:\核心存储\档案馆\木耳 20240425-20251129,IMG_20240526_111522.jpg,2533.21,96319145.69,1657
H:\核心存储\档案馆\木耳 20240425-20251129,IMG_20240526_181844.jpg,2751.62,96319145.69,1657
H:\核心存储\档案馆\木耳 20240425-20251129,IMG_20240527_065810.jpg,1902.53,96319145.69,1657
H:\核心存储\档案馆\木耳 20240425-20251129,IMG_20240527_065850.jpg,2772.94,96319145.69,1657
H:\核心存储\档案馆\木耳 20240425-20251129,IMG_20240527_065911.jpg,2718.22,96319145.69,1657
H:\核心存储\档案馆\木耳 20240425-20251129,IMG_20240527_070338.jpg,2346.82,96319145.69,1657
H:\核心存储\档案馆\木耳 20240425-20251129,IMG_20240528_194618.jpg,2458.04,96319145.69,1657
H:\核心存储\档案馆\木耳 20240425-20251129,IMG_20240528_194647.jpg,2433.5,96319145.69,1657
H:\核心存储\档案馆\木耳 20240425-20251129,IMG_20240528_195317.jpg,2371.96,96319145.69,1657
H:\核心存储\档案馆\木耳 20240425-20251129,IMG_20240528_195329.jpg,2190.14,96319145.69,1657
H:\核心存储\档案馆\木耳 20240425-20251129,IMG_20240528_195343.jpg,2401.14,96319145.69,1657
H:\核心存储\档案馆\木耳 20240425-20251129,IMG_20240531_132424.jpg,2313.66,96319145.69,1657
H:\核心存储\档案馆\木耳 20240425-20251129,IMG_20240602_203338.jpg,3901.54,96319145.69,1657
H:\核心存储\档案馆\木耳 20240425-20251129,IMG_20240603_230744.jpg,2933.67,96319145.69,1657
H:\核心存储\档案馆\木耳 20240425-20251129,IMG_20240604_195954.jpg,2292.13,96319145.69,1657
H:\核心存储\档案馆\木耳 20240425-20251129,IMG_20240608_100507.jpg,2944.49,96319145.69,1657
H:\核心存储\档案馆\木耳 20240425-20251129,IMG_20240608_100524.jpg,2637.69,96319145.69,1657
H:\核心存储\档案馆\木耳 20240425-20251129,IMG_20240608_100604.jpg,3496.22,96319145.69,1657
H:\核心存储\档案馆\木耳 20240425-20251129,IMG_20240608_131757.jpg,2861.76,96319145.69,1657
H:\核心存储\档案馆\木耳 20240425-20251129,IMG_20240608_160126.jpg,2989.51,96319145.69,1657
H:\核心存储\档案馆\木耳 20240425-20251129,IMG_20240608_160322.jpg,2648.14,96319145.69,1657
H:\核心存储\档案馆\木耳 20240425-20251129,IMG_20240608_160739.jpg,2536.6,96319145.69,1657
H:\核心存储\档案馆\木耳 20240425-20251129,IMG_20240608_160751.jpg,2390.91,96319145.69,1657
H:\核心存储\档案馆\木耳 20240425-20251129,IMG_20240608_190222.jpg,2211.56,96319145.69,1657
H:\核心存储\档案馆\木耳 20240425-20251129,IMG_20240609_104901.jpg,2642.83,96319145.69,1657
H:\核心存储\档案馆\木耳 20240425-20251129,IMG_20240609_174424.jpg,2653.76,96319145.69,1657
H:\核心存储\档案馆\木耳 20240425-20251129,IMG_20240609_182519.jpg,2630.44,96319145.69,1657
H:\核心存储\档案馆\木耳 20240425-20251129,IMG_20240609_182526.jpg,2375.78,96319145.69,1657
H:\核心存储\档案馆\木耳 20240425-20251129,IMG_20240610_124152.jpg,2622.95,96319145.69,1657
H:\核心存储\档案馆\木耳 20240425-20251129,IMG_20240610_152727.jpg,3059.13,96319145.69,1657
H:\核心存储\档案馆\木耳 20240425-20251129,IMG_20240610_152746.jpg,2973.92,96319145.69,1657
H:\核心存储\档案馆\木耳 20240425-20251129,IMG_20240610_153928.jpg,2308.47,96319145.69,1657
H:\核心存储\档案馆\木耳 20240425-20251129,IMG_20240610_154354.jpg,2658.21,96319145.69,1657
H:\核心存储\档案馆\木耳 20240425-20251129,IMG_20240610_172457.jpg,2370.66,96319145.69,1657
H:\核心存储\档案馆\木耳 20240425-20251129,IMG_20240611_082424.jpg,3404.89,96319145.69,1657
H:\核心存储\档案馆\木耳 20240425-20251129,IMG_20240611_082444.jpg,3349.41,96319145.69,1657
H:\核心存储\档案馆\木耳 20240425-20251129,IMG_20240611_082520.jpg,2072.02,96319145.69,1657
H:\核心存储\档案馆\木耳 20240425-20251129,IMG_20240611_085627.jpg,3231.13,96319145.69,1657
H:\核心存储\档案馆\木耳 20240425-20251129,IMG_20240611_085632.jpg,2915.3,96319145.69,1657
H:\核心存储\档案馆\木耳 20240425-20251129,IMG_20240611_085715.jpg,2617.12,96319145.69,1657
H:\核心存储\档案馆\木耳 20240425-20251129,IMG_20240611_124134.jpg,2571.21,96319145.69,1657
H:\核心存储\档案馆\木耳 20240425-20251129,IMG_20240611_124157.jpg,2432.74,96319145.69,1657
H:\核心存储\档案馆\木耳 20240425-20251129,IMG_20240611_133414.jpg,2425.04,96319145.69,1657
H:\核心存储\档案馆\木耳 20240425-20251129,IMG_20240611_133513.jpg,2202.26,96319145.69,1657
H:\核心存储\档案馆\木耳 20240425-20251129,IMG_20240611_133612.jpg,3238.05,96319145.69,1657
H:\核心存储\档案馆\木耳 20240425-20251129,IMG_20240611_133614.jpg,3336.95,96319145.69,1657
H:\核心存储\档案馆\木耳 20240425-20251129,IMG_20240611_222132.jpg,2824.39,96319145.69,1657
H:\核心存储\档案馆\木耳 20240425-20251129,IMG_20240611_222153.jpg,2624.52,96319145.69,1657
H:\核心存储\档案馆\木耳 20240425-20251129,IMG_20240611_232538.jpg,2742.19,96319145.69,1657
H:\核心存储\档案馆\木耳 20240425-20251129,IMG_20240611_234103.jpg,3334.5,96319145.69,1657
H:\核心存储\档案馆\木耳 20240425-20251129,IMG_20240612_131509.jpg,2829.4,96319145.69,1657
H:\核心存储\档案馆\木耳 20240425-20251129,IMG_20240612_131552.jpg,2615.08,96319145.69,1657
H:\核心存储\档案馆\木耳 20240425-20251129,IMG_20240612_134334.jpg,2390.5,96319145.69,1657
H:\核心存储\档案馆\木耳 20240425-20251129,IMG_20240612_134343.jpg,2219.73,96319145.69,1657
H:\核心存储\档案馆\木耳 20240425-20251129,IMG_20240612_134350.jpg,2249.57,96319145.69,1657
H:\核心存储\档案馆\木耳 20240425-20251129,IMG_20240613_125912.jpg,2261.37,96319145.69,1657
H:\核心存储\档案馆\木耳 20240425-20251129,IMG_20240613_130233.jpg,2818.94,96319145.69,1657
H:\核心存储\档案馆\木耳 20240425-20251129,IMG_20240613_230735.jpg,2704.08,96319145.69,1657
H:\核心存储\档案馆\木耳 20240425-20251129,IMG_20240613_230743.jpg,2892.76,96319145.69,1657
H:\核心存储\档案馆\木耳 20240425-20251129,IMG_20240614_073143.jpg,2905.2,96319145.69,1657
H:\核心存储\档案馆\木耳 20240425-20251129,IMG_20240614_073157.jpg,2767.46,96319145.69,1657
H:\核心存储\档案馆\木耳 20240425-20251129,IMG_20240614_073206.jpg,2866.65,96319145.69,1657
H:\核心存储\档案馆\木耳 20240425-20251129,IMG_20240614_124224.jpg,3025.2,96319145.69,1657
H:\核心存储\档案馆\木耳 20240425-20251129,IMG_20240615_084303.jpg,2903.48,96319145.69,1657
H:\核心存储\档案馆\木耳 20240425-20251129,IMG_20240615_152111.jpg,3119.36,96319145.69,1657
H:\核心存储\档案馆\木耳 20240425-20251129,IMG_20240615_152742.jpg,2695.44,96319145.69,1657
H:\核心存储\档案馆\木耳 20240425-20251129,IMG_20240615_184808.jpg,2689.04,96319145.69,1657
H:\核心存储\档案馆\木耳 20240425-20251129,IMG_20240615_200931.jpg,2999.16,96319145.69,1657
H:\核心存储\档案馆\木耳 20240425-20251129,IMG_20240615_200940.jpg,3080.28,96319145.69,1657
H:\核心存储\档案馆\木耳 20240425-20251129,IMG_20240615_201241.jpg,2969.98,96319145.69,1657
H:\核心存储\档案馆\木耳 20240425-20251129,IMG_20240615_234320.jpg,3163.7,96319145.69,1657
H:\核心存储\档案馆\木耳 20240425-20251129,IMG_20240616_190536.jpg,3032.79,96319145.69,1657
H:\核心存储\档案馆\木耳 20240425-20251129,IMG_20240616_190919.jpg,2853.02,96319145.69,1657
H:\核心存储\档案馆\木耳 20240425-20251129,IMG_20240616_191204.jpg,2757.26,96319145.69,1657
H:\核心存储\档案馆\木耳 20240425-20251129,IMG_20240617_215813.jpg,2715.14,96319145.69,1657
H:\核心存储\档案馆\木耳 20240425-20251129,IMG_20240617_215941.jpg,3252.81,96319145.69,1657
H:\核心存储\档案馆\木耳 20240425-20251129,IMG_20240618_002458.jpg,1598.72,96319145.69,1657
H:\核心存储\档案馆\木耳 20240425-20251129,IMG_20240618_205104.jpg,2250.3,96319145.69,1657
H:\核心存储\档案馆\木耳 20240425-20251129,IMG_20240619_020131.jpg,2811.62,96319145.69,1657
H:\核心存储\档案馆\木耳 20240425-20251129,IMG_20240619_020319.jpg,2999.1,96319145.69,1657
H:\核心存储\档案馆\木耳 20240425-20251129,IMG_20240619_020329.jpg,2870.04,96319145.69,1657
H:\核心存储\档案馆\木耳 20240425-20251129,IMG_20240619_202222.jpg,2357.7,96319145.69,1657
H:\核心存储\档案馆\木耳 20240425-20251129,IMG_20240619_202300.jpg,2911.42,96319145.69,1657
H:\核心存储\档案馆\木耳 20240425-20251129,IMG_20240619_202836.jpg,2422.49,96319145.69,1657
H:\核心存储\档案馆\木耳 20240425-20251129,IMG_20240619_202856.jpg,2478.72,96319145.69,1657
H:\核心存储\档案馆\木耳 20240425-20251129,IMG_20240619_202948.jpg,2292.09,96319145.69,1657
H:\核心存储\档案馆\木耳 20240425-20251129,IMG_20240620_010748.jpg,2796.93,96319145.69,1657
H:\核心存储\档案馆\木耳 20240425-20251129,IMG_20240620_011007.jpg,2983.92,96319145.69,1657
H:\核心存储\档案馆\木耳 20240425-20251129,IMG_20240621_194503.jpg,2790.18,96319145.69,1657
H:\核心存储\档案馆\木耳 20240425-20251129,IMG_20240622_000915.jpg,2897.44,96319145.69,1657
H:\核心存储\档案馆\木耳 20240425-20251129,IMG_20240622_000958.jpg,2843.72,96319145.69,1657
H:\核心存储\档案馆\木耳 20240425-20251129,IMG_20240622_001431.jpg,2605.35,96319145.69,1657
H:\核心存储\档案馆\木耳 20240425-20251129,IMG_20240622_001631.jpg,2711.3,96319145.69,1657
H:\核心存储\档案馆\木耳 20240425-20251129,IMG_20240622_215320.jpg,2736.97,96319145.69,1657
H:\核心存储\档案馆\木耳 20240425-20251129,IMG_20240622_215443.jpg,2671.09,96319145.69,1657
H:\核心存储\档案馆\木耳 20240425-20251129,IMG_20240624_221225.jpg,2587.36,96319145.69,1657
H:\核心存储\档案馆\木耳 20240425-20251129,IMG_20240624_221300.jpg,2274.0,96319145.69,1657
H:\核心存储\档案馆\木耳 20240425-20251129,IMG_20240624_221303.jpg,2191.33,96319145.69,1657
H:\核心存储\档案馆\木耳 20240425-20251129,IMG_20240625_002825.jpg,2371.98,96319145.69,1657
H:\核心存储\档案馆\木耳 20240425-20251129,IMG_20240625_003225.jpg,2225.68,96319145.69,1657
H:\核心存储\档案馆\木耳 20240425-20251129,IMG_20240625_233247.jpg,2798.31,96319145.69,1657
H:\核心存储\档案馆\木耳 20240425-20251129,IMG_20240626_081826.jpg,2228.66,96319145.69,1657
H:\核心存储\档案馆\木耳 20240425-20251129,IMG_20240626_081919.jpg,2384.07,96319145.69,1657
H:\核心存储\档案馆\木耳 20240425-20251129,IMG_20240626_084017.jpg,2179.78,96319145.69,1657
H:\核心存储\档案馆\木耳 20240425-20251129,IMG_20240626_192940.jpg,2913.76,96319145.69,1657
H:\核心存储\档案馆\木耳 20240425-20251129,IMG_20240626_194133.jpg,2585.59,96319145.69,1657
H:\核心存储\档案馆\木耳 20240425-20251129,IMG_20240626_223404.jpg,2135.27,96319145.69,1657
H:\核心存储\档案馆\木耳 20240425-20251129,IMG_20240626_223632.jpg,1817.73,96319145.69,1657
H:\核心存储\档案馆\木耳 20240425-20251129,IMG_20240627_084124.jpg,2060.31,96319145.69,1657
H:\核心存储\档案馆\木耳 20240425-20251129,IMG_20240628_192036.jpg,2665.02,96319145.69,1657
H:\核心存储\档案馆\木耳 20240425-20251129,IMG_20240628_192255.jpg,2954.93,96319145.69,1657
H:\核心存储\档案馆\木耳 20240425-20251129,IMG_20240629_194333.jpg,2343.42,96319145.69,1657
H:\核心存储\档案馆\木耳 20240425-20251129,IMG_20240629_210338.jpg,2619.66,96319145.69,1657
H:\核心存储\档案馆\木耳 20240425-20251129,IMG_20240630_213846.jpg,2629.06,96319145.69,1657
H:\核心存储\档案馆\木耳 20240425-20251129,IMG_20240630_213855.jpg,2610.73,96319145.69,1657
H:\核心存储\档案馆\木耳 20240425-20251129,IMG_20240701_000511.jpg,2638.24,96319145.69,1657
H:\核心存储\档案馆\木耳 20240425-20251129,IMG_20240701_001239.jpg,2609.52,96319145.69,1657
H:\核心存储\档案馆\木耳 20240425-20251129,IMG_20240701_001300.jpg,2236.53,96319145.69,1657
H:\核心存储\档案馆\木耳 20240425-20251129,IMG_20240701_001635.jpg,2358.47,96319145.69,1657
H:\核心存储\档案馆\木耳 20240425-20251129,IMG_20240701_220122.jpg,2232.19,96319145.69,1657
H:\核心存储\档案馆\木耳 20240425-20251129,IMG_20240702_223131.jpg,2777.34,96319145.69,1657
H:\核心存储\档案馆\木耳 20240425-20251129,IMG_20240704_004659.jpg,3060.55,96319145.69,1657
H:\核心存储\档案馆\木耳 20240425-20251129,IMG_20240704_004705.jpg,2694.6,96319145.69,1657
H:\核心存储\档案馆\木耳 20240425-20251129,IMG_20240704_005622.jpg,3013.95,96319145.69,1657
H:\核心存储\档案馆\木耳 20240425-20251129,IMG_20240704_221423.jpg,2631.21,96319145.69,1657
H:\核心存储\档案馆\木耳 20240425-20251129,IMG_20240705_000450.jpg,2405.95,96319145.69,1657
H:\核心存储\档案馆\木耳 20240425-20251129,IMG_20240706_130239.jpg,3009.86,96319145.69,1657
H:\核心存储\档案馆\木耳 20240425-20251129,IMG_20240706_130302.jpg,2862.64,96319145.69,1657
H:\核心存储\档案馆\木耳 20240425-20251129,IMG_20240706_130307.jpg,2883.58,96319145.69,1657
H:\核心存储\档案馆\木耳 20240425-20251129,IMG_20240706_130508.jpg,2478.44,96319145.69,1657
H:\核心存储\档案馆\木耳 20240425-20251129,IMG_20240706_130512.jpg,2334.41,96319145.69,1657
H:\核心存储\档案馆\木耳 20240425-20251129,IMG_20240706_134229.jpg,2013.48,96319145.69,1657
H:\核心存储\档案馆\木耳 20240425-20251129,IMG_20240706_151618.jpg,2344.83,96319145.69,1657
H:\核心存储\档案馆\木耳 20240425-20251129,IMG_20240706_151638.jpg,2080.4,96319145.69,1657
H:\核心存储\档案馆\木耳 20240425-20251129,IMG_20240706_151641.jpg,2083.25,96319145.69,1657
H:\核心存储\档案馆\木耳 20240425-20251129,IMG_20240706_151759.jpg,2304.01,96319145.69,1657
H:\核心存储\档案馆\木耳 20240425-20251129,IMG_20240706_152156.jpg,2019.86,96319145.69,1657
H:\核心存储\档案馆\木耳 20240425-20251129,IMG_20240706_152509.jpg,2208.43,96319145.69,1657
H:\核心存储\档案馆\木耳 20240425-20251129,IMG_20240707_202745.jpg,2648.05,96319145.69,1657
H:\核心存储\档案馆\木耳 20240425-20251129,IMG_20240707_202807.jpg,2683.01,96319145.69,1657
H:\核心存储\档案馆\木耳 20240425-20251129,IMG_20240707_202841.jpg,3069.31,96319145.69,1657
H:\核心存储\档案馆\木耳 20240425-20251129,IMG_20240708_002657.jpg,2554.98,96319145.69,1657
H:\核心存储\档案馆\木耳 20240425-20251129,IMG_20240708_002723.jpg,2150.38,96319145.69,1657
H:\核心存储\档案馆\木耳 20240425-20251129,IMG_20240708_004728.jpg,1321.91,96319145.69,1657
H:\核心存储\档案馆\木耳 20240425-20251129,IMG_20240708_214308.jpg,2180.53,96319145.69,1657
H:\核心存储\档案馆\木耳 20240425-20251129,IMG_20240708_214641.jpg,2270.12,96319145.69,1657
H:\核心存储\档案馆\木耳 20240425-20251129,IMG_20240708_214727.jpg,2503.15,96319145.69,1657
H:\核心存储\档案馆\木耳 20240425-20251129,IMG_20240708_214740.jpg,2484.75,96319145.69,1657
H:\核心存储\档案馆\木耳 20240425-20251129,IMG_20240708_222923.jpg,2383.1,96319145.69,1657
H:\核心存储\档案馆\木耳 20240425-20251129,IMG_20240710_002053.jpg,2240.63,96319145.69,1657
H:\核心存储\档案馆\木耳 20240425-20251129,IMG_20240720_231452.jpg,2522.21,96319145.69,1657
H:\核心存储\档案馆\木耳 20240425-20251129,IMG_20240720_231458.jpg,2317.78,96319145.69,1657
H:\核心存储\档案馆\木耳 20240425-20251129,IMG_20240720_231506.jpg,2430.45,96319145.69,1657
H:\核心存储\档案馆\木耳 20240425-20251129,IMG_20240720_231941.jpg,2165.13,96319145.69,1657
H:\核心存储\档案馆\木耳 20240425-20251129,IMG_20240721_003814.jpg,2652.68,96319145.69,1657
H:\核心存储\档案馆\木耳 20240425-20251129,IMG_20240721_004134.jpg,2465.32,96319145.69,1657
H:\核心存储\档案馆\木耳 20240425-20251129,IMG_20240722_001907.jpg,3188.25,96319145.69,1657
H:\核心存储\档案馆\木耳 20240425-20251129,IMG_20240724_003829.jpg,2543.23,96319145.69,1657
H:\核心存储\档案馆\木耳 20240425-20251129,IMG_20240724_003839.jpg,2374.94,96319145.69,1657
H:\核心存储\档案馆\木耳 20240425-20251129,IMG_20240724_004126.jpg,2374.15,96319145.69,1657
H:\核心存储\档案馆\木耳 20240425-20251129,IMG_20240724_004139.jpg,2656.48,96319145.69,1657
H:\核心存储\档案馆\木耳 20240425-20251129,IMG_20240724_195041.jpg,2384.76,96319145.69,1657
H:\核心存储\档案馆\木耳 20240425-20251129,IMG_20240724_195120.jpg,2382.82,96319145.69,1657
H:\核心存储\档案馆\木耳 20240425-20251129,IMG_20240726_002612.jpg,2086.64,96319145.69,1657
H:\核心存储\档案馆\木耳 20240425-20251129,IMG_20240727_013727.jpg,3126.17,96319145.69,1657
H:\核心存储\档案馆\木耳 20240425-20251129,IMG_20240729_221450.jpg,3156.73,96319145.69,1657
H:\核心存储\档案馆\木耳 20240425-20251129,IMG_20240729_224312.jpg,4087.88,96319145.69,1657
H:\核心存储\档案馆\木耳 20240425-20251129,IMG_20240731_151211.jpg,2336.92,96319145.69,1657
H:\核心存储\档案馆\木耳 20240425-20251129,IMG_20240803_000149.jpg,2863.94,96319145.69,1657
H:\核心存储\档案馆\木耳 20240425-20251129,IMG_20240803_000211.jpg,2582.99,96319145.69,1657
H:\核心存储\档案馆\木耳 20240425-20251129,IMG_20240803_000221.jpg,2440.34,96319145.69,1657
H:\核心存储\档案馆\木耳 20240425-20251129,IMG_20240803_000410.jpg,3038.73,96319145.69,1657
H:\核心存储\档案馆\木耳 20240425-20251129,IMG_20240803_120634.jpg,2198.83,96319145.69,1657
H:\核心存储\档案馆\木耳 20240425-20251129,IMG_20240804_161017.jpg,3292.08,96319145.69,1657
H:\核心存储\档案馆\木耳 20240425-20251129,IMG_20240804_161022.jpg,2732.75,96319145.69,1657
H:\核心存储\档案馆\木耳 20240425-20251129,IMG_20240804_161320.jpg,2823.92,96319145.69,1657
H:\核心存储\档案馆\木耳 20240425-20251129,IMG_20240804_205848.jpg,3066.29,96319145.69,1657
H:\核心存储\档案馆\木耳 20240425-20251129,IMG_20240804_205929.jpg,3324.63,96319145.69,1657
H:\核心存储\档案馆\木耳 20240425-20251129,IMG_20240805_033802.jpg,2290.16,96319145.69,1657
H:\核心存储\档案馆\木耳 20240425-20251129,IMG_20240805_160632.jpg,3631.69,96319145.69,1657
H:\核心存储\档案馆\木耳 20240425-20251129,IMG_20240805_222010.jpg,3364.57,96319145.69,1657
H:\核心存储\档案馆\木耳 20240425-20251129,IMG_20240807_222529.jpg,2944.3,96319145.69,1657
H:\核心存储\档案馆\木耳 20240425-20251129,IMG_20240807_223104.jpg,2990.58,96319145.69,1657
H:\核心存储\档案馆\木耳 20240425-20251129,IMG_20240810_194400.jpg,1743.06,96319145.69,1657
H:\核心存储\档案馆\木耳 20240425-20251129,IMG_20240816_033519.jpg,4233.81,96319145.69,1657
H:\核心存储\档案馆\木耳 20240425-20251129,IMG_20240818_203557.jpg,3732.68,96319145.69,1657
H:\核心存储\档案馆\木耳 20240425-20251129,IMG_20240818_203740.jpg,3313.06,96319145.69,1657
H:\核心存储\档案馆\木耳 20240425-20251129,IMG_20240824_032940.jpg,2223.01,96319145.69,1657
H:\核心存储\档案馆\木耳 20240425-20251129,IMG_20240824_033051.jpg,2410.04,96319145.69,1657
H:\核心存储\档案馆\木耳 20240425-20251129,IMG_20240824_033111.jpg,2062.88,96319145.69,1657
H:\核心存储\档案馆\木耳 20240425-20251129,IMG_20240824_033213.jpg,2805.67,96319145.69,1657
H:\核心存储\档案馆\木耳 20240425-20251129,IMG_20240824_033311.jpg,2486.33,96319145.69,1657
H:\核心存储\档案馆\木耳 20240425-20251129,IMG_20240824_033446.jpg,2638.31,96319145.69,1657
H:\核心存储\档案馆\木耳 20240425-20251129,IMG_20240824_033512.jpg,2486.98,96319145.69,1657
H:\核心存储\档案馆\木耳 20240425-20251129,IMG_20240824_033516.jpg,2617.04,96319145.69,1657
H:\核心存储\档案馆\木耳 20240425-20251129,IMG_20240824_033517.jpg,2856.78,96319145.69,1657
H:\核心存储\档案馆\木耳 20240425-20251129,IMG_20240824_033518.jpg,2441.69,96319145.69,1657
H:\核心存储\档案馆\木耳 20240425-20251129,IMG_20240824_161031.jpg,3362.79,96319145.69,1657
H:\核心存储\档案馆\木耳 20240425-20251129,IMG_20240826_010535.jpg,2622.52,96319145.69,1657
H:\核心存储\档案馆\木耳 20240425-20251129,IMG_20240826_010544.jpg,2549.23,96319145.69,1657
H:\核心存储\档案馆\木耳 20240425-20251129,IMG_20240826_010727.jpg,2580.52,96319145.69,1657
H:\核心存储\档案馆\木耳 20240425-20251129,IMG_20240826_010735.jpg,3285.29,96319145.69,1657
H:\核心存储\档案馆\木耳 20240425-20251129,IMG_20240829_185515.jpg,2611.36,96319145.69,1657
H:\核心存储\档案馆\木耳 20240425-20251129,IMG_20240830_213935.jpg,2882.96,96319145.69,1657
H:\核心存储\档案馆\木耳 20240425-20251129,IMG_20240901_002514.jpg,3348.35,96319145.69,1657
H:\核心存储\档案馆\木耳 20240425-20251129,IMG_20240901_062135.jpg,2290.38,96319145.69,1657
H:\核心存储\档案馆\木耳 20240425-20251129,IMG_20240902_031513.jpg,2130.83,96319145.69,1657
H:\核心存储\档案馆\木耳 20240425-20251129,IMG_20240907_180346.jpg,3212.28,96319145.69,1657
H:\核心存储\档案馆\木耳 20240425-20251129,IMG_20240907_180406.jpg,2571.08,96319145.69,1657
H:\核心存储\档案馆\木耳 20240425-20251129,IMG_20240908_214015.jpg,2586.32,96319145.69,1657
H:\核心存储\档案馆\木耳 20240425-20251129,IMG_20240908_214048.jpg,2104.87,96319145.69,1657
H:\核心存储\档案馆\木耳 20240425-20251129,IMG_20240909_193443.jpg,2333.11,96319145.69,1657
H:\核心存储\档案馆\木耳 20240425-20251129,IMG_20240909_193521.jpg,2900.28,96319145.69,1657
H:\核心存储\档案馆\木耳 20240425-20251129,IMG_20240909_194001.jpg,2420.91,96319145.69,1657
H:\核心存储\档案馆\木耳 20240425-20251129,IMG_20240909_194520.jpg,2981.42,96319145.69,1657
H:\核心存储\档案馆\木耳 20240425-20251129,IMG_20240910_220841.jpg,4070.02,96319145.69,1657
H:\核心存储\档案馆\木耳 20240425-20251129,IMG_20240910_220851.jpg,2309.17,96319145.69,1657
H:\核心存储\档案馆\木耳 20240425-20251129,IMG_20240912_185018.jpg,2998.0,96319145.69,1657
H:\核心存储\档案馆\木耳 20240425-20251129,IMG_20240912_185127.jpg,3465.16,96319145.69,1657
H:\核心存储\档案馆\木耳 20240425-20251129,IMG_20240915_085110.jpg,2435.47,96319145.69,1657
H:\核心存储\档案馆\木耳 20240425-20251129,IMG_20240915_085311.jpg,2493.01,96319145.69,1657
H:\核心存储\档案馆\木耳 20240425-20251129,IMG_20240915_085328.jpg,2820.4,96319145.69,1657
H:\核心存储\档案馆\木耳 20240425-20251129,IMG_20240915_160854.jpg,2137.5,96319145.69,1657
H:\核心存储\档案馆\木耳 20240425-20251129,IMG_20240915_210442.jpg,3838.14,96319145.69,1657
H:\核心存储\档案馆\木耳 20240425-20251129,IMG_20240917_134827.jpg,2795.55,96319145.69,1657
H:\核心存储\档案馆\木耳 20240425-20251129,IMG_20240917_134953.jpg,2897.3,96319145.69,1657
H:\核心存储\档案馆\木耳 20240425-20251129,IMG_20240917_134954.jpg,3016.07,96319145.69,1657
H:\核心存储\档案馆\木耳 20240425-20251129,IMG_20240917_135239.jpg,3226.32,96319145.69,1657
H:\核心存储\档案馆\木耳 20240425-20251129,IMG_20240917_135241.jpg,3010.34,96319145.69,1657
H:\核心存储\档案馆\木耳 20240425-20251129,IMG_20240917_185430.jpg,2809.11,96319145.69,1657
H:\核心存储\档案馆\木耳 20240425-20251129,IMG_20240917_185438.jpg,2826.43,96319145.69,1657
H:\核心存储\档案馆\木耳 20240425-20251129,IMG_20240919_210807.jpg,5078.1,96319145.69,1657
H:\核心存储\档案馆\木耳 20240425-20251129,IMG_20240919_210817.jpg,3906.11,96319145.69,1657
H:\核心存储\档案馆\木耳 20240425-20251129,IMG_20240919_210825.jpg,3643.6,96319145.69,1657
H:\核心存储\档案馆\木耳 20240425-20251129,IMG_20240919_211004.jpg,2804.73,96319145.69,1657
H:\核心存储\档案馆\木耳 20240425-20251129,IMG_20240919_212717.jpg,3359.98,96319145.69,1657
H:\核心存储\档案馆\木耳 20240425-20251129,IMG_20240925_231449.jpg,2562.54,96319145.69,1657
H:\核心存储\档案馆\木耳 20240425-20251129,IMG_20240925_231452.jpg,2539.86,96319145.69,1657
H:\核心存储\档案馆\木耳 20240425-20251129,IMG_20240929_235312.jpg,3224.15,96319145.69,1657
H:\核心存储\档案馆\木耳 20240425-20251129,IMG_20241001_004009.jpg,2898.87,96319145.69,1657
H:\核心存储\档案馆\木耳 20240425-20251129,IMG_20241001_004025.jpg,3049.85,96319145.69,1657
H:\核心存储\档案馆\木耳 20240425-20251129,IMG_20241001_004302.jpg,2947.77,96319145.69,1657
H:\核心存储\档案馆\木耳 20240425-20251129,IMG_20241001_004335.jpg,2894.58,96319145.69,1657
H:\核心存储\档案馆\木耳 20240425-20251129,IMG_20241001_004510.jpg,3140.77,96319145.69,1657
H:\核心存储\档案馆\木耳 20240425-20251129,IMG_20241001_004708.jpg,2420.04,96319145.69,1657
H:\核心存储\档案馆\木耳 20240425-20251129,IMG_20241001_004711.jpg,2536.75,96319145.69,1657
H:\核心存储\档案馆\木耳 20240425-20251129,IMG_20241001_004712.jpg,2380.2,96319145.69,1657
H:\核心存储\档案馆\木耳 20240425-20251129,IMG_20241003_003757.jpg,2258.0,96319145.69,1657
H:\核心存储\档案馆\木耳 20240425-20251129,IMG_20241003_003813.jpg,3196.4,96319145.69,1657
H:\核心存储\档案馆\木耳 20240425-20251129,IMG_20241003_003838.jpg,2836.69,96319145.69,1657
H:\核心存储\档案馆\木耳 20240425-20251129,mmexport1715165897980.jpg,1256.31,96319145.69,1657
H:\核心存储\档案馆\木耳 20240425-20251129,mmexport1715324635444.jpg,2238.49,96319145.69,1657
H:\核心存储\档案馆\木耳 20240425-20251129,mmexport1716566522226.jpg,2351.27,96319145.69,1657
H:\核心存储\档案馆\木耳 20240425-20251129,mmexport1761546570805.mp4,2001.08,96319145.69,1657
H:\核心存储\档案馆\木耳 20240425-20251129,mmexport1764467282154.mp4,2859.44,96319145.69,1657
H:\核心存储\档案馆\木耳 20240425-20251129,mmexport1764467292535.mp4,5431.21,96319145.69,1657
H:\核心存储\档案馆\木耳 20240425-20251129,mmexport1764844723698.jpg,1076.4,96319145.69,1657
H:\核心存储\档案馆\木耳 20240425-20251129,mmexport1764844745213.jpg,1929.54,96319145.69,1657
H:\核心存储\档案馆\木耳 20240425-20251129,mmexport1765105208095.mp4,101371.81,96319145.69,1657
H:\核心存储\档案馆\木耳 20240425-20251129,mmexport1765105211697.mp4,464099.32,96319145.69,1657
H:\核心存储\档案馆\木耳 20240425-20251129,PIC_20240621_194406279.jpg,1103.75,96319145.69,1657
H:\核心存储\档案馆\木耳 20240425-20251129,PIC_20240627_135936320.jpg,763.03,96319145.69,1657
H:\核心存储\档案馆\木耳 20240425-20251129,PIC_20240628_192201048.jpg,1556.45,96319145.69,1657
H:\核心存储\档案馆\木耳 20240425-20251129,PIC_20240701_180830092.jpg,880.58,96319145.69,1657
H:\核心存储\档案馆\木耳 20240425-20251129,PIC_20240701_215911075.jpg,750.46,96319145.69,1657
H:\核心存储\档案馆\木耳 20240425-20251129,PIC_20240701_220046857.jpg,1131.49,96319145.69,1657
H:\核心存储\档案馆\木耳 20240425-20251129,PIC_20240703_171857030.jpg,914.24,96319145.69,1657
H:\核心存储\档案馆\木耳 20240425-20251129,PIC_20240703_172343353.jpg,904.4,96319145.69,1657
H:\核心存储\档案馆\木耳 20240425-20251129,PIC_20240703_193239127.jpg,733.67,96319145.69,1657
H:\核心存储\档案馆\木耳 20240425-20251129,PIC_20240705_191758325.jpg,817.03,96319145.69,1657
H:\核心存储\档案馆\木耳 20240425-20251129,PIC_20240709_163727899.jpg,977.75,96319145.69,1657
H:\核心存储\档案馆\木耳 20240425-20251129,PIC_20240712_122335637.jpg,1151.89,96319145.69,1657
H:\核心存储\档案馆\木耳 20240425-20251129,PIC_20240715_163237400.jpg,1092.64,96319145.69,1657
H:\核心存储\档案馆\木耳 20240425-20251129,PIC_20240723_092829830.jpg,1512.34,96319145.69,1657
H:\核心存储\档案馆\木耳 20240425-20251129,PIC_20240723_110457189.jpg,1476.43,96319145.69,1657
H:\核心存储\档案馆\木耳 20240425-20251129,PIC_20240726_173616348.jpg,1183.04,96319145.69,1657
H:\核心存储\档案馆\木耳 20240425-20251129,PIC_20240727_233359037.jpg,781.54,96319145.69,1657
H:\核心存储\档案馆\木耳 20240425-20251129,PIC_20240729_162814793.jpg,1503.14,96319145.69,1657
H:\核心存储\档案馆\木耳 20240425-20251129,PIC_20240729_162821301.jpg,1504.59,96319145.69,1657
H:\核心存储\档案馆\木耳 20240425-20251129,PIC_20240807_103507252.jpg,1377.26,96319145.69,1657
H:\核心存储\档案馆\木耳 20240425-20251129,PIC_20240807_222456173.jpg,1374.04,96319145.69,1657
H:\核心存储\档案馆\木耳 20240425-20251129,PIC_20240808_174002946.jpg,952.33,96319145.69,1657
H:\核心存储\档案馆\木耳 20240425-20251129,PIC_20240809_190033836.jpg,918.3,96319145.69,1657
H:\核心存储\档案馆\木耳 20240425-20251129,PIC_20240813_174609858.jpg,752.97,96319145.69,1657
H:\核心存储\档案馆\木耳 20240425-20251129,PIC_20240816_180046976.jpg,787.7,96319145.69,1657
H:\核心存储\档案馆\木耳 20240425-20251129,PIC_20240910_221148906.jpg,1564.67,96319145.69,1657
H:\核心存储\档案馆\木耳 20240425-20251129,PIC_20241011_120504952.jpg,1441.79,96319145.69,1657
H:\核心存储\档案馆\木耳 20240425-20251129,PIC_20241012_104257628.jpg,1290.02,96319145.69,1657
H:\核心存储\档案馆\木耳 20240425-20251129,PIC_20241201_181256891.jpg,1557.0,96319145.69,1657
H:\核心存储\档案馆\木耳 20240425-20251129,Screenshot_2024-08-07-22-24-56-173_com.xiaomi.smarthome.jpg,1374.04,96319145.69,1657
H:\核心存储\档案馆\木耳 20240425-20251129,VIDEO_20240621_193705809.mp4,4417.31,96319145.69,1657
H:\核心存储\档案馆\木耳 20240425-20251129,VIDEO_20240621_194211313.mp4,58897.79,96319145.69,1657
H:\核心存储\档案馆\木耳 20240425-20251129,VIDEO_20240626_192932199.mp4,62423.34,96319145.69,1657
H:\核心存储\档案馆\木耳 20240425-20251129,VIDEO_20240626_193223093.mp4,69170.56,96319145.69,1657
H:\核心存储\档案馆\木耳 20240425-20251129,VIDEO_20240627_140157345.mp4,34850.65,96319145.69,1657
H:\核心存储\档案馆\木耳 20240425-20251129,VIDEO_20240628_083225117.mp4,13849.56,96319145.69,1657
H:\核心存储\档案馆\木耳 20240425-20251129,VIDEO_20240702_140558218.mp4,30520.71,96319145.69,1657
H:\核心存储\档案馆\木耳 20240425-20251129,VIDEO_20240702_165118901.mp4,61111.31,96319145.69,1657
H:\核心存储\档案馆\木耳 20240425-20251129,VIDEO_20240702_202230901.mp4,77039.34,96319145.69,1657
H:\核心存储\档案馆\木耳 20240425-20251129,VIDEO_20240704_124019138.mp4,54748.9,96319145.69,1657
H:\核心存储\档案馆\木耳 20240425-20251129,VIDEO_20240704_200159577.mp4,199100.57,96319145.69,1657
H:\核心存储\档案馆\木耳 20240425-20251129,VIDEO_20240705_150952319.mp4,21478.17,96319145.69,1657
H:\核心存储\档案馆\木耳 20240425-20251129,VIDEO_20240705_191755104.mp4,87716.63,96319145.69,1657
H:\核心存储\档案馆\木耳 20240425-20251129,VIDEO_20240709_163938994.mp4,58643.27,96319145.69,1657
H:\核心存储\档案馆\木耳 20240425-20251129,VIDEO_20240712_211346102.mp4,18362.24,96319145.69,1657
H:\核心存储\档案馆\木耳 20240425-20251129,VIDEO_20240727_215910521.mp4,15465.57,96319145.69,1657
H:\核心存储\档案馆\木耳 20240425-20251129,VIDEO_20240729_163629049.mp4,95909.15,96319145.69,1657
H:\核心存储\档案馆\木耳 20240425-20251129,VIDEO_20240822_233251032.mp4,241542.86,96319145.69,1657
H:\核心存储\档案馆\木耳 20240425-20251129,VIDEO_20240930_202334223.mp4,17792.99,96319145.69,1657
H:\核心存储\档案馆\木耳 20240425-20251129,VIDEO_20241012_151742433.mp4,24324.38,96319145.69,1657
H:\核心存储\档案馆\木耳 20240425-20251129,VIDEO_20241201_181807606.mp4,158398.53,96319145.69,1657
H:\核心存储\档案馆\木耳 20240425-20251129,VIDEO_20250816_041146888.mp4,5109.38,96319145.69,1657
H:\核心存储\档案馆\木耳 20240425-20251129,VIDEO_20250816_041155458.mp4,2485.75,96319145.69,1657
H:\核心存储\档案馆\木耳 20240425-20251129,VIDEO_20250818_160342918.mp4,16566.19,96319145.69,1657
H:\核心存储\档案馆\木耳 20240425-20251129,VIDEO_20250818_160402494.mp4,2613.22,96319145.69,1657
H:\核心存储\档案馆\木耳 20240425-20251129,VIDEO_20250818_160407755.mp4,374.2,96319145.69,1657
H:\核心存储\档案馆\木耳 20240425-20251129,VIDEO_20250818_160428160.mp4,2904.21,96319145.69,1657
H:\核心存储\档案馆\木耳 20240425-20251129,VIDEO_20250818_160436878.mp4,275.85,96319145.69,1657
H:\核心存储\档案馆\木耳 20240425-20251129,VIDEO_20250818_160454579.mp4,2204.55,96319145.69,1657
H:\核心存储\档案馆\木耳 20240425-20251129,VIDEO_20250818_160516423.mp4,318.75,96319145.69,1657
H:\核心存储\档案馆\木耳 20240425-20251129,VIDEO_20250818_160618408.mp4,3498.04,96319145.69,1657
H:\核心存储\档案馆\木耳 20240425-20251129,VIDEO_20250818_160626460.mp4,206.7,96319145.69,1657
H:\核心存储\档案馆\木耳 20240425-20251129,VIDEO_20250818_160635485.mp4,209.67,96319145.69,1657
H:\核心存储\档案馆\木耳 20240425-20251129,VIDEO_20250818_160642860.mp4,208.09,96319145.69,1657
H:\核心存储\档案馆\木耳 20240425-20251129,VIDEO_20250818_160650621.mp4,1061.89,96319145.69,1657
H:\核心存储\档案馆\木耳 20240425-20251129,VIDEO_20250818_160724547.mp4,2237.07,96319145.69,1657
H:\核心存储\档案馆\木耳 20240425-20251129,VIDEO_20250818_160728558.mp4,345.76,96319145.69,1657
H:\核心存储\档案馆\木耳 20240425-20251129,VIDEO_20250818_160733716.mp4,564.87,96319145.69,1657
H:\核心存储\档案馆\木耳 20240425-20251129,VIDEO_20250818_160738675.mp4,514.46,96319145.69,1657
H:\核心存储\档案馆\木耳 20240425-20251129,VIDEO_20250818_160758081.mp4,1049.97,96319145.69,1657
H:\核心存储\档案馆\木耳 20240425-20251129,VIDEO_20250818_160808000.mp4,1439.87,96319145.69,1657
H:\核心存储\档案馆\木耳 20240425-20251129,VIDEO_20250818_160857249.mp4,13919.61,96319145.69,1657
H:\核心存储\档案馆\木耳 20240425-20251129,VIDEO_20250818_160925631.mp4,6290.84,96319145.69,1657
H:\核心存储\档案馆\木耳 20240425-20251129,VIDEO_20250818_161114221.mp4,53905.35,96319145.69,1657
H:\核心存储\档案馆\木耳 20240425-20251129,VIDEO_20250818_161119650.mp4,747.69,96319145.69,1657
H:\核心存储\档案馆\木耳 20240425-20251129,VIDEO_20250818_161156341.mp4,8777.47,96319145.69,1657
H:\核心存储\档案馆\木耳 20240425-20251129,VIDEO_20250818_161213119.mp4,689.86,96319145.69,1657
H:\核心存储\档案馆\木耳 20240425-20251129,VIDEO_20250818_161224899.mp4,1838.45,96319145.69,1657
H:\核心存储\档案馆\木耳 20240425-20251129,VIDEO_20250818_161423438.mp4,18072.25,96319145.69,1657
H:\核心存储\档案馆\木耳 20240425-20251129,VIDEO_20250818_161509368.mp4,5600.5,96319145.69,1657
H:\核心存储\档案馆\木耳 20240425-20251129,VIDEO_20250902_231033321.mp4,468.45,96319145.69,1657
H:\核心存储\档案馆\木耳 20240425-20251129,VIDEO_20250902_231048340.mp4,4522.61,96319145.69,1657
H:\核心存储\档案馆\木耳 20240425-20251129,VIDEO_20250902_231114013.mp4,6480.86,96319145.69,1657
H:\核心存储\档案馆\木耳 20240425-20251129,VIDEO_20250902_231218550.mp4,24566.31,96319145.69,1657
H:\核心存储\档案馆\木耳 20240425-20251129,VIDEO_20250902_231242445.mp4,2310.91,96319145.69,1657
H:\核心存储\档案馆\木耳 20240425-20251129,VIDEO_20250902_231313702.mp4,4279.94,96319145.69,1657
H:\核心存储\档案馆\木耳 20240425-20251129,VIDEO_20250902_231342005.mp4,2250.79,96319145.69,1657
H:\核心存储\档案馆\木耳 20240425-20251129,VIDEO_20250902_231511274.mp4,20422.86,96319145.69,1657
H:\核心存储\档案馆\木耳 20240425-20251129,VIDEO_20250902_231608280.mp4,9590.98,96319145.69,1657
H:\核心存储\档案馆\木耳 20240425-20251129,VIDEO_20250902_231717126.mp4,6869.08,96319145.69,1657
H:\核心存储\档案馆\木耳 20240425-20251129,VIDEO_20250902_231729603.mp4,2579.97,96319145.69,1657
H:\核心存储\档案馆\木耳 20240425-20251129,VIDEO_20250902_231804873.mp4,7160.3,96319145.69,1657
H:\核心存储\档案馆\木耳 20240425-20251129,VIDEO_20250902_231840045.mp4,8198.92,96319145.69,1657
H:\核心存储\档案馆\木耳 20240425-20251129,VIDEO_20250902_231914959.mp4,13886.17,96319145.69,1657
H:\核心存储\档案馆\木耳 20240425-20251129,VIDEO_20250902_231936128.mp4,2372.82,96319145.69,1657
H:\核心存储\档案馆\木耳 20240425-20251129,VIDEO_20250902_231942297.mp4,1843.94,96319145.69,1657
H:\核心存储\档案馆\木耳 20240425-20251129,VIDEO_20250902_231955351.mp4,1199.02,96319145.69,1657
H:\核心存储\档案馆\木耳 20240425-20251129,VIDEO_20250902_232049557.mp4,4252.96,96319145.69,1657
H:\核心存储\档案馆\木耳 20240425-20251129,VIDEO_20250902_232103000.mp4,1410.69,96319145.69,1657
H:\核心存储\档案馆\木耳 20240425-20251129,VIDEO_20250902_232107163.mp4,723.17,96319145.69,1657
H:\核心存储\档案馆\木耳 20240425-20251129,VIDEO_20250902_232113451.mp4,1659.35,96319145.69,1657
H:\核心存储\档案馆\木耳 20240425-20251129,VIDEO_20250902_232117191.mp4,716.34,96319145.69,1657
H:\核心存储\档案馆\木耳 20240425-20251129,VIDEO_20250902_232124975.mp4,1508.93,96319145.69,1657
H:\核心存储\档案馆\木耳 20240425-20251129,VIDEO_20250902_232128338.mp4,555.38,96319145.69,1657
H:\核心存储\档案馆\木耳 20240425-20251129,VIDEO_20250902_232210620.mp4,14933.59,96319145.69,1657
H:\核心存储\档案馆\木耳 20240425-20251129,VIDEO_20250902_232233588.mp4,1507.4,96319145.69,1657
H:\核心存储\档案馆\木耳 20240425-20251129,VIDEO_20250902_232244537.mp4,541.65,96319145.69,1657
H:\核心存储\档案馆\木耳 20240425-20251129,VIDEO_20250902_232319684.mp4,3799.2,96319145.69,1657
H:\核心存储\档案馆\木耳 20240425-20251129,VIDEO_20250902_232434915.mp4,14648.93,96319145.69,1657
H:\核心存储\档案馆\木耳 20240425-20251129,VIDEO_20250902_232458747.mp4,5176.13,96319145.69,1657
H:\核心存储\档案馆\木耳 20240425-20251129,VIDEO_20250902_232512695.mp4,2609.82,96319145.69,1657
H:\核心存储\档案馆\木耳 20240425-20251129,VIDEO_20250902_232528787.mp4,3456.89,96319145.69,1657
H:\核心存储\档案馆\木耳 20240425-20251129,VIDEO_20250902_232536929.mp4,1328.58,96319145.69,1657
H:\核心存储\档案馆\木耳 20240425-20251129,VIDEO_20250902_232600677.mp4,5382.05,96319145.69,1657
H:\核心存储\档案馆\木耳 20240425-20251129,VIDEO_20250902_232705380.mp4,44145.92,96319145.69,1657
H:\核心存储\档案馆\木耳 20240425-20251129,VIDEO_20250905_015505666.mp4,507.18,96319145.69,1657
H:\核心存储\档案馆\木耳 20240425-20251129,VIDEO_20250905_015550151.mp4,10336.19,96319145.69,1657
H:\核心存储\档案馆\木耳 20240425-20251129,VIDEO_20250905_015646203.mp4,7776.72,96319145.69,1657
H:\核心存储\档案馆\木耳 20240425-20251129,VIDEO_20250905_015707847.mp4,3204.93,96319145.69,1657
H:\核心存储\档案馆\木耳 20240425-20251129,VIDEO_20250905_015716107.mp4,1894.42,96319145.69,1657
H:\核心存储\档案馆\木耳 20240425-20251129,VIDEO_20250905_015751938.mp4,12092.91,96319145.69,1657
H:\核心存储\档案馆\木耳 20240425-20251129,VIDEO_20250905_015807004.mp4,4698.19,96319145.69,1657
H:\核心存储\档案馆\木耳 20240425-20251129,VIDEO_20250905_015837644.mp4,6970.97,96319145.69,1657
H:\核心存储\档案馆\木耳 20240425-20251129,VIDEO_20250905_020057918.mp4,1173.62,96319145.69,1657
H:\核心存储\档案馆\木耳 20240425-20251129,VIDEO_20250905_020142903.mp4,9469.8,96319145.69,1657
H:\核心存储\档案馆\木耳 20240425-20251129,VIDEO_20250905_020149638.mp4,735.83,96319145.69,1657
H:\核心存储\档案馆\木耳 20240425-20251129,VIDEO_20250905_020213516.mp4,250.16,96319145.69,1657
H:\核心存储\档案馆\木耳 20240425-20251129,VIDEO_20250910_095726861.mp4,9902.71,96319145.69,1657
H:\核心存储\档案馆\木耳 20240425-20251129,VIDEO_20250910_095802027.mp4,2382.0,96319145.69,1657
H:\核心存储\档案馆\木耳 20240425-20251129,VIDEO_20250910_095920524.mp4,4698.16,96319145.69,1657
H:\核心存储\档案馆\木耳 20240425-20251129,VIDEO_20250910_095932873.mp4,574.24,96319145.69,1657
H:\核心存储\档案馆\木耳 20240425-20251129,VIDEO_20250910_100009546.mp4,6222.32,96319145.69,1657
H:\核心存储\档案馆\木耳 20240425-20251129,VIDEO_20250910_100710927.mp4,144864.92,96319145.69,1657
H:\核心存储\档案馆\木耳 20240425-20251129,VIDEO_20250910_103104362.mp4,190087.81,96319145.69,1657
H:\核心存储\档案馆\木耳 20240425-20251129,VIDEO_20251124_120600623.mp4,531.97,96319145.69,1657
H:\核心存储\档案馆\木耳 20240425-20251129,VIDEO_20251124_120627901.mp4,3253.23,96319145.69,1657
H:\核心存储\档案馆\木耳 20240425-20251129,VIDEO_20251125_075417811.mp4,11473.72,96319145.69,1657
H:\核心存储\档案馆\木耳 20240425-20251129,VIDEO_20251125_075445900.mp4,4085.1,96319145.69,1657
H:\核心存储\档案馆\木耳 20240425-20251129,VIDEO_20251125_075511009.mp4,1433.23,96319145.69,1657
H:\核心存储\档案馆\木耳 20240425-20251129,VIDEO_20251125_075541149.mp4,6110.23,96319145.69,1657
H:\核心存储\档案馆\木耳 20240425-20251129,VIDEO_20251129_005343091.mp4,4704.7,96319145.69,1657
H:\核心存储\档案馆\木耳 20240425-20251129,VIDEO_20251129_005355518.mp4,3699.31,96319145.69,1657
H:\核心存储\档案馆\木耳 20240425-20251129,VIDEO_20251129_005403435.mp4,2123.26,96319145.69,1657
H:\核心存储\档案馆\木耳 20240425-20251129,VIDEO_20251129_005434418.mp4,8278.12,96319145.69,1657
H:\核心存储\档案馆\木耳 20240425-20251129,VIDEO_20251129_005616705.mp4,24716.16,96319145.69,1657
H:\核心存储\档案馆\木耳 20240425-20251129,VIDEO_20251129_005737904.mp4,24735.68,96319145.69,1657
H:\核心存储\档案馆\木耳 20240425-20251129,VIDEO_20251129_005750207.mp4,1500.19,96319145.69,1657
H:\核心存储\档案馆\木耳 20240425-20251129,VIDEO_20251129_005818542.mp4,2721.01,96319145.69,1657
H:\核心存储\档案馆\木耳 20240425-20251129,VIDEO_20251129_005826077.mp4,1537.51,96319145.69,1657
H:\核心存储\档案馆\木耳 20240425-20251129,VIDEO_20251129_005839919.mp4,4385.45,96319145.69,1657
H:\核心存储\档案馆\木耳 20240425-20251129,VIDEO_20251129_005958278.mp4,2088.17,96319145.69,1657
H:\核心存储\档案馆\木耳 20240425-20251129,VIDEO_20251129_010017721.mp4,1913.8,96319145.69,1657
H:\核心存储\档案馆\木耳 20240425-20251129,VIDEO_20251129_010032083.mp4,3831.39,96319145.69,1657
H:\核心存储\档案馆\木耳 20240425-20251129,VIDEO_20251129_010051116.mp4,3693.33,96319145.69,1657
H:\核心存储\档案馆\木耳 20240425-20251129,VIDEO_20251129_010218623.mp4,4325.01,96319145.69,1657
H:\核心存储\档案馆\木耳 20240425-20251129,VIDEO_20251129_010415069.mp4,16737.64,96319145.69,1657
H:\核心存储\档案馆\木耳 20240425-20251129,VIDEO_20251129_010444084.mp4,1183.57,96319145.69,1657
H:\核心存储\档案馆\木耳 20240425-20251129,VIDEO_20251129_010558960.mp4,17145.51,96319145.69,1657
H:\核心存储\档案馆\木耳 20240425-20251129,VIDEO_20251129_010647698.mp4,8327.66,96319145.69,1657
H:\核心存储\档案馆\木耳 20240425-20251129,VIDEO_20251129_010840991.mp4,17245.25,96319145.69,1657
H:\核心存储\档案馆\木耳 20240425-20251129,VIDEO_20251129_010849317.mp4,947.34,96319145.69,1657
H:\核心存储\档案馆\木耳 20240425-20251129,VIDEO_20251129_010902677.mp4,1295.36,96319145.69,1657
H:\核心存储\档案馆\木耳 20240425-20251129,VIDEO_20251129_010950100.mp4,9433.68,96319145.69,1657
H:\核心存储\档案馆\木耳 20240425-20251129,VIDEO_20251129_011005357.mp4,5545.65,96319145.69,1657
H:\核心存储\档案馆\木耳 20240425-20251129,VIDEO_20251129_011224271.mp4,15587.36,96319145.69,1657
H:\核心存储\档案馆\木耳 20240425-20251129,VIDEO_20251129_011410690.mp4,32009.78,96319145.69,1657
H:\核心存储\档案馆\木耳 20240425-20251129,VIDEO_20251129_011429100.mp4,6438.93,96319145.69,1657
H:\核心存储\档案馆\木耳 20240425-20251129,VIDEO_20251129_011512080.mp4,4980.05,96319145.69,1657
H:\核心存储\档案馆\木耳 20240425-20251129,VIDEO_20251129_011625518.mp4,9873.62,96319145.69,1657
H:\核心存储\档案馆\木耳 20240425-20251129,VIDEO_20251129_011655290.mp4,3611.94,96319145.69,1657
H:\核心存储\档案馆\木耳 20240425-20251129,VIDEO_20251129_011759227.mp4,22563.68,96319145.69,1657
H:\核心存储\档案馆\木耳 20240425-20251129,VIDEO_20251129_011809609.mp4,3057.53,96319145.69,1657
H:\核心存储\档案馆\木耳 20240425-20251129,VIDEO_20251129_011819629.mp4,5350.19,96319145.69,1657
H:\核心存储\档案馆\木耳 20240425-20251129,VIDEO_20251129_011910339.mp4,23564.07,96319145.69,1657
H:\核心存储\档案馆\木耳 20240425-20251129,VIDEO_20251129_091713574.mp4,115964.96,96319145.69,1657
H:\核心存储\档案馆\木耳 20240425-20251129,VIDEO_20251129_091725862.mp4,7530.23,96319145.69,1657
H:\核心存储\档案馆\木耳 20240425-20251129,VIDEO_20251129_091747245.mp4,6954.95,96319145.69,1657
H:\核心存储\档案馆\木耳 20240425-20251129,VIDEO_20251129_091800627.mp4,1116.82,96319145.69,1657
H:\核心存储\档案馆\木耳 20240425-20251129,VIDEO_20251129_091839541.mp4,19208.04,96319145.69,1657
H:\核心存储\档案馆\木耳 20240425-20251129,VIDEO_20251129_091856920.mp4,4817.15,96319145.69,1657
H:\核心存储\档案馆\木耳 20240425-20251129,VIDEO_20251129_091934687.mp4,16861.07,96319145.69,1657
H:\核心存储\档案馆\木耳 20240425-20251129,VIDEO_20251129_091944725.mp4,4296.68,96319145.69,1657
H:\核心存储\档案馆\木耳 20240425-20251129,VIDEO_20251129_092114637.mp4,27971.73,96319145.69,1657
H:\核心存储\档案馆\木耳 20240425-20251129,VIDEO_20251129_092410977.mp4,97622.73,96319145.69,1657
H:\核心存储\档案馆\木耳 20240425-20251129,VIDEO_20251129_092429850.mp4,160.12,96319145.69,1657
H:\核心存储\档案馆\木耳 20240425-20251129,VIDEO_20251129_092432650.mp4,162.83,96319145.69,1657
H:\核心存储\档案馆\木耳 20240425-20251129,VIDEO_20251129_092435913.mp4,202.82,96319145.69,1657
H:\核心存储\档案馆\木耳 20240425-20251129,VIDEO_20251129_092439207.mp4,169.74,96319145.69,1657
H:\核心存储\档案馆\木耳 20240425-20251129,VIDEO_20251129_092442396.mp4,163.93,96319145.69,1657
H:\核心存储\档案馆\木耳 20240425-20251129,VIDEO_20251129_092450882.mp4,718.57,96319145.69,1657
H:\核心存储\档案馆\木耳 20240425-20251129,VIDEO_20251129_092455619.mp4,335.08,96319145.69,1657
H:\核心存储\档案馆\木耳 20240425-20251129,VIDEO_20251129_092502489.mp4,533.16,96319145.69,1657
H:\核心存储\档案馆\木耳 20240425-20251129,VIDEO_20251129_092524226.mp4,1274.87,96319145.69,1657
H:\核心存储\档案馆\木耳 20240425-20251129,VIDEO_20251129_092626555.mp4,18984.2,96319145.69,1657
H:\核心存储\档案馆\木耳 20240425-20251129,VID_20240427_224649.mp4,53453.63,96319145.69,1657
H:\核心存储\档案馆\木耳 20240425-20251129,VID_20240427_225043.mp4,103470.44,96319145.69,1657
H:\核心存储\档案馆\木耳 20240425-20251129,VID_20240429_020612.mp4,214652.53,96319145.69,1657
H:\核心存储\档案馆\木耳 20240425-20251129,VID_20240429_021738.mp4,199074.75,96319145.69,1657
H:\核心存储\档案馆\木耳 20240425-20251129,VID_20240429_043050.mp4,41158.38,96319145.69,1657
H:\核心存储\档案馆\木耳 20240425-20251129,VID_20240429_164311.mp4,109483.69,96319145.69,1657
H:\核心存储\档案馆\木耳 20240425-20251129,VID_20240429_212626.mp4,679362.7,96319145.69,1657
H:\核心存储\档案馆\木耳 20240425-20251129,VID_20240501_061825.mp4,202801.52,96319145.69,1657
H:\核心存储\档案馆\木耳 20240425-20251129,VID_20240501_090931.mp4,572405.41,96319145.69,1657
H:\核心存储\档案馆\木耳 20240425-20251129,VID_20240502_060226.mp4,84612.84,96319145.69,1657
H:\核心存储\档案馆\木耳 20240425-20251129,VID_20240502_061359.mp4,26858.85,96319145.69,1657
H:\核心存储\档案馆\木耳 20240425-20251129,VID_20240502_061504.mp4,70525.17,96319145.69,1657
H:\核心存储\档案馆\木耳 20240425-20251129,VID_20240503_054401.mp4,76236.33,96319145.69,1657
H:\核心存储\档案馆\木耳 20240425-20251129,VID_20240505_082726.mp4,50099.52,96319145.69,1657
H:\核心存储\档案馆\木耳 20240425-20251129,VID_20240507_192427.mp4,51403.42,96319145.69,1657
H:\核心存储\档案馆\木耳 20240425-20251129,VID_20240508_072959.mp4,76740.33,96319145.69,1657
H:\核心存储\档案馆\木耳 20240425-20251129,VID_20240508_073034.mp4,124745.81,96319145.69,1657
H:\核心存储\档案馆\木耳 20240425-20251129,VID_20240508_073704.mp4,41597.9,96319145.69,1657
H:\核心存储\档案馆\木耳 20240425-20251129,VID_20240508_175638.mp4,622800.6,96319145.69,1657
H:\核心存储\档案馆\木耳 20240425-20251129,VID_20240508_180240.mp4,322723.94,96319145.69,1657
H:\核心存储\档案馆\木耳 20240425-20251129,VID_20240508_180626.mp4,1106158.81,96319145.69,1657
H:\核心存储\档案馆\木耳 20240425-20251129,VID_20240509_015851.mp4,129249.81,96319145.69,1657
H:\核心存储\档案馆\木耳 20240425-20251129,VID_20240509_015950.mp4,310298.6,96319145.69,1657
H:\核心存储\档案馆\木耳 20240425-20251129,VID_20240509_021059.mp4,100003.67,96319145.69,1657
H:\核心存储\档案馆\木耳 20240425-20251129,VID_20240509_082710.mp4,467948.73,96319145.69,1657
H:\核心存储\档案馆\木耳 20240425-20251129,VID_20240509_091113.mp4,109645.0,96319145.69,1657
H:\核心存储\档案馆\木耳 20240425-20251129,VID_20240509_104340.mp4,120052.0,96319145.69,1657
H:\核心存储\档案馆\木耳 20240425-20251129,VID_20240509_115206.mp4,7690.8,96319145.69,1657
H:\核心存储\档案馆\木耳 20240425-20251129,VID_20240509_115501.mp4,513798.97,96319145.69,1657
H:\核心存储\档案馆\木耳 20240425-20251129,VID_20240509_120110.mp4,544436.21,96319145.69,1657
H:\核心存储\档案馆\木耳 20240425-20251129,VID_20240509_120940.mp4,67281.3,96319145.69,1657
H:\核心存储\档案馆\木耳 20240425-20251129,VID_20240509_172409.mp4,1515280.42,96319145.69,1657
H:\核心存储\档案馆\木耳 20240425-20251129,VID_20240509_191106.mp4,395718.12,96319145.69,1657
H:\核心存储\档案馆\木耳 20240425-20251129,VID_20240510_021806.mp4,51738.25,96319145.69,1657
H:\核心存储\档案馆\木耳 20240425-20251129,VID_20240510_171410.mp4,122018.02,96319145.69,1657
H:\核心存储\档案馆\木耳 20240425-20251129,VID_20240510_171640.mp4,125983.08,96319145.69,1657
H:\核心存储\档案馆\木耳 20240425-20251129,VID_20240510_171807.mp4,199658.87,96319145.69,1657
H:\核心存储\档案馆\木耳 20240425-20251129,VID_20240510_171948.mp4,123832.38,96319145.69,1657
H:\核心存储\档案馆\木耳 20240425-20251129,VID_20240510_172220.mp4,650762.11,96319145.69,1657
H:\核心存储\档案馆\木耳 20240425-20251129,VID_20240511_153324.mp4,44756.88,96319145.69,1657
H:\核心存储\档案馆\木耳 20240425-20251129,VID_20240511_153439.mp4,16683.74,96319145.69,1657
H:\核心存储\档案馆\木耳 20240425-20251129,VID_20240511_153644.mp4,18198.67,96319145.69,1657
H:\核心存储\档案馆\木耳 20240425-20251129,VID_20240511_153846.mp4,25508.18,96319145.69,1657
H:\核心存储\档案馆\木耳 20240425-20251129,VID_20240511_173437.mp4,183760.97,96319145.69,1657
H:\核心存储\档案馆\木耳 20240425-20251129,VID_20240511_175702.mp4,132039.71,96319145.69,1657
H:\核心存储\档案馆\木耳 20240425-20251129,VID_20240511_175841.mp4,29790.17,96319145.69,1657
H:\核心存储\档案馆\木耳 20240425-20251129,VID_20240511_191816.mp4,31318.93,96319145.69,1657
H:\核心存储\档案馆\木耳 20240425-20251129,VID_20240511_201829.mp4,52195.08,96319145.69,1657
H:\核心存储\档案馆\木耳 20240425-20251129,VID_20240511_205919.mp4,133587.73,96319145.69,1657
H:\核心存储\档案馆\木耳 20240425-20251129,VID_20240511_210126.mp4,160705.33,96319145.69,1657
H:\核心存储\档案馆\木耳 20240425-20251129,VID_20240512_071544.mp4,118710.26,96319145.69,1657
H:\核心存储\档案馆\木耳 20240425-20251129,VID_20240512_090306.mp4,69449.01,96319145.69,1657
H:\核心存储\档案馆\木耳 20240425-20251129,VID_20240512_090437.mp4,197481.67,96319145.69,1657
H:\核心存储\档案馆\木耳 20240425-20251129,VID_20240512_090607.mp4,36470.0,96319145.69,1657
H:\核心存储\档案馆\木耳 20240425-20251129,VID_20240512_090648.mp4,163901.24,96319145.69,1657
H:\核心存储\档案馆\木耳 20240425-20251129,VID_20240512_090822.mp4,537339.22,96319145.69,1657
H:\核心存储\档案馆\木耳 20240425-20251129,VID_20240512_091726.mp4,74789.71,96319145.69,1657
H:\核心存储\档案馆\木耳 20240425-20251129,VID_20240512_100253.mp4,59952.65,96319145.69,1657
H:\核心存储\档案馆\木耳 20240425-20251129,VID_20240512_133048.mp4,55188.65,96319145.69,1657
H:\核心存储\档案馆\木耳 20240425-20251129,VID_20240512_133154.mp4,25504.75,96319145.69,1657
H:\核心存储\档案馆\木耳 20240425-20251129,VID_20240512_164032.mp4,118060.95,96319145.69,1657
H:\核心存储\档案馆\木耳 20240425-20251129,VID_20240512_174304.mp4,221796.08,96319145.69,1657
H:\核心存储\档案馆\木耳 20240425-20251129,VID_20240512_174441.mp4,469613.69,96319145.69,1657
H:\核心存储\档案馆\木耳 20240425-20251129,VID_20240512_174815.mp4,540964.72,96319145.69,1657
H:\核心存储\档案馆\木耳 20240425-20251129,VID_20240512_180851.mp4,237822.21,96319145.69,1657
H:\核心存储\档案馆\木耳 20240425-20251129,VID_20240512_181208.mp4,432076.57,96319145.69,1657
H:\核心存储\档案馆\木耳 20240425-20251129,VID_20240513_121829.mp4,474091.86,96319145.69,1657
H:\核心存储\档案馆\木耳 20240425-20251129,VID_20240513_183838.mp4,55106.08,96319145.69,1657
H:\核心存储\档案馆\木耳 20240425-20251129,VID_20240513_190201.mp4,535902.08,96319145.69,1657
H:\核心存储\档案馆\木耳 20240425-20251129,VID_20240513_190540.mp4,216855.57,96319145.69,1657
H:\核心存储\档案馆\木耳 20240425-20251129,VID_20240513_211008.mp4,156989.39,96319145.69,1657
H:\核心存储\档案馆\木耳 20240425-20251129,VID_20240514_061819.mp4,479900.97,96319145.69,1657
H:\核心存储\档案馆\木耳 20240425-20251129,VID_20240514_062317.mp4,25137.43,96319145.69,1657
H:\核心存储\档案馆\木耳 20240425-20251129,VID_20240514_093341.mp4,314711.11,96319145.69,1657
H:\核心存储\档案馆\木耳 20240425-20251129,VID_20240514_093619.mp4,102941.41,96319145.69,1657
H:\核心存储\档案馆\木耳 20240425-20251129,VID_20240514_093736.mp4,442673.13,96319145.69,1657
H:\核心存储\档案馆\木耳 20240425-20251129,VID_20240514_094045.mp4,273016.39,96319145.69,1657
H:\核心存储\档案馆\木耳 20240425-20251129,VID_20240514_094921.mp4,101807.01,96319145.69,1657
H:\核心存储\档案馆\木耳 20240425-20251129,VID_20240514_095018.mp4,123105.49,96319145.69,1657
H:\核心存储\档案馆\木耳 20240425-20251129,VID_20240514_095144.mp4,30292.42,96319145.69,1657
H:\核心存储\档案馆\木耳 20240425-20251129,VID_20240514_095204.mp4,23393.25,96319145.69,1657
H:\核心存储\档案馆\木耳 20240425-20251129,VID_20240514_133951.mp4,272867.94,96319145.69,1657
H:\核心存储\档案馆\木耳 20240425-20251129,VID_20240514_134154.mp4,25878.0,96319145.69,1657
H:\核心存储\档案馆\木耳 20240425-20251129,VID_20240514_161915.mp4,191611.98,96319145.69,1657
H:\核心存储\档案馆\木耳 20240425-20251129,VID_20240514_162239.mp4,86115.57,96319145.69,1657
H:\核心存储\档案馆\木耳 20240425-20251129,VID_20240514_180308.mp4,556804.7,96319145.69,1657
H:\核心存储\档案馆\木耳 20240425-20251129,VID_20240514_180741.mp4,114172.08,96319145.69,1657
H:\核心存储\档案馆\木耳 20240425-20251129,VID_20240514_180930.mp4,228335.18,96319145.69,1657
H:\核心存储\档案馆\木耳 20240425-20251129,VID_20240514_182332.mp4,24089.46,96319145.69,1657
H:\核心存储\档案馆\木耳 20240425-20251129,VID_20240515_082953.mp4,97957.24,96319145.69,1657
H:\核心存储\档案馆\木耳 20240425-20251129,VID_20240515_083052.mp4,98517.2,96319145.69,1657
H:\核心存储\档案馆\木耳 20240425-20251129,VID_20240515_090130.mp4,59560.64,96319145.69,1657
H:\核心存储\档案馆\木耳 20240425-20251129,VID_20240515_090349.mp4,105542.68,96319145.69,1657
H:\核心存储\档案馆\木耳 20240425-20251129,VID_20240515_090510.mp4,25709.56,96319145.69,1657
H:\核心存储\档案馆\木耳 20240425-20251129,VID_20240515_173508.mp4,127394.59,96319145.69,1657
H:\核心存储\档案馆\木耳 20240425-20251129,VID_20240515_174122.mp4,212397.87,96319145.69,1657
H:\核心存储\档案馆\木耳 20240425-20251129,VID_20240515_175601.mp4,25662.25,96319145.69,1657
H:\核心存储\档案馆\木耳 20240425-20251129,VID_20240515_175615.mp4,143953.89,96319145.69,1657
H:\核心存储\档案馆\木耳 20240425-20251129,VID_20240515_175727.mp4,61392.95,96319145.69,1657
H:\核心存储\档案馆\木耳 20240425-20251129,VID_20240515_175757.mp4,255197.75,96319145.69,1657
H:\核心存储\档案馆\木耳 20240425-20251129,VID_20240515_180314.mp4,465082.97,96319145.69,1657
H:\核心存储\档案馆\木耳 20240425-20251129,VID_20240515_181047.mp4,188217.46,96319145.69,1657
H:\核心存储\档案馆\木耳 20240425-20251129,VID_20240515_181517.mp4,316094.52,96319145.69,1657
H:\核心存储\档案馆\木耳 20240425-20251129,VID_20240515_181804.mp4,409376.42,96319145.69,1657
H:\核心存储\档案馆\木耳 20240425-20251129,VID_20240515_182556.mp4,473337.96,96319145.69,1657
H:\核心存储\档案馆\木耳 20240425-20251129,VID_20240515_185131.mp4,223386.38,96319145.69,1657
H:\核心存储\档案馆\木耳 20240425-20251129,VID_20240515_185417.mp4,128630.47,96319145.69,1657
H:\核心存储\档案馆\木耳 20240425-20251129,VID_20240515_185711.mp4,39906.73,96319145.69,1657
H:\核心存储\档案馆\木耳 20240425-20251129,VID_20240515_192609.mp4,76024.6,96319145.69,1657
H:\核心存储\档案馆\木耳 20240425-20251129,VID_20240515_192712.mp4,10268.53,96319145.69,1657
H:\核心存储\档案馆\木耳 20240425-20251129,VID_20240515_192838.mp4,176499.25,96319145.69,1657
H:\核心存储\档案馆\木耳 20240425-20251129,VID_20240516_102732.mp4,148920.12,96319145.69,1657
H:\核心存储\档案馆\木耳 20240425-20251129,VID_20240516_102900.mp4,863844.52,96319145.69,1657
H:\核心存储\档案馆\木耳 20240425-20251129,VID_20240516_103636.mp4,483101.01,96319145.69,1657
H:\核心存储\档案馆\木耳 20240425-20251129,VID_20240516_104049.mp4,252894.4,96319145.69,1657
H:\核心存储\档案馆\木耳 20240425-20251129,VID_20240516_175113.mp4,303710.44,96319145.69,1657
H:\核心存储\档案馆\木耳 20240425-20251129,VID_20240516_175329.mp4,91691.59,96319145.69,1657
H:\核心存储\档案馆\木耳 20240425-20251129,VID_20240516_183112.mp4,31542.73,96319145.69,1657
H:\核心存储\档案馆\木耳 20240425-20251129,VID_20240517_095114.mp4,10925.05,96319145.69,1657
H:\核心存储\档案馆\木耳 20240425-20251129,VID_20240517_095253.mp4,32323.52,96319145.69,1657
H:\核心存储\档案馆\木耳 20240425-20251129,VID_20240517_175635.mp4,117984.77,96319145.69,1657
H:\核心存储\档案馆\木耳 20240425-20251129,VID_20240517_182641.mp4,52133.36,96319145.69,1657
H:\核心存储\档案馆\木耳 20240425-20251129,VID_20240517_182805.mp4,509194.0,96319145.69,1657
H:\核心存储\档案馆\木耳 20240425-20251129,VID_20240517_202819.mp4,154982.05,96319145.69,1657
H:\核心存储\档案馆\木耳 20240425-20251129,VID_20240517_202929.mp4,43296.9,96319145.69,1657
H:\核心存储\档案馆\木耳 20240425-20251129,VID_20240517_224104.mp4,413135.97,96319145.69,1657
H:\核心存储\档案馆\木耳 20240425-20251129,VID_20240517_224734.mp4,474401.22,96319145.69,1657
H:\核心存储\档案馆\木耳 20240425-20251129,VID_20240517_225254.mp4,133393.17,96319145.69,1657
H:\核心存储\档案馆\木耳 20240425-20251129,VID_20240517_225358.mp4,113860.36,96319145.69,1657
H:\核心存储\档案馆\木耳 20240425-20251129,VID_20240517_225732.mp4,90069.84,96319145.69,1657
H:\核心存储\档案馆\木耳 20240425-20251129,VID_20240517_225825.mp4,73884.52,96319145.69,1657
H:\核心存储\档案馆\木耳 20240425-20251129,VID_20240517_230618.mp4,71132.94,96319145.69,1657
H:\核心存储\档案馆\木耳 20240425-20251129,VID_20240518_154616.mp4,27709.96,96319145.69,1657
H:\核心存储\档案馆\木耳 20240425-20251129,VID_20240518_181636.mp4,60688.73,96319145.69,1657
H:\核心存储\档案馆\木耳 20240425-20251129,VID_20240518_181715.mp4,47790.42,96319145.69,1657
H:\核心存储\档案馆\木耳 20240425-20251129,VID_20240518_181739.mp4,321560.71,96319145.69,1657
H:\核心存储\档案馆\木耳 20240425-20251129,VID_20240518_182058.mp4,245670.34,96319145.69,1657
H:\核心存储\档案馆\木耳 20240425-20251129,VID_20240518_182304.mp4,56598.24,96319145.69,1657
H:\核心存储\档案馆\木耳 20240425-20251129,VID_20240518_182941.mp4,418029.57,96319145.69,1657
H:\核心存储\档案馆\木耳 20240425-20251129,VID_20240518_183252.mp4,106832.11,96319145.69,1657
H:\核心存储\档案馆\木耳 20240425-20251129,VID_20240518_183352.mp4,156327.58,96319145.69,1657
H:\核心存储\档案馆\木耳 20240425-20251129,VID_20240518_184104.mp4,106792.06,96319145.69,1657
H:\核心存储\档案馆\木耳 20240425-20251129,VID_20240518_190754.mp4,176658.13,96319145.69,1657
H:\核心存储\档案馆\木耳 20240425-20251129,VID_20240518_191123.mp4,94653.94,96319145.69,1657
H:\核心存储\档案馆\木耳 20240425-20251129,VID_20240518_191721.mp4,151129.48,96319145.69,1657
H:\核心存储\档案馆\木耳 20240425-20251129,VID_20240518_191843.mp4,150944.75,96319145.69,1657
H:\核心存储\档案馆\木耳 20240425-20251129,VID_20240518_192405.mp4,104258.64,96319145.69,1657
H:\核心存储\档案馆\木耳 20240425-20251129,VID_20240518_192543.mp4,152447.96,96319145.69,1657
H:\核心存储\档案馆\木耳 20240425-20251129,VID_20240518_192729.mp4,151207.3,96319145.69,1657
H:\核心存储\档案馆\木耳 20240425-20251129,VID_20240518_193235.mp4,240039.96,96319145.69,1657
H:\核心存储\档案馆\木耳 20240425-20251129,VID_20240518_193453.mp4,127992.14,96319145.69,1657
H:\核心存储\档案馆\木耳 20240425-20251129,VID_20240518_193842.mp4,193486.72,96319145.69,1657
H:\核心存储\档案馆\木耳 20240425-20251129,VID_20240518_194114.mp4,446655.99,96319145.69,1657
H:\核心存储\档案馆\木耳 20240425-20251129,VID_20240518_195112.mp4,449375.17,96319145.69,1657
H:\核心存储\档案馆\木耳 20240425-20251129,VID_20240518_204836.mp4,137894.81,96319145.69,1657
H:\核心存储\档案馆\木耳 20240425-20251129,VID_20240518_205026.mp4,244497.32,96319145.69,1657
H:\核心存储\档案馆\木耳 20240425-20251129,VID_20240519_085028.mp4,82636.88,96319145.69,1657
H:\核心存储\档案馆\木耳 20240425-20251129,VID_20240520_144519.mp4,336835.2,96319145.69,1657
H:\核心存储\档案馆\木耳 20240425-20251129,VID_20240520_144754.mp4,95560.46,96319145.69,1657
H:\核心存储\档案馆\木耳 20240425-20251129,VID_20240520_202913.mp4,119087.35,96319145.69,1657
H:\核心存储\档案馆\木耳 20240425-20251129,VID_20240520_203456.mp4,89564.64,96319145.69,1657
H:\核心存储\档案馆\木耳 20240425-20251129,VID_20240520_203834.mp4,166402.65,96319145.69,1657
H:\核心存储\档案馆\木耳 20240425-20251129,VID_20240520_220847.mp4,44749.05,96319145.69,1657
H:\核心存储\档案馆\木耳 20240425-20251129,VID_20240522_021524.mp4,869684.29,96319145.69,1657
H:\核心存储\档案馆\木耳 20240425-20251129,VID_20240522_124557.mp4,46512.66,96319145.69,1657
H:\核心存储\档案馆\木耳 20240425-20251129,VID_20240522_124958.mp4,666038.32,96319145.69,1657
H:\核心存储\档案馆\木耳 20240425-20251129,VID_20240522_125527.mp4,231298.1,96319145.69,1657
H:\核心存储\档案馆\木耳 20240425-20251129,VID_20240522_125954.mp4,131746.88,96319145.69,1657
H:\核心存储\档案馆\木耳 20240425-20251129,VID_20240523_001435.mp4,133355.93,96319145.69,1657
H:\核心存储\档案馆\木耳 20240425-20251129,VID_20240523_224806.mp4,61492.31,96319145.69,1657
H:\核心存储\档案馆\木耳 20240425-20251129,VID_20240523_224833.mp4,95083.86,96319145.69,1657
H:\核心存储\档案馆\木耳 20240425-20251129,VID_20240523_224951.mp4,71473.14,96319145.69,1657
H:\核心存储\档案馆\木耳 20240425-20251129,VID_20240523_225029.mp4,87701.46,96319145.69,1657
H:\核心存储\档案馆\木耳 20240425-20251129,VID_20240524_234554.mp4,76080.35,96319145.69,1657
H:\核心存储\档案馆\木耳 20240425-20251129,VID_20240524_234646.mp4,557634.42,96319145.69,1657
H:\核心存储\档案馆\木耳 20240425-20251129,VID_20240526_111012.mp4,115586.08,96319145.69,1657
H:\核心存储\档案馆\木耳 20240425-20251129,VID_20240526_111139.mp4,89820.04,96319145.69,1657
H:\核心存储\档案馆\木耳 20240425-20251129,VID_20240526_181934.mp4,48711.37,96319145.69,1657
H:\核心存储\档案馆\木耳 20240425-20251129,VID_20240527_082855.mp4,96682.77,96319145.69,1657
H:\核心存储\档案馆\木耳 20240425-20251129,VID_20240527_082947.mp4,53452.87,96319145.69,1657
H:\核心存储\档案馆\木耳 20240425-20251129,VID_20240527_213317.mp4,35956.39,96319145.69,1657
H:\核心存储\档案馆\木耳 20240425-20251129,VID_20240528_194755.mp4,663727.7,96319145.69,1657
H:\核心存储\档案馆\木耳 20240425-20251129,VID_20240528_195436.mp4,32925.58,96319145.69,1657
H:\核心存储\档案馆\木耳 20240425-20251129,VID_20240528_195524.mp4,66775.33,96319145.69,1657
H:\核心存储\档案馆\木耳 20240425-20251129,VID_20240531_211719.mp4,63607.51,96319145.69,1657
H:\核心存储\档案馆\木耳 20240425-20251129,VID_20240602_203719.mp4,87669.55,96319145.69,1657
H:\核心存储\档案馆\木耳 20240425-20251129,VID_20240602_203814.mp4,154524.64,96319145.69,1657
H:\核心存储\档案馆\木耳 20240425-20251129,VID_20240602_204027.mp4,233390.9,96319145.69,1657
H:\核心存储\档案馆\木耳 20240425-20251129,VID_20240602_204309.mp4,83887.63,96319145.69,1657
H:\核心存储\档案馆\木耳 20240425-20251129,VID_20240602_204348.mp4,147628.54,96319145.69,1657
H:\核心存储\档案馆\木耳 20240425-20251129,VID_20240603_230125.mp4,246269.95,96319145.69,1657
H:\核心存储\档案馆\木耳 20240425-20251129,VID_20240603_230333.mp4,152023.96,96319145.69,1657
H:\核心存储\档案馆\木耳 20240425-20251129,VID_20240603_230511.mp4,37883.69,96319145.69,1657
H:\核心存储\档案馆\木耳 20240425-20251129,VID_20240603_230556.mp4,218862.92,96319145.69,1657
H:\核心存储\档案馆\木耳 20240425-20251129,VID_20240604_080026.mp4,104491.69,96319145.69,1657
H:\核心存储\档案馆\木耳 20240425-20251129,VID_20240604_080123.mp4,33398.27,96319145.69,1657
H:\核心存储\档案馆\木耳 20240425-20251129,VID_20240604_080358.mp4,40390.65,96319145.69,1657
H:\核心存储\档案馆\木耳 20240425-20251129,VID_20240604_080456.mp4,80541.74,96319145.69,1657
H:\核心存储\档案馆\木耳 20240425-20251129,VID_20240604_195723.mp4,51348.01,96319145.69,1657
H:\核心存储\档案馆\木耳 20240425-20251129,VID_20240606_202720.mp4,113273.49,96319145.69,1657
H:\核心存储\档案馆\木耳 20240425-20251129,VID_20240606_202810.mp4,144197.24,96319145.69,1657
H:\核心存储\档案馆\木耳 20240425-20251129,VID_20240606_203640.mp4,126189.91,96319145.69,1657
H:\核心存储\档案馆\木耳 20240425-20251129,VID_20240606_203746.mp4,104097.93,96319145.69,1657
H:\核心存储\档案馆\木耳 20240425-20251129,VID_20240608_131803.mp4,77548.31,96319145.69,1657
H:\核心存储\档案馆\木耳 20240425-20251129,VID_20240608_155512.mp4,625496.43,96319145.69,1657
H:\核心存储\档案馆\木耳 20240425-20251129,VID_20240608_160022.mp4,99435.19,96319145.69,1657
H:\核心存储\档案馆\木耳 20240425-20251129,VID_20240608_160137.mp4,29181.23,96319145.69,1657
H:\核心存储\档案馆\木耳 20240425-20251129,VID_20240608_160201.mp4,119884.54,96319145.69,1657
H:\核心存储\档案馆\木耳 20240425-20251129,VID_20240608_160607.mp4,38106.48,96319145.69,1657
H:\核心存储\档案馆\木耳 20240425-20251129,VID_20240608_160755.mp4,50242.36,96319145.69,1657
H:\核心存储\档案馆\木耳 20240425-20251129,VID_20240608_190432.mp4,119916.01,96319145.69,1657
H:\核心存储\档案馆\木耳 20240425-20251129,VID_20240608_203227.mp4,109256.73,96319145.69,1657
H:\核心存储\档案馆\木耳 20240425-20251129,VID_20240609_104917.mp4,127167.29,96319145.69,1657
H:\核心存储\档案馆\木耳 20240425-20251129,VID_20240609_174643.mp4,57047.46,96319145.69,1657
H:\核心存储\档案馆\木耳 20240425-20251129,VID_20240609_182551.mp4,116591.02,96319145.69,1657
H:\核心存储\档案馆\木耳 20240425-20251129,VID_20240609_182718.mp4,136261.87,96319145.69,1657
H:\核心存储\档案馆\木耳 20240425-20251129,VID_20240609_182844.mp4,210148.23,96319145.69,1657
H:\核心存储\档案馆\木耳 20240425-20251129,VID_20240609_183023.mp4,153842.57,96319145.69,1657
H:\核心存储\档案馆\木耳 20240425-20251129,VID_20240609_202734.mp4,62994.47,96319145.69,1657
H:\核心存储\档案馆\木耳 20240425-20251129,VID_20240609_202914.mp4,60069.62,96319145.69,1657
H:\核心存储\档案馆\木耳 20240425-20251129,VID_20240609_203013.mp4,179291.66,96319145.69,1657
H:\核心存储\档案馆\木耳 20240425-20251129,VID_20240609_203134.mp4,145415.82,96319145.69,1657
H:\核心存储\档案馆\木耳 20240425-20251129,VID_20240610_152805.mp4,153729.99,96319145.69,1657
H:\核心存储\档案馆\木耳 20240425-20251129,VID_20240610_153046.mp4,115495.04,96319145.69,1657
H:\核心存储\档案馆\木耳 20240425-20251129,VID_20240610_154250.mp4,139204.72,96319145.69,1657
H:\核心存储\档案馆\木耳 20240425-20251129,VID_20240610_172506.mp4,310060.88,96319145.69,1657
H:\核心存储\档案馆\木耳 20240425-20251129,VID_20240611_052033.mp4,230144.57,96319145.69,1657
H:\核心存储\档案馆\木耳 20240425-20251129,VID_20240611_052218.mp4,123549.38,96319145.69,1657
H:\核心存储\档案馆\木耳 20240425-20251129,VID_20240611_082322.mp4,111256.91,96319145.69,1657
H:\核心存储\档案馆\木耳 20240425-20251129,VID_20240611_124035.mp4,87191.63,96319145.69,1657
H:\核心存储\档案馆\木耳 20240425-20251129,VID_20240611_133646.mp4,216692.77,96319145.69,1657
H:\核心存储\档案馆\木耳 20240425-20251129,VID_20240611_133846.mp4,209930.17,96319145.69,1657
H:\核心存储\档案馆\木耳 20240425-20251129,VID_20240611_233558.mp4,39670.28,96319145.69,1657
H:\核心存储\档案馆\木耳 20240425-20251129,VID_20240612_131606.mp4,122962.11,96319145.69,1657
H:\核心存储\档案馆\木耳 20240425-20251129,VID_20240612_134356.mp4,82133.9,96319145.69,1657
H:\核心存储\档案馆\木耳 20240425-20251129,VID_20240613_125945.mp4,253838.23,96319145.69,1657
H:\核心存储\档案馆\木耳 20240425-20251129,VID_20240613_130137.mp4,114811.95,96319145.69,1657
H:\核心存储\档案馆\木耳 20240425-20251129,VID_20240613_223058.mp4,49577.04,96319145.69,1657
H:\核心存储\档案馆\木耳 20240425-20251129,VID_20240613_223148.mp4,239177.3,96319145.69,1657
H:\核心存储\档案馆\木耳 20240425-20251129,VID_20240613_225257.mp4,804733.23,96319145.69,1657
H:\核心存储\档案馆\木耳 20240425-20251129,VID_20240613_225926.mp4,229504.48,96319145.69,1657
H:\核心存储\档案馆\木耳 20240425-20251129,VID_20240613_230349.mp4,109351.39,96319145.69,1657
H:\核心存储\档案馆\木耳 20240425-20251129,VID_20240613_230604.mp4,142764.1,96319145.69,1657
H:\核心存储\档案馆\木耳 20240425-20251129,VID_20240613_230750.mp4,399246.28,96319145.69,1657
H:\核心存储\档案馆\木耳 20240425-20251129,VID_20240613_231150.mp4,106757.37,96319145.69,1657
H:\核心存储\档案馆\木耳 20240425-20251129,VID_20240613_231239.mp4,559877.65,96319145.69,1657
H:\核心存储\档案馆\木耳 20240425-20251129,VID_20240614_073444.mp4,45841.39,96319145.69,1657
H:\核心存储\档案馆\木耳 20240425-20251129,VID_20240614_124318.mp4,348717.49,96319145.69,1657
H:\核心存储\档案馆\木耳 20240425-20251129,VID_20240614_211400.mp4,120673.36,96319145.69,1657
H:\核心存储\档案馆\木耳 20240425-20251129,VID_20240615_084311.mp4,24701.62,96319145.69,1657
H:\核心存储\档案馆\木耳 20240425-20251129,VID_20240615_084431.mp4,339831.14,96319145.69,1657
H:\核心存储\档案馆\木耳 20240425-20251129,VID_20240615_152122.mp4,164039.68,96319145.69,1657
H:\核心存储\档案馆\木耳 20240425-20251129,VID_20240615_152749.mp4,215667.25,96319145.69,1657
H:\核心存储\档案馆\木耳 20240425-20251129,VID_20240615_184844.mp4,96521.8,96319145.69,1657
H:\核心存储\档案馆\木耳 20240425-20251129,VID_20240615_200654.mp4,129568.27,96319145.69,1657
H:\核心存储\档案馆\木耳 20240425-20251129,VID_20240615_200827.mp4,81654.44,96319145.69,1657
H:\核心存储\档案馆\木耳 20240425-20251129,VID_20240615_201135.mp4,137338.19,96319145.69,1657
H:\核心存储\档案馆\木耳 20240425-20251129,VID_20240615_201443.mp4,81457.47,96319145.69,1657
H:\核心存储\档案馆\木耳 20240425-20251129,VID_20240615_233822.mp4,149021.45,96319145.69,1657
H:\核心存储\档案馆\木耳 20240425-20251129,VID_20240615_233929.mp4,173261.55,96319145.69,1657
H:\核心存储\档案馆\木耳 20240425-20251129,VID_20240615_234154.mp4,202334.68,96319145.69,1657
H:\核心存储\档案馆\木耳 20240425-20251129,VID_20240615_234328.mp4,143968.59,96319145.69,1657
H:\核心存储\档案馆\木耳 20240425-20251129,VID_20240615_234435.mp4,539904.09,96319145.69,1657
H:\核心存储\档案馆\木耳 20240425-20251129,VID_20240616_190542.mp4,482662.8,96319145.69,1657
H:\核心存储\档案馆\木耳 20240425-20251129,VID_20240616_191212.mp4,247987.16,96319145.69,1657
H:\核心存储\档案馆\木耳 20240425-20251129,VID_20240617_215826.mp4,77237.12,96319145.69,1657
H:\核心存储\档案馆\木耳 20240425-20251129,VID_20240619_020138.mp4,94210.11,96319145.69,1657
H:\核心存储\档案馆\木耳 20240425-20251129,VID_20240619_020223.mp4,48320.97,96319145.69,1657
H:\核心存储\档案馆\木耳 20240425-20251129,VID_20240619_020409.mp4,606857.29,96319145.69,1657
H:\核心存储\档案馆\木耳 20240425-20251129,VID_20240619_202333.mp4,193851.2,96319145.69,1657
H:\核心存储\档案馆\木耳 20240425-20251129,VID_20240619_202515.mp4,91405.0,96319145.69,1657
H:\核心存储\档案馆\木耳 20240425-20251129,VID_20240619_202556.mp4,328608.25,96319145.69,1657
H:\核心存储\档案馆\木耳 20240425-20251129,VID_20240619_202903.mp4,105163.88,96319145.69,1657
H:\核心存储\档案馆\木耳 20240425-20251129,VID_20240620_010221.mp4,134921.34,96319145.69,1657
H:\核心存储\档案馆\木耳 20240425-20251129,VID_20240622_000644.mp4,123544.9,96319145.69,1657
H:\核心存储\档案馆\木耳 20240425-20251129,VID_20240622_000741.mp4,109947.97,96319145.69,1657
H:\核心存储\档案馆\木耳 20240425-20251129,VID_20240622_001438.mp4,266777.32,96319145.69,1657
H:\核心存储\档案馆\木耳 20240425-20251129,VID_20240622_203315.mp4,125035.8,96319145.69,1657
H:\核心存储\档案馆\木耳 20240425-20251129,VID_20240622_214852.mp4,47136.31,96319145.69,1657
H:\核心存储\档案馆\木耳 20240425-20251129,VID_20240625_002904.mp4,158121.31,96319145.69,1657
H:\核心存储\档案馆\木耳 20240425-20251129,VID_20240625_003107.mp4,103305.33,96319145.69,1657
H:\核心存储\档案馆\木耳 20240425-20251129,VID_20240625_003244.mp4,60438.03,96319145.69,1657
H:\核心存储\档案馆\木耳 20240425-20251129,VID_20240625_232909.mp4,522295.72,96319145.69,1657
H:\核心存储\档案馆\木耳 20240425-20251129,VID_20240625_233338.mp4,29246.68,96319145.69,1657
H:\核心存储\档案馆\木耳 20240425-20251129,VID_20240625_233409.mp4,146316.11,96319145.69,1657
H:\核心存储\档案馆\木耳 20240425-20251129,VID_20240626_192332.mp4,290401.97,96319145.69,1657
H:\核心存储\档案馆\木耳 20240425-20251129,VID_20240626_193434.mp4,706869.0,96319145.69,1657
H:\核心存储\档案馆\木耳 20240425-20251129,VID_20240626_223917.mp4,53529.98,96319145.69,1657
H:\核心存储\档案馆\木耳 20240425-20251129,VID_20240628_192053.mp4,70782.98,96319145.69,1657
H:\核心存储\档案馆\木耳 20240425-20251129,VID_20240701_001111.mp4,98248.51,96319145.69,1657
H:\核心存储\档案馆\木耳 20240425-20251129,VID_20240701_001317.mp4,90836.62,96319145.69,1657
H:\核心存储\档案馆\木耳 20240425-20251129,VID_20240701_001459.mp4,34036.88,96319145.69,1657
H:\核心存储\档案馆\木耳 20240425-20251129,VID_20240701_001557.mp4,46683.67,96319145.69,1657
H:\核心存储\档案馆\木耳 20240425-20251129,VID_20240703_222514.mp4,22766.68,96319145.69,1657
H:\核心存储\档案馆\木耳 20240425-20251129,VID_20240704_004730.mp4,197800.82,96319145.69,1657
H:\核心存储\档案馆\木耳 20240425-20251129,VID_20240704_004856.mp4,72777.45,96319145.69,1657
H:\核心存储\档案馆\木耳 20240425-20251129,VID_20240704_005351.mp4,219249.2,96319145.69,1657
H:\核心存储\档案馆\木耳 20240425-20251129,VID_20240704_005522.mp4,137106.52,96319145.69,1657
H:\核心存储\档案馆\木耳 20240425-20251129,VID_20240705_000258.mp4,245499.85,96319145.69,1657
H:\核心存储\档案馆\木耳 20240425-20251129,VID_20240706_151804.mp4,289178.69,96319145.69,1657
H:\核心存储\档案馆\木耳 20240425-20251129,VID_20240706_152247.mp4,92430.11,96319145.69,1657
H:\核心存储\档案馆\木耳 20240425-20251129,VID_20240708_004746.mp4,90172.57,96319145.69,1657
H:\核心存储\档案馆\木耳 20240425-20251129,VID_20240708_004833.mp4,82664.5,96319145.69,1657
H:\核心存储\档案馆\木耳 20240425-20251129,VID_20240708_214525.mp4,170157.33,96319145.69,1657
H:\核心存储\档案馆\木耳 20240425-20251129,VID_20240708_214813.mp4,161262.68,96319145.69,1657
H:\核心存储\档案馆\木耳 20240425-20251129,VID_20240710_003017.mp4,55230.6,96319145.69,1657
H:\核心存储\档案馆\木耳 20240425-20251129,VID_20240710_003106.mp4,153984.08,96319145.69,1657
H:\核心存储\档案馆\木耳 20240425-20251129,VID_20240717_205956.mp4,44234.96,96319145.69,1657
H:\核心存储\档案馆\木耳 20240425-20251129,VID_20240720_231402.mp4,112437.32,96319145.69,1657
H:\核心存储\档案馆\木耳 20240425-20251129,VID_20240720_231735.mp4,101637.07,96319145.69,1657
H:\核心存储\档案馆\木耳 20240425-20251129,VID_20240721_003824.mp4,61484.63,96319145.69,1657
H:\核心存储\档案馆\木耳 20240425-20251129,VID_20240721_003852.mp4,89889.85,96319145.69,1657
H:\核心存储\档案馆\木耳 20240425-20251129,VID_20240721_003934.mp4,78811.14,96319145.69,1657
H:\核心存储\档案馆\木耳 20240425-20251129,VID_20240724_003931.mp4,147906.96,96319145.69,1657
H:\核心存储\档案馆\木耳 20240425-20251129,VID_20240724_195001.mp4,68230.26,96319145.69,1657
H:\核心存储\档案馆\木耳 20240425-20251129,VID_20240724_195127.mp4,53308.16,96319145.69,1657
H:\核心存储\档案馆\木耳 20240425-20251129,VID_20240725_224204.mp4,31654.82,96319145.69,1657
H:\核心存储\档案馆\木耳 20240425-20251129,VID_20240725_224228.mp4,30412.48,96319145.69,1657
H:\核心存储\档案馆\木耳 20240425-20251129,VID_20240725_224357.mp4,219591.51,96319145.69,1657
H:\核心存储\档案馆\木耳 20240425-20251129,VID_20240726_002039.mp4,207474.55,96319145.69,1657
H:\核心存储\档案馆\木耳 20240425-20251129,VID_20240726_002329.mp4,219640.0,96319145.69,1657
H:\核心存储\档案馆\木耳 20240425-20251129,VID_20240729_224159.mp4,151735.47,96319145.69,1657
H:\核心存储\档案馆\木耳 20240425-20251129,VID_20240729_224606.mp4,81261.4,96319145.69,1657
H:\核心存储\档案馆\木耳 20240425-20251129,VID_20240729_224645.mp4,61650.82,96319145.69,1657
H:\核心存储\档案馆\木耳 20240425-20251129,VID_20240729_224725.mp4,167050.48,96319145.69,1657
H:\核心存储\档案馆\木耳 20240425-20251129,VID_20240731_010939.mp4,984001.21,96319145.69,1657
H:\核心存储\档案馆\木耳 20240425-20251129,VID_20240803_000256.mp4,157551.76,96319145.69,1657
H:\核心存储\档案馆\木耳 20240425-20251129,VID_20240803_021441.mp4,81447.45,96319145.69,1657
H:\核心存储\档案馆\木耳 20240425-20251129,VID_20240803_021541.mp4,162228.18,96319145.69,1657
H:\核心存储\档案馆\木耳 20240425-20251129,VID_20240803_021725.mp4,204189.75,96319145.69,1657
H:\核心存储\档案馆\木耳 20240425-20251129,VID_20240803_113817.mp4,189887.03,96319145.69,1657
H:\核心存储\档案馆\木耳 20240425-20251129,VID_20240804_160915.mp4,35519.63,96319145.69,1657
H:\核心存储\档案馆\木耳 20240425-20251129,VID_20240804_161044.mp4,66180.52,96319145.69,1657
H:\核心存储\档案馆\木耳 20240425-20251129,VID_20240804_161116.mp4,136659.54,96319145.69,1657
H:\核心存储\档案馆\木耳 20240425-20251129,VID_20240804_205940.mp4,80122.2,96319145.69,1657
H:\核心存储\档案馆\木耳 20240425-20251129,VID_20240804_210117.mp4,35383.82,96319145.69,1657
H:\核心存储\档案馆\木耳 20240425-20251129,VID_20240804_210212.mp4,167400.47,96319145.69,1657
H:\核心存储\档案馆\木耳 20240425-20251129,VID_20240804_210427.mp4,141689.79,96319145.69,1657
H:\核心存储\档案馆\木耳 20240425-20251129,VID_20240805_030603.mp4,24949.91,96319145.69,1657
H:\核心存储\档案馆\木耳 20240425-20251129,VID_20240805_032930.mp4,350525.57,96319145.69,1657
H:\核心存储\档案馆\木耳 20240425-20251129,VID_20240805_033207.mp4,348733.61,96319145.69,1657
H:\核心存储\档案馆\木耳 20240425-20251129,VID_20240805_033707.mp4,107133.39,96319145.69,1657
H:\核心存储\档案馆\木耳 20240425-20251129,VID_20240805_033851.mp4,133972.16,96319145.69,1657
H:\核心存储\档案馆\木耳 20240425-20251129,VID_20240805_160645.mp4,151642.42,96319145.69,1657
H:\核心存储\档案馆\木耳 20240425-20251129,VID_20240807_222539.mp4,625597.7,96319145.69,1657
H:\核心存储\档案馆\木耳 20240425-20251129,VID_20240808_033634.mp4,19186.5,96319145.69,1657
H:\核心存储\档案馆\木耳 20240425-20251129,VID_20240814_005518.mp4,811655.32,96319145.69,1657
H:\核心存储\档案馆\木耳 20240425-20251129,VID_20240814_010055.mp4,50692.45,96319145.69,1657
H:\核心存储\档案馆\木耳 20240425-20251129,VID_20240816_033525.mp4,83000.97,96319145.69,1657
H:\核心存储\档案馆\木耳 20240425-20251129,VID_20240816_033610.mp4,44679.49,96319145.69,1657
H:\核心存储\档案馆\木耳 20240425-20251129,VID_20240816_033641.mp4,355323.96,96319145.69,1657
H:\核心存储\档案馆\木耳 20240425-20251129,VID_20240817_214232.mp4,234875.61,96319145.69,1657
H:\核心存储\档案馆\木耳 20240425-20251129,VID_20240817_214410.mp4,73785.81,96319145.69,1657
H:\核心存储\档案馆\木耳 20240425-20251129,VID_20240818_203602.mp4,214674.82,96319145.69,1657
H:\核心存储\档案馆\木耳 20240425-20251129,VID_20240819_200359.mp4,567602.24,96319145.69,1657
H:\核心存储\档案馆\木耳 20240425-20251129,VID_20240822_233251032.mp4,241542.86,96319145.69,1657
H:\核心存储\档案馆\木耳 20240425-20251129,VID_20240824_031606.mp4,575188.81,96319145.69,1657
H:\核心存储\档案馆\木耳 20240425-20251129,VID_20240824_032156.mp4,303442.36,96319145.69,1657
H:\核心存储\档案馆\木耳 20240425-20251129,VID_20240824_032510.mp4,307939.58,96319145.69,1657
H:\核心存储\档案馆\木耳 20240425-20251129,VID_20240824_161046.mp4,41592.67,96319145.69,1657
H:\核心存储\档案馆\木耳 20240425-20251129,VID_20240824_161110.mp4,35800.05,96319145.69,1657
H:\核心存储\档案馆\木耳 20240425-20251129,VID_20240824_161516.mp4,378416.38,96319145.69,1657
H:\核心存储\档案馆\木耳 20240425-20251129,VID_20240826_010625.mp4,92498.95,96319145.69,1657
H:\核心存储\档案馆\木耳 20240425-20251129,VID_20240826_011507.mp4,677207.61,96319145.69,1657
H:\核心存储\档案馆\木耳 20240425-20251129,VID_20240826_053100.mp4,612891.37,96319145.69,1657
H:\核心存储\档案馆\木耳 20240425-20251129,VID_20240830_213813.mp4,101455.34,96319145.69,1657
H:\核心存储\档案馆\木耳 20240425-20251129,VID_20240830_213941.mp4,51167.36,96319145.69,1657
H:\核心存储\档案馆\木耳 20240425-20251129,VID_20240901_002519.mp4,40056.64,96319145.69,1657
H:\核心存储\档案馆\木耳 20240425-20251129,VID_20240901_062007.mp4,94712.16,96319145.69,1657
H:\核心存储\档案馆\木耳 20240425-20251129,VID_20240901_062144.mp4,157903.6,96319145.69,1657
H:\核心存储\档案馆\木耳 20240425-20251129,VID_20240902_031101.mp4,80307.26,96319145.69,1657
H:\核心存储\档案馆\木耳 20240425-20251129,VID_20240902_031528.mp4,80863.29,96319145.69,1657
H:\核心存储\档案馆\木耳 20240425-20251129,VID_20240902_031608.mp4,58120.24,96319145.69,1657
H:\核心存储\档案馆\木耳 20240425-20251129,VID_20240902_031650.mp4,111172.5,96319145.69,1657
H:\核心存储\档案馆\木耳 20240425-20251129,VID_20240902_031751.mp4,73427.52,96319145.69,1657
H:\核心存储\档案馆\木耳 20240425-20251129,VID_20240902_032047.mp4,131211.31,96319145.69,1657
H:\核心存储\档案馆\木耳 20240425-20251129,VID_20240910_223259.mp4,105419.63,96319145.69,1657
H:\核心存储\档案馆\木耳 20240425-20251129,VID_20240910_223523.mp4,123435.66,96319145.69,1657
H:\核心存储\档案馆\木耳 20240425-20251129,VID_20240915_085115.mp4,40538.74,96319145.69,1657
H:\核心存储\档案馆\木耳 20240425-20251129,VID_20240916_203354.mp4,90042.96,96319145.69,1657
H:\核心存储\档案馆\木耳 20240425-20251129,VID_20240917_135322.mp4,165621.49,96319145.69,1657
H:\核心存储\档案馆\木耳 20240425-20251129,VID_20240918_233825.mp4,328164.72,96319145.69,1657
H:\核心存储\档案馆\木耳 20240425-20251129,VID_20240918_234108.mp4,116348.07,96319145.69,1657
H:\核心存储\档案馆\木耳 20240425-20251129,VID_20240918_234213.mp4,817140.07,96319145.69,1657
H:\核心存储\档案馆\木耳 20240425-20251129,VID_20240919_210839.mp4,68213.21,96319145.69,1657
H:\核心存储\档案馆\木耳 20240425-20251129,VID_20240919_211139.mp4,16496.23,96319145.69,1657
H:\核心存储\档案馆\木耳 20240425-20251129,VID_20240925_011150.mp4,174477.64,96319145.69,1657
H:\核心存储\档案馆\木耳 20240425-20251129,VID_20240925_011907.mp4,893490.93,96319145.69,1657
H:\核心存储\档案馆\木耳 20240425-20251129,wx_camera_1739121580713.mp4,4302.83,96319145.69,1657
H:\核心存储\档案馆\木耳 20240425-20251129,wx_camera_1757511878102.jpg,999.8,96319145.69,1657
H:\核心存储\档案馆\木耳 20240425-20251129,wx_camera_1757776029107.jpg,1027.27,96319145.69,1657
H:\核心存储\档案馆\证件照,一寸.jpg,5100.69,18780.82,3
H:\核心存储\档案馆\证件照,两寸.jpg,7804.11,18780.82,3
H:\核心存储\档案馆\证件照,原尺寸.jpg,5876.02,18780.82,3
H:\核心存储\档案馆\跳舞 2019至今\2024\HyperSpace\hiphop,mmexport1720775159043.mp4,18828.6,537390.54,25
H:\核心存储\档案馆\跳舞 2019至今\2024\HyperSpace\hiphop,mmexport1720775545302.mp4,19366.28,537390.54,25
H:\核心存储\档案馆\跳舞 2019至今\2024\HyperSpace\hiphop,mmexport1720865661683.mp4,19536.94,537390.54,25
H:\核心存储\档案馆\跳舞 2019至今\2024\HyperSpace\hiphop,mmexport1720865685313.mp4,20828.22,537390.54,25
H:\核心存储\档案馆\跳舞 2019至今\2024\HyperSpace\hiphop,mmexport1720865716311.mp4,24539.01,537390.54,25
H:\核心存储\档案馆\跳舞 2019至今\2024\HyperSpace\hiphop,mmexport1721322507636.mp4,23726.83,537390.54,25
H:\核心存储\档案馆\跳舞 2019至今\2024\HyperSpace\hiphop,mmexport1721487590159.mp4,18769.0,537390.54,25
H:\核心存储\档案馆\跳舞 2019至今\2024\HyperSpace\hiphop,mmexport1722528500720.mp4,26971.54,537390.54,25
H:\核心存储\档案馆\跳舞 2019至今\2024\HyperSpace\hiphop,mmexport1722580410774.mp4,26838.71,537390.54,25
H:\核心存储\档案馆\跳舞 2019至今\2024\HyperSpace\hiphop,mmexport1722688884560.mp4,21299.14,537390.54,25
H:\核心存储\档案馆\跳舞 2019至今\2024\HyperSpace\hiphop,mmexport1723135869132.mp4,26828.22,537390.54,25
H:\核心存储\档案馆\跳舞 2019至今\2024\HyperSpace\hiphop,mmexport1723135887463.mp4,17833.48,537390.54,25
H:\核心存储\档案馆\跳舞 2019至今\2024\HyperSpace\hiphop,mmexport1723135908694.mp4,19152.05,537390.54,25
H:\核心存储\档案馆\跳舞 2019至今\2024\HyperSpace\hiphop,mmexport1723135919395.mp4,21903.69,537390.54,25
H:\核心存储\档案馆\跳舞 2019至今\2024\HyperSpace\hiphop,mmexport1723285354450.mp4,18817.81,537390.54,25
H:\核心存储\档案馆\跳舞 2019至今\2024\HyperSpace\hiphop,mmexport1723285383879.mp4,20076.4,537390.54,25
H:\核心存储\档案馆\跳舞 2019至今\2024\HyperSpace\hiphop,mmexport1723285487793.mp4,21261.84,537390.54,25
H:\核心存储\档案馆\跳舞 2019至今\2024\HyperSpace\hiphop,mmexport1723735917690.mp4,27597.54,537390.54,25
H:\核心存储\档案馆\跳舞 2019至今\2024\HyperSpace\hiphop,mmexport1723735926285.mp4,20586.3,537390.54,25
H:\核心存储\档案馆\跳舞 2019至今\2024\HyperSpace\hiphop,mmexport1723735935273.mp4,21451.23,537390.54,25
H:\核心存储\档案馆\跳舞 2019至今\2024\HyperSpace\hiphop,mmexport1723735962191.mp4,20196.04,537390.54,25
H:\核心存储\档案馆\跳舞 2019至今\2024\HyperSpace\hiphop,mmexport1723903576038.mp4,22159.79,537390.54,25
H:\核心存储\档案馆\跳舞 2019至今\2024\HyperSpace\hiphop,mmexport1723903602143.mp4,21459.69,537390.54,25
H:\核心存储\档案馆\跳舞 2019至今\2024\HyperSpace\hiphop,mmexport1723903960640.mp4,18997.9,537390.54,25
H:\核心存储\档案馆\跳舞 2019至今\2024\HyperSpace\hiphop,mmexport1723903986499.mp4,18364.28,537390.54,25
H:\核心存储\档案馆\跳舞 2019至今\2024\HyperSpace\locking,mmexport1666274691136.mp4,7723.38,983366.07,33
H:\核心存储\档案馆\跳舞 2019至今\2024\HyperSpace\locking,mmexport1688391508978.mp4,18180.76,983366.07,33
H:\核心存储\档案馆\跳舞 2019至今\2024\HyperSpace\locking,mmexport1688603106205.mp4,16014.11,983366.07,33
H:\核心存储\档案馆\跳舞 2019至今\2024\HyperSpace\locking,mmexport1688739079495.mp4,23596.27,983366.07,33
H:\核心存储\档案馆\跳舞 2019至今\2024\HyperSpace\locking,mmexport1688739107808.mp4,19923.64,983366.07,33
H:\核心存储\档案馆\跳舞 2019至今\2024\HyperSpace\locking,mmexport1689597950964.mp4,20824.13,983366.07,33
H:\核心存储\档案馆\跳舞 2019至今\2024\HyperSpace\locking,mmexport1690375741989.mp4,49718.94,983366.07,33
H:\核心存储\档案馆\跳舞 2019至今\2024\HyperSpace\locking,mmexport1690861351890.mp4,23857.81,983366.07,33
H:\核心存储\档案馆\跳舞 2019至今\2024\HyperSpace\locking,mmexport1690988908250.mp4,21420.53,983366.07,33
H:\核心存储\档案馆\跳舞 2019至今\2024\HyperSpace\locking,mmexport1691158158355.mp4,18551.13,983366.07,33
H:\核心存储\档案馆\跳舞 2019至今\2024\HyperSpace\locking,mmexport1691759080978.mp4,29705.49,983366.07,33
H:\核心存储\档案馆\跳舞 2019至今\2024\HyperSpace\locking,mmexport1691759128886.mp4,18843.15,983366.07,33
H:\核心存储\档案馆\跳舞 2019至今\2024\HyperSpace\locking,mmexport1720622819231.mp4,51203.22,983366.07,33
H:\核心存储\档案馆\跳舞 2019至今\2024\HyperSpace\locking,mmexport1720622830747.mp4,54328.95,983366.07,33
H:\核心存储\档案馆\跳舞 2019至今\2024\HyperSpace\locking,mmexport1720741828866.mp4,18355.66,983366.07,33
H:\核心存储\档案馆\跳舞 2019至今\2024\HyperSpace\locking,mmexport1720879711830.mp4,32817.88,983366.07,33
H:\核心存储\档案馆\跳舞 2019至今\2024\HyperSpace\locking,mmexport1721134597041.mp4,59558.56,983366.07,33
H:\核心存储\档案馆\跳舞 2019至今\2024\HyperSpace\locking,mmexport1721306503171.mp4,31239.16,983366.07,33
H:\核心存储\档案馆\跳舞 2019至今\2024\HyperSpace\locking,mmexport1721306579386.mp4,41174.51,983366.07,33
H:\核心存储\档案馆\跳舞 2019至今\2024\HyperSpace\locking,mmexport1721533650397.mp4,48958.63,983366.07,33
H:\核心存储\档案馆\跳舞 2019至今\2024\HyperSpace\locking,mmexport1721533709391.mp4,54751.46,983366.07,33
H:\核心存储\档案馆\跳舞 2019至今\2024\HyperSpace\locking,mmexport1721533738744.mp4,57970.68,983366.07,33
H:\核心存储\档案馆\跳舞 2019至今\2024\HyperSpace\locking,mmexport1721805937921.mp4,30323.05,983366.07,33
H:\核心存储\档案馆\跳舞 2019至今\2024\HyperSpace\locking,mmexport1721815840964.mp4,40392.08,983366.07,33
H:\核心存储\档案馆\跳舞 2019至今\2024\HyperSpace\locking,mmexport1722084868228.mp4,21633.74,983366.07,33
H:\核心存储\档案馆\跳舞 2019至今\2024\HyperSpace\locking,mmexport1722458246096.mp4,22947.99,983366.07,33
H:\核心存储\档案馆\跳舞 2019至今\2024\HyperSpace\locking,mmexport1722458276519.mp4,23100.97,983366.07,33
H:\核心存储\档案馆\跳舞 2019至今\2024\HyperSpace\locking,mmexport1722528343458.mp4,20829.54,983366.07,33
H:\核心存储\档案馆\跳舞 2019至今\2024\HyperSpace\locking,mmexport1722528371666.mp4,19890.77,983366.07,33
H:\核心存储\档案馆\跳舞 2019至今\2024\HyperSpace\locking,mmexport1722688771942.mp4,17066.75,983366.07,33
H:\核心存储\档案馆\跳舞 2019至今\2024\HyperSpace\locking,mmexport1722688801540.mp4,18960.23,983366.07,33
H:\核心存储\档案馆\跳舞 2019至今\2024\HyperSpace\locking,mmexport1724322846924.mp4,31706.72,983366.07,33
H:\核心存储\档案馆\跳舞 2019至今\2024\HyperSpace\locking,mmexport1724540561572.mp4,17796.17,983366.07,33
H:\核心存储\档案馆\跳舞 2019至今\2024\HyperSpace\souldance,mmexport1720622939784.mp4,118153.72,1118556.63,18
H:\核心存储\档案馆\跳舞 2019至今\2024\HyperSpace\souldance,mmexport1720622999562.mp4,77373.85,1118556.63,18
H:\核心存储\档案馆\跳舞 2019至今\2024\HyperSpace\souldance,mmexport1720623013223.mp4,14369.51,1118556.63,18
H:\核心存储\档案馆\跳舞 2019至今\2024\HyperSpace\souldance,mmexport1720800761629.mp4,47200.51,1118556.63,18
H:\核心存储\档案馆\跳舞 2019至今\2024\HyperSpace\souldance,mmexport1720978308650.mp4,37618.71,1118556.63,18
H:\核心存储\档案馆\跳舞 2019至今\2024\HyperSpace\souldance,mmexport1721146824256.mp4,68903.58,1118556.63,18
H:\核心存储\档案馆\跳舞 2019至今\2024\HyperSpace\souldance,mmexport1721417639578.mp4,32049.19,1118556.63,18
H:\核心存储\档案馆\跳舞 2019至今\2024\HyperSpace\souldance,mmexport1721723040851.mp4,58175.91,1118556.63,18
H:\核心存储\档案馆\跳舞 2019至今\2024\HyperSpace\souldance,mmexport1721785036620.mp4,41586.39,1118556.63,18
H:\核心存储\档案馆\跳舞 2019至今\2024\HyperSpace\souldance,mmexport1722009693526.mp4,77816.5,1118556.63,18
H:\核心存储\档案馆\跳舞 2019至今\2024\HyperSpace\souldance,mmexport1722191737549.mp4,73614.71,1118556.63,18
H:\核心存储\档案馆\跳舞 2019至今\2024\HyperSpace\souldance,mmexport1722676227059.mp4,88772.61,1118556.63,18
H:\核心存储\档案馆\跳舞 2019至今\2024\HyperSpace\souldance,mmexport1722676238614.mp4,83736.69,1118556.63,18
H:\核心存储\档案馆\跳舞 2019至今\2024\HyperSpace\souldance,mmexport1723227286707.mp4,52221.72,1118556.63,18
H:\核心存储\档案馆\跳舞 2019至今\2024\HyperSpace\souldance,mmexport1723571625970.mp4,32194.33,1118556.63,18
H:\核心存储\档案馆\跳舞 2019至今\2024\HyperSpace\souldance,mmexport1723905706286.mp4,42100.71,1118556.63,18
H:\核心存储\档案馆\跳舞 2019至今\2024\HyperSpace\souldance,mmexport1723905729671.mp4,35761.88,1118556.63,18
H:\核心存储\档案馆\跳舞 2019至今\2024\HyperSpace\souldance,mmexport1724077403402.mp4,136906.11,1118556.63,18
H:\核心存储\档案馆\跳舞 2019至今\大三\ACD\空翻课,1.mp4,2216.0,28108.06,7
H:\核心存储\档案馆\跳舞 2019至今\大三\ACD\空翻课,2.mp4,1930.41,28108.06,7
H:\核心存储\档案馆\跳舞 2019至今\大三\ACD\空翻课,3.mp4,2164.94,28108.06,7
H:\核心存储\档案馆\跳舞 2019至今\大三\ACD\空翻课,4.mp4,1436.39,28108.06,7
H:\核心存储\档案馆\跳舞 2019至今\大三\ACD\空翻课,5.mp4,2308.49,28108.06,7
H:\核心存储\档案馆\跳舞 2019至今\大三\ACD\空翻课,合照.jpg,1732.92,28108.06,7
H:\核心存储\档案馆\跳舞 2019至今\大三\ACD\空翻课,示范.mp4,16318.91,28108.06,7
H:\核心存储\档案馆\跳舞 2019至今\大三\练舞,mmexport1645897530920.mp4,4642.49,6602144.4,18
H:\核心存储\档案馆\跳舞 2019至今\大三\练舞,VID_20220225_210909.mp4,219568.05,6602144.4,18
H:\核心存储\档案馆\跳舞 2019至今\大三\练舞,VID_20220228_223224(0)(0).mp4,45904.31,6602144.4,18
H:\核心存储\档案馆\跳舞 2019至今\大三\练舞,VID_20220228_223224.mp4,735906.21,6602144.4,18
H:\核心存储\档案馆\跳舞 2019至今\大三\练舞,VID_20220301_221906.mp4,437438.29,6602144.4,18
H:\核心存储\档案馆\跳舞 2019至今\大三\练舞,VID_20220304_210624.mp4,872364.5,6602144.4,18
H:\核心存储\档案馆\跳舞 2019至今\大三\练舞,VID_20220304_211650.mp4,131874.64,6602144.4,18
H:\核心存储\档案馆\跳舞 2019至今\大三\练舞,VID_20220304_212313.mp4,907497.15,6602144.4,18
H:\核心存储\档案馆\跳舞 2019至今\大三\练舞,VID_20220525_225759.mp4,142133.54,6602144.4,18
H:\核心存储\档案馆\跳舞 2019至今\大三\练舞,VID_20220525_230004.mp4,237264.95,6602144.4,18
H:\核心存储\档案馆\跳舞 2019至今\大三\练舞,VID_20220525_231537.mp4,173196.32,6602144.4,18
H:\核心存储\档案馆\跳舞 2019至今\大三\练舞,VID_20220527_205712.mp4,315232.67,6602144.4,18
H:\核心存储\档案馆\跳舞 2019至今\大三\练舞,VID_20220531_200358.mp4,446449.93,6602144.4,18
H:\核心存储\档案馆\跳舞 2019至今\大三\练舞,VID_20220531_200855.mp4,148219.97,6602144.4,18
H:\核心存储\档案馆\跳舞 2019至今\大三\练舞,VID_20220531_201322.mp4,551519.69,6602144.4,18
H:\核心存储\档案馆\跳舞 2019至今\大三\练舞,VID_20220531_202131.mp4,198028.53,6602144.4,18
H:\核心存储\档案馆\跳舞 2019至今\大三\练舞,VID_20220531_202410.mp4,629460.43,6602144.4,18
H:\核心存储\档案馆\跳舞 2019至今\大三\练舞,VID_20220531_205044.mp4,405442.74,6602144.4,18
H:\核心存储\档案馆\跳舞 2019至今\高三\DBJ,我.jpg,2402.11,3231.93,2
H:\核心存储\档案馆\跳舞 2019至今\高三\DBJ,练习.jpg,829.82,3231.93,2
H:\核心存储\档案馆\跳舞 2019至今\高三\DBJ\hiphop,1.mp4,3342.68,11991.87,4
H:\核心存储\档案馆\跳舞 2019至今\高三\DBJ\hiphop,2.mp4,3444.07,11991.87,4
H:\核心存储\档案馆\跳舞 2019至今\高三\DBJ\hiphop,3.mp4,1920.8,11991.87,4
H:\核心存储\档案馆\跳舞 2019至今\高三\DBJ\hiphop,4.mp4,3284.32,11991.87,4
H:\核心存储\档案馆\跳舞 2019至今\高三\DBJ\urban,0.mp4,3625.5,86657.83,22
H:\核心存储\档案馆\跳舞 2019至今\高三\DBJ\urban,1.mp4,4604.59,86657.83,22
H:\核心存储\档案馆\跳舞 2019至今\高三\DBJ\urban,10.mp4,2605.21,86657.83,22
H:\核心存储\档案馆\跳舞 2019至今\高三\DBJ\urban,11.mp4,2887.41,86657.83,22
H:\核心存储\档案馆\跳舞 2019至今\高三\DBJ\urban,12.mp4,3018.31,86657.83,22
H:\核心存储\档案馆\跳舞 2019至今\高三\DBJ\urban,13.mp4,3923.46,86657.83,22
H:\核心存储\档案馆\跳舞 2019至今\高三\DBJ\urban,14.mp4,8545.56,86657.83,22
H:\核心存储\档案馆\跳舞 2019至今\高三\DBJ\urban,15.mp4,5044.62,86657.83,22
H:\核心存储\档案馆\跳舞 2019至今\高三\DBJ\urban,16.mp4,3577.75,86657.83,22
H:\核心存储\档案馆\跳舞 2019至今\高三\DBJ\urban,17.mp4,4185.05,86657.83,22
H:\核心存储\档案馆\跳舞 2019至今\高三\DBJ\urban,18.mp4,3613.64,86657.83,22
H:\核心存储\档案馆\跳舞 2019至今\高三\DBJ\urban,19.mp4,4069.45,86657.83,22
H:\核心存储\档案馆\跳舞 2019至今\高三\DBJ\urban,2.mp4,4213.01,86657.83,22
H:\核心存储\档案馆\跳舞 2019至今\高三\DBJ\urban,20.mp4,3701.49,86657.83,22
H:\核心存储\档案馆\跳舞 2019至今\高三\DBJ\urban,21.mp4,3387.25,86657.83,22
H:\核心存储\档案馆\跳舞 2019至今\高三\DBJ\urban,3.mp4,4604.59,86657.83,22
H:\核心存储\档案馆\跳舞 2019至今\高三\DBJ\urban,4.mp4,2085.42,86657.83,22
H:\核心存储\档案馆\跳舞 2019至今\高三\DBJ\urban,5.mp4,2556.84,86657.83,22
H:\核心存储\档案馆\跳舞 2019至今\高三\DBJ\urban,6.mp4,3788.57,86657.83,22
H:\核心存储\档案馆\跳舞 2019至今\高三\DBJ\urban,7.mp4,3705.57,86657.83,22
H:\核心存储\档案馆\跳舞 2019至今\高三\DBJ\urban,8.mp4,3438.2,86657.83,22
H:\核心存储\档案馆\跳舞 2019至今\高三\DBJ\urban,9.mp4,5476.34,86657.83,22
H:\核心存储\档案馆\跳舞 2019至今\高三\DBJ\爵士,1.mp4,4059.2,10047.84,3
H:\核心存储\档案馆\跳舞 2019至今\高三\DBJ\爵士,2.mp4,2415.23,10047.84,3
H:\核心存储\档案馆\跳舞 2019至今\高三\DBJ\爵士,3.mp4,3573.41,10047.84,3
H:\核心存储\档案馆\跳舞 2019至今\高三\DBJ\结课视频,095233230719dc460843019210.mp4,14782.59,30771.38,4
H:\核心存储\档案馆\跳舞 2019至今\高三\DBJ\结课视频,1.mp4,1675.18,30771.38,4
H:\核心存储\档案馆\跳舞 2019至今\高三\DBJ\结课视频,112624220719dc460844193182.mp4,11958.49,30771.38,4
H:\核心存储\档案馆\跳舞 2019至今\高三\DBJ\结课视频,220657310719dc46084763126.mp4,2355.13,30771.38,4
H:\核心存储\档案馆\跳舞 2019至今\高三\DBJ\韩舞,1.mp4,21113.74,272936.36,26
H:\核心存储\档案馆\跳舞 2019至今\高三\DBJ\韩舞,10.mp4,9469.44,272936.36,26
H:\核心存储\档案馆\跳舞 2019至今\高三\DBJ\韩舞,11.mp4,10892.41,272936.36,26
H:\核心存储\档案馆\跳舞 2019至今\高三\DBJ\韩舞,12.mp4,9011.91,272936.36,26
H:\核心存储\档案馆\跳舞 2019至今\高三\DBJ\韩舞,13.mp4,4745.91,272936.36,26
H:\核心存储\档案馆\跳舞 2019至今\高三\DBJ\韩舞,14.mp4,12259.19,272936.36,26
H:\核心存储\档案馆\跳舞 2019至今\高三\DBJ\韩舞,15.mp4,9312.8,272936.36,26
H:\核心存储\档案馆\跳舞 2019至今\高三\DBJ\韩舞,16.mp4,10396.87,272936.36,26
H:\核心存储\档案馆\跳舞 2019至今\高三\DBJ\韩舞,17.mp4,10667.14,272936.36,26
H:\核心存储\档案馆\跳舞 2019至今\高三\DBJ\韩舞,18.mp4,4550.18,272936.36,26
H:\核心存储\档案馆\跳舞 2019至今\高三\DBJ\韩舞,19.mp4,5201.08,272936.36,26
H:\核心存储\档案馆\跳舞 2019至今\高三\DBJ\韩舞,2.mp4,14121.47,272936.36,26
H:\核心存储\档案馆\跳舞 2019至今\高三\DBJ\韩舞,20.mp4,13740.67,272936.36,26
H:\核心存储\档案馆\跳舞 2019至今\高三\DBJ\韩舞,21.mp4,4365.42,272936.36,26
H:\核心存储\档案馆\跳舞 2019至今\高三\DBJ\韩舞,22.mp4,4719.07,272936.36,26
H:\核心存储\档案馆\跳舞 2019至今\高三\DBJ\韩舞,23.mp4,13878.5,272936.36,26
H:\核心存储\档案馆\跳舞 2019至今\高三\DBJ\韩舞,24.mp4,14392.72,272936.36,26
H:\核心存储\档案馆\跳舞 2019至今\高三\DBJ\韩舞,25.mp4,13931.76,272936.36,26
H:\核心存储\档案馆\跳舞 2019至今\高三\DBJ\韩舞,26.mp4,11870.08,272936.36,26
H:\核心存储\档案馆\跳舞 2019至今\高三\DBJ\韩舞,3.mp4,14051.74,272936.36,26
H:\核心存储\档案馆\跳舞 2019至今\高三\DBJ\韩舞,4.mp4,10387.1,272936.36,26
H:\核心存储\档案馆\跳舞 2019至今\高三\DBJ\韩舞,5.mp4,13106.73,272936.36,26
H:\核心存储\档案馆\跳舞 2019至今\高三\DBJ\韩舞,6.mp4,13070.92,272936.36,26
H:\核心存储\档案馆\跳舞 2019至今\高三\DBJ\韩舞,7.mp4,13194.87,272936.36,26
H:\核心存储\档案馆\跳舞 2019至今\高三\DBJ\韩舞,8.mp4,4504.55,272936.36,26
H:\核心存储\档案馆\跳舞 2019至今\高三\DBJ\韩舞,9.mp4,5980.08,272936.36,26
H:\核心存储\档案馆\跳舞 2019至今\高三\N-one,1.mp4,4229.37,58626.68,14
H:\核心存储\档案馆\跳舞 2019至今\高三\N-one,10.mp4,6162.48,58626.68,14
H:\核心存储\档案馆\跳舞 2019至今\高三\N-one,11.mp4,13236.99,58626.68,14
H:\核心存储\档案馆\跳舞 2019至今\高三\N-one,12.mp4,3990.49,58626.68,14
H:\核心存储\档案馆\跳舞 2019至今\高三\N-one,13.mp4,3512.41,58626.68,14
H:\核心存储\档案馆\跳舞 2019至今\高三\N-one,14.mp4,2674.97,58626.68,14
H:\核心存储\档案馆\跳舞 2019至今\高三\N-one,2.mp4,3773.07,58626.68,14
H:\核心存储\档案馆\跳舞 2019至今\高三\N-one,3.mp4,3314.9,58626.68,14
H:\核心存储\档案馆\跳舞 2019至今\高三\N-one,4.mp4,4400.45,58626.68,14
H:\核心存储\档案馆\跳舞 2019至今\高三\N-one,5.mp4,1706.67,58626.68,14
H:\核心存储\档案馆\跳舞 2019至今\高三\N-one,6.mp4,1509.46,58626.68,14
H:\核心存储\档案馆\跳舞 2019至今\高三\N-one,7.mp4,2582.96,58626.68,14
H:\核心存储\档案馆\跳舞 2019至今\高三\N-one,8.mp4,4521.11,58626.68,14
H:\核心存储\档案馆\跳舞 2019至今\高三\N-one,9.mp4,3011.37,58626.68,14
